date,momentum_12m,momentum_6m,momentum_3m,reversal_1m,volatility_3m,volatility_1m,size,value,profitability,quality,roe,growth,earnings_yield,leverage,liquidity
2015-01-07,0.01003813503546811,0.0023998577449389578,0.00027518304240915954,-0.01470678111785467,0.0017143551536732502,-0.003654261148838299,0.014293914561802417,-0.008056694807187919,0.00715090576467251,0.0049101118742070115,0.006546505090545248,-0.012621461733996663,-0.0029977562881075125,-0.011429204228438385,0.0054992217924459815
2015-01-08,0.002945683192981675,0.002804821999073469,-0.0009876034359094996,0.013365573463156817,0.00042123894971019893,-0.0012103292676572753,-0.0020402699702317356,0.001932956342637883,-0.00393643928598962,0.002900426664881097,-0.003474230812974599,-0.0004754129307396396,-0.015029079101432563,-0.00881635871056844,0.0012408912578204998
2015-01-09,0.005793245300750614,0.00840995667592405,0.010061897569446874,0.010833135089872378,-0.008471563984942023,-0.005691300632222699,-0.010050641034243484,0.00879256487116794,-0.007318229677157133,-0.006450270218248776,-0.006569126569044629,0.0018587508898840056,-0.0047356556972610615,0.0025497688846948165,-0.005754271320970026
2015-01-12,0.0009133206533335856,0.007114471611965501,0.009226681637445755,0.005662407582940351,-0.020909309981775946,-0.02365241519746992,7.911494641873844e-05,0.003854680554007932,-0.0027872578100677178,0.0001425427097047037,-0.0030212912497526705,0.003730827316546944,-0.00013132474105874512,0.0014782854634417203,0.0004604798604728212
2015-01-13,-0.0012261638838999677,0.006352667599841725,-0.003142291904801522,0.0024761211394998305,-0.005912867467812102,-0.006634176511815543,-0.00017744622525506844,-0.00045118774355231567,0.0005879314573007475,0.0051385768553213924,0.002481064060150356,-0.0016250607176655175,0.0021436213585988395,-3.9387887228456604e-05,0.0013465922489256672
2015-01-14,-0.0059018922890211566,-0.014977427132062581,-0.013525767200099747,-0.0010300755657069007,-0.01349483026705986,-0.011145806467827198,0.00991351764647286,-0.0024007775504162193,-0.016149181204968954,0.006694558019480901,-0.00841546831787602,0.007178545134921459,0.00995590610724448,0.009528611487298918,-0.005717098263893901
2015-01-15,0.00041749040423153666,-0.0020737498687380847,-0.003643888093837623,-0.01053291294658853,0.01517832627639851,0.012480184489514504,0.004928791743139255,-0.010674629608082764,0.004786997728168062,0.002309160292610201,0.0028067007172840573,-0.005841978662278624,0.010444012617665555,0.004802398968204766,0.007283399799861626
2015-01-16,0.017894297959784387,0.015807523382969528,0.017031700251556335,0.015029808153205215,0.0015256214727109073,0.0007234350927645787,0.01244389733517226,-0.004868085545218125,0.014838853610680984,0.007665803766367749,0.015619447481483875,-0.008847564378236215,-0.005875579444100987,-0.015882086797501915,0.008641981039014862
2015-01-20,-0.004171703205454861,-0.011543793897911487,-0.008175271373375476,-0.00602154643156039,0.00042017213139634337,0.0021954467739213205,0.004362834662342736,-0.0011001657945649231,0.0017605014986843209,-0.0006286125373253207,0.004020365154436101,-0.003025545475957479,0.009191184126210809,0.0027820525045492792,0.0027671861925151822
2015-01-21,0.0013201340854152935,0.008858820416597302,0.0029446566870586117,0.0008899976987916981,0.0015776377006484488,-0.0007235656082386268,-0.0016533305184229172,-4.287611061653748e-05,-0.005838196294491343,-0.008937057094517796,0.0006103249252871132,0.0009824308371528638,-0.005682579656283226,0.005491364239147053,0.003302903264096964
2015-01-22,0.008739726787483497,0.011803904547861885,0.009198902828973721,0.0061162639112536474,-0.008404849229786042,-0.005853059939747337,0.0020828146098830795,0.004773465346582418,0.001989133268100193,0.006245945936142676,0.008886466819945628,0.00035098413295130615,-0.007127754693267532,-0.008053963086250138,0.002062063994911433
2015-01-23,-0.003908829950330267,-0.006554087642464948,-0.004663030561982061,-0.011792265063799504,0.00655078749745261,0.006327808483033653,-0.0015262596520070983,-0.0003440654574507025,0.0026941734916836038,-0.0011098413233973335,-0.0005598753287961418,-0.003534066430204442,0.0023589409395502825,-0.0027555827323253682,0.0015306001031731298
2015-01-26,-0.005966681503715637,-0.012178550916217503,-0.001960445186701445,-0.0011370824708461253,0.002730092980343108,0.0008978245460505704,-0.013559827045113517,0.007786411803445877,-0.008194113360576166,-0.011645386841410182,-0.010582431119067278,0.003910783211993311,-0.005015266081823291,0.0009035987530902883,-0.0040277370245813526
2015-01-27,0.014709820141549989,0.014092553012560998,0.011499717220082088,0.012550566627486619,-0.005548263436635278,-0.004256396327072155,-0.004239361062636118,0.00829660375490451,0.005141773882666907,0.003362902876196186,0.002690337414282939,-0.0007063378210026682,-0.005694401484327875,-0.01158101676553208,-0.0060192652042295215
2015-01-28,0.006647270111530416,0.006386724307235438,0.0015156328794145128,-0.0025152229634526095,-0.0010857303210482306,-0.005249887658848073,0.005119046421116678,-0.0027961361759884975,0.0030913887287874423,0.0010896212102235632,0.006513838217001542,0.006199071013553367,-0.007966450102197022,-0.00809348375652279,0.0017656979200748194
2015-01-29,-0.01220429708633715,-0.0068556202557944045,-0.0019322830108237654,0.008047738024906782,-0.007224163830583311,-0.005689744246218844,-0.0060046469649448955,0.010851362191337206,-0.013556399465254923,-0.0013781186645110202,-0.01075975150802659,-0.004727697179442592,0.00019273363971799434,0.0089149444634336,-0.003302372641467514
2015-01-30,-0.004554429744187507,-0.0043179250968020865,-0.004628272764953562,-0.011033172313569418,-0.0062591197514995645,-0.0036306027926061597,0.010219243723009239,-0.00252788138798787,-0.005974308385327633,-0.0028533865575919833,0.0035849665666010905,0.001067882667970959,0.012988286047847967,0.01076917841478471,0.008795448252958703
2015-02-02,-0.020507080228907522,-0.02235199065905573,-0.02791978650388091,-0.01887807033153532,0.007819345254739108,0.008344198595317449,0.007888250562403491,-0.007856678454948158,-0.00015463548737844508,0.0005503973475010516,-0.002243631534884971,0.005732644723771822,0.0057684520169064765,0.0005562989930263541,0.004316909355044526
2015-02-03,0.0011964123807513805,0.00429314677035032,0.0076548706378417935,0.005273641877735106,0.004159315836729921,0.0023985199382747517,-0.0016391065429552545,-0.006624196726235789,-0.0014334608651266284,-0.0019460535132873034,-0.005736374712368639,-0.004335457212640139,-0.008918628027168448,-0.007249478586051447,0.005010963060543803
2015-02-04,-0.008065949375320958,-0.011126036769090962,-0.007094726523686966,-0.006242654992125472,0.012689308085721974,0.007475830684455724,0.0019401342053534509,-0.007242064882997902,0.0018567260218959013,0.003109530261224248,-0.007956954039200942,-0.002593860415915597,0.0016909847361941763,-0.0029118997614421428,0.005291418665223471
2015-02-05,-0.010328168236821323,-0.009322790845852434,-0.006274868454266173,-0.004761033611238144,0.007860136406594618,0.009491175697734191,-0.0027867130975836743,-0.003758285332660471,0.00450236854635567,-0.005548835025962814,0.0011126122886660713,-0.0038469399030755533,0.008323322751288813,0.005867272968142366,-0.008991359338296026
2015-02-06,-0.006966065508395946,-0.0027573206066008877,0.003726090588598109,0.008443439387173943,0.0011140176349918067,0.004026295790371244,-0.00489126618655716,0.007416397578362176,-0.003011149981823248,0.003254935052291311,-0.0012055921071078175,-0.004880951533233012,0.0023998098681970942,0.0012550686829879113,-0.0079118350942521
2015-02-09,0.016079928655198958,0.010174568531412818,0.0005225476499095671,-0.0006875295438571096,0.005348730354423561,-0.0006839446494450829,0.013625995213337221,-0.00738270197059358,0.010346550501033554,0.0007282335965414768,0.016144315236015394,-0.007961813337832066,0.004180811053295579,-0.01077016479216745,0.012814318396707281
2015-02-10,0.004789895613893994,0.007407171040479432,0.00693963171940145,0.008309062826215416,-0.006457616575513672,-0.006961119231803735,0.002023957462183388,0.0004902653269716821,-0.0023956731346027457,0.006064414681771044,0.0010287770959126826,0.007249149814238669,0.0025695598217550433,0.0014509859117620033,0.0025567108631514364
2015-02-11,-0.0070529186486601066,-0.0074380095947068,-0.010192075116971257,-0.00865780172014017,0.0034222023789405778,0.005173232623538124,0.007026054149166364,-0.010839593808232321,0.002256012262141697,0.004802882293825561,-0.004545071064851271,0.0022155163483018256,-0.006479228613433174,-0.010967357667405898,0.005025737750312482
2015-02-12,-0.013657621513167786,-0.019066347394432668,-0.02040475432160164,-0.0028107078453508683,0.013462297569412722,0.012451055040486585,-0.004838482710469882,-0.011269321886329689,-0.0028719160417245426,-0.005617218192464381,-0.004798699021309898,0.0017242915338578214,-0.00038625364762360104,0.0004986119878628145,-0.002188985260798103
2015-02-13,0.008936297180145556,0.0017460835929505336,0.003158289025654047,-0.0033755602615075353,0.0033848847173490277,0.002657351011849188,0.005820193200487326,0.0008124875504008475,0.008200997677527543,0.00845126154340061,0.0016915645480129274,-0.0061470428202553724,0.003615695344111499,-0.004181290030554861,0.003611066263355162
2015-02-17,0.0034874188277181626,0.0028203808574914836,0.0030056069026675077,-0.006490655924533374,-0.003073718601770172,-0.0019596698691050542,0.004213356900175322,-0.003508460258439086,0.0034506836719876833,2.7960168013365424e-05,0.0012590055097936488,-0.0006843718827760768,-0.001043411831890057,-0.0022061185277335816,0.003911956406492942
2015-02-18,-0.004359275672223679,-0.0010217958600565766,-0.0026851930681806315,0.005694825995213645,0.012125948501552856,0.0053238628405278795,-0.0016665240333870266,-0.0022592842615168536,0.009047201747421288,-0.006843393875644831,0.003628443948101634,-0.00384897523012546,0.0020741207504935107,-0.0034122675982119688,-0.002906004264241132
2015-02-19,0.012171833141370632,0.013030206558270216,0.00924322200408969,-0.0008178410546980886,-0.003059225606249035,0.00031095830106482375,0.005632923185434419,-0.010707411464159553,0.006336349165838543,-0.00020458670905564242,0.005235189831333958,-0.0030983788832855685,-0.0036759815120580956,-0.004826141771834731,0.005496575967403853
2015-02-20,0.006371186197167229,0.0026329547458095633,0.000839027483214931,-0.001421414688173233,0.0038296873528261013,0.004330853035438351,0.0023298532927077923,-0.004868648162789488,0.00641245636694476,0.004900572895941354,0.0014389806716830211,-0.0026640390568292557,0.0024354081146444415,-0.006293802029804504,0.0008581462512692228
2015-02-23,-0.0038340405805352053,0.00017954919458165308,-0.00145885423748869,0.001523470863051333,0.012332948982981536,0.003501138368050786,-0.0038544439325011314,0.00576345845220079,0.005755403439473959,-0.007878518214110038,0.004234846578852553,-0.0003729721937175165,0.004877628603400986,0.0006471619441116875,-0.0036953418593660874
2015-02-24,-0.010430215854863431,-0.011976117083593833,-0.005649592775540084,-0.0007951043858841693,0.00032023849203879397,-0.0005107565375208601,-0.010513344650507484,-8.690234377743908e-05,-0.006307162257280669,0.0015506642298655686,-0.009301729814197572,-0.002184886490233345,-0.008384935574072355,-0.0009841793149285806,-0.00861019246097346
2015-02-25,0.010461540680627858,0.005796370948230714,0.0010395082365704349,0.011543551767702238,0.001314231653515918,-0.007253305654128462,5.55549831178343e-05,-0.005161688538473199,-0.008230044074260189,-0.010310104599977788,-0.011490882985481227,-0.004854797640965806,-0.011987407211741392,-0.007611245918502756,0.00659932691269088
2015-02-26,0.0022474045869752867,0.005611511429141452,0.00832861490484563,-0.0005413464167461357,-0.004627875917371501,-0.0019836278345193217,-0.00851652588314454,0.004994310629626628,-0.003078496500739304,-0.003729004796285012,-0.0012549669216944228,0.0023550747615370213,-0.00456098371694524,0.002589458062802629,-0.001028772712291392
2015-02-27,0.0001746130175705584,0.0061893640334146054,0.006240644867439199,-0.0019555188251275755,0.01040297255043077,0.005838607820029242,0.0021425279178869574,-0.00270700930827455,0.006662607930937256,-0.005390727843506615,-0.007869723374085988,-0.0038416826866607065,-0.0028419906135508793,-0.009711530852740262,-0.006597700142881439
2015-03-02,-0.004805283401293968,-0.012956773091771874,-0.008716137484489002,-0.006601735321189795,-0.007387453963908584,-0.006585711159965772,-0.0008029165555154356,0.00736512214519785,-0.005142846475760921,0.006027507088534208,0.0007056524521677314,0.009252396650777317,0.010038797143285351,0.013048944251597623,-0.0029084492262979097
2015-03-03,0.00518041442201674,0.021670677596780534,0.00981856681490568,0.010244351224371322,0.014161005556706675,0.005032936828477503,0.003408655219225602,-0.008959973071825932,0.011971270298975451,0.006546543355013136,0.008429542991078686,-0.0033839625642372584,0.0072945086462080635,-0.0088766078362322,0.0014020401315827024
2015-03-04,-0.009879396954859261,-0.0055324550826952226,-0.0017754936500143778,0.0018496120160233292,0.0012475965638389227,-0.002409550861855245,0.002763961668797303,0.0012537451135865721,-0.002180441030085826,-0.001496979790810374,0.0013563709139774098,0.009272590464221683,0.0029420615760856663,0.0017194505105909872,-0.005169858251166171
2015-03-05,-0.001286938482138596,-0.004912756360005235,-0.009705399326009306,-0.0021575479243015443,-0.001940781071431339,-0.012084541459570622,-0.0036381009603508666,0.006480871586219255,-0.0030838832429297084,-0.0011567649144759926,-0.002455887741846085,0.007447971561811,0.002654452547942115,0.0029035139738054945,-0.004681587906207665
2015-03-06,0.0176900668546748,0.01057020402041559,0.004842875292712316,0.0016311033647826295,-0.011550773519507751,-0.011118524852555786,0.00857754355433809,-0.008361910956896729,0.0007913777628297577,0.001759764015815087,0.003567078188501836,0.007286696144382455,-0.0039575623008098115,-0.005100030400268008,0.003216818835653791
2015-03-09,0.0025627014456201785,-0.002583953933719043,-0.0012759993009331377,-0.0037922625929781052,-0.001416835030275062,0.00740211397557726,-0.008793595597961418,0.013820935493509517,-0.004324256912262622,0.0024744258394849596,-0.003914430941302819,0.0009880762426494986,-0.0028837672004794514,0.005299452605423532,-0.0067773734559018455
2015-03-10,-0.0050794037658606125,-0.00422441893389435,0.0008180837045900667,0.0024859836337445783,0.012855015593368303,0.014148192519784171,-0.0003485510520436863,-0.008493296632433239,-0.0036324431808435215,-0.0077949257597686485,-0.0071819677918007006,0.0011379985791171018,-0.0063277437938600595,0.00015908588927778314,0.003478296475627886
2015-03-11,-0.007724263886746874,-0.006091083711357546,-0.019000067639525546,-0.004503229769100918,-0.0003960059375367232,-0.002093058207413758,-0.003462621428324446,0.007234500393685421,-0.0018156442942798123,-0.0013361140319852194,-0.0020897518819192537,0.00923812740480665,-0.0018099121461013917,0.00497916067475181,-0.01042432800378475
2015-03-12,0.009849585160489713,0.007484597074695971,-0.0022317336342449106,0.002190441836953415,-0.008238471250315852,-0.00949750374862329,-0.0009340462675934188,0.008545774073047676,-0.002991163144045128,-0.0010371758487343263,-0.0019300307458717456,-0.0021709401686396007,-0.003626989575106087,0.0020253869205927163,0.0007038356666145013
2015-03-13,0.014952145881903805,0.01827076338540041,0.007674042579398007,0.010556798148642268,-0.009246590796731936,-0.011691258209019763,0.014732063153552315,-0.01263521055908336,0.00570350752206999,0.0024336558895200686,0.008396917912701772,-0.000548115306509076,-0.004771715085954273,-0.01051048222263038,0.008699291554652976
2015-03-16,0.0004474405854504042,0.003380166928655608,-0.0004573067457452865,-0.0023274932659641126,0.004755943582304172,0.0026149416243000934,-0.001050049867132375,-0.004003011214658177,0.0022698944800312888,0.002856698849826283,0.010078144547498624,-0.006778842028670667,-0.004329179134932841,-0.004421573877815218,0.006089769433861102
2015-03-17,0.005915482710602077,-0.00016131526508356663,-0.0007316598150757282,-0.002622692497341041,0.004184157901303224,0.004637538022512058,0.0050324315908714876,-0.012082064639957252,0.003061139416170325,-0.0031784623519275686,-0.007919622875226896,-0.0019860330658991697,-0.011984040189074497,-0.011036326397885349,0.008244884673801071
2015-03-18,0.01038993560965276,0.013922566624181627,0.010550351965796092,0.010031235198646644,-0.0012719677359500675,0.003206525133483998,-0.0008545019869216322,0.00444316266034982,0.0015490104564529028,0.0007556860630095105,0.001207519589870942,-0.003686487984418103,-0.014521182570715127,-0.01270587998239902,0.0043692529018405915
2015-03-19,-0.006095829588321649,-0.003697631437321528,-0.0013083754860158964,-0.0021910728514093272,-0.003315608765738798,0.0030754059775480657,0.00827053499612336,-0.00869018651666114,0.0034956319744403695,-0.0014812360812304862,0.0009522716160605856,-0.0005461937642920389,0.01069507097735483,0.00386842156104832,0.0019113874081516744
2015-03-20,0.006372872750127039,-0.005095222338325706,-0.007801280031278131,-0.007568326078315503,0.0018573809615441738,0.004096262887013835,-0.003233551731547299,0.009669728027853985,0.0006564037677377072,-0.0027183322736524388,-0.0016525964131393345,0.005696244359639864,-0.003241812283029154,-0.002545936328114735,-0.00034277709725125257
2015-03-23,-0.00321316166825105,0.004675916878867309,0.00843421277973149,-0.0026262504347404326,0.013878702339784369,0.007911822812208879,-0.014055376618084578,0.0059880039579351015,0.003981804718366517,-0.007039019090826544,-0.0071010759102448084,0.00012665255665128121,0.000274339041245417,1.8306643252032095e-05,-0.010984300277293442
2015-03-24,-0.020217620198873215,-0.018847329131647834,-0.017703545223608615,-0.007667638225154448,-0.008424617681424,-0.007485956599789977,-0.01733654098078154,0.017953282022657266,-0.0185286773675778,-0.0023225475538579433,-0.011720839937105187,0.007511914661078577,0.0017315186381890307,0.0194817263191997,-0.016472187316165357
2015-03-25,0.0048641847214888475,0.007919888152355527,0.008627091566019573,0.004836852012117211,-0.006739636726808993,-0.002721117805403514,-0.001761687724812837,0.0013896751742048805,0.005874901617343284,0.003804423110953477,0.004116885215350859,-0.00210196229666942,0.0016076288629278453,-0.004847299317478435,-0.0008398715617801652
2015-03-26,0.01811474060201773,0.017046393441815716,0.010808739891930565,0.006793794038920321,0.007359566498626585,0.006425006584514301,0.009749401189486914,-0.011657010793438949,0.011402173792051244,-0.004466331738667407,0.003946682765508098,-0.0032962073799496514,-0.00424855314692448,-0.017447799646365253,0.006604116815872537
2015-03-27,0.003662887735892415,-0.006333761385621832,-0.004689445149252158,-0.005859928656938114,0.001475375664854556,0.0001295224675866083,0.004914748534151907,0.0030232470948443075,0.0012186901197644776,0.0022089863869236923,0.008114869138259682,-0.0030059622647503215,0.0025263214003555887,-0.0003987092056013889,0.00604079631793381
2015-03-30,-0.006411124754843374,-0.012284381034947011,-0.0038903058102355533,-0.006633974726673757,-0.0021278524640618293,0.001521812924398258,-0.004487541682879925,0.008884446433999939,-0.0021693046093602276,0.0011202403744769345,0.0001810465079803373,0.004791510332935735,-0.0011099473589437307,0.0016787008628881038,-0.0014673402570499613
2015-03-31,-0.010831330404373899,-0.013817796479635954,-0.007931366143462898,-0.013794307434962298,0.005005429979757639,0.005329211301673731,-0.004912905014065468,0.00690723015771233,-0.006741953710164312,0.010295431814339003,-0.006853797809340561,-0.001603846228508168,0.007258187529649047,0.01307310684948097,-0.011627674563723205
2015-04-01,-0.011765641068718797,-0.006329667202744646,-0.004198653929352858,0.00035023245429336596,0.00685409467578829,0.00572712409471383,0.00534328318324467,-0.01154540577020768,0.006295545469396007,-0.000926818730282125,-0.00387156810522851,-0.0033938730057635823,0.006780986428165276,0.0035590349233678466,0.00483866390871439
2015-04-02,-0.013191231424556703,-0.01878438032049225,-0.0059765792435603204,-0.0013346516932820716,0.0017781973061714472,0.0067914084842146385,0.005899129356390146,-0.009798734548740681,0.003066276336239785,-1.1380222917393816e-05,0.0030419774079985546,0.0006163934921602013,0.00043225460038714275,-0.0012851202610609192,0.004372629985277786
2015-04-06,-0.006678349101470277,-0.0016133391040634515,-0.0168966004723027,-0.007302500993920363,0.012205213020845745,0.01106829603528353,-0.002354230857030761,-0.005949537162790213,0.0065134525514381324,0.0013221373303296436,0.003998082162473127,0.0014628912714168521,0.011431966606518455,0.004253539713958402,-0.009202448949827764
2015-04-07,0.016123581625438914,0.008511584733120095,0.012466278576652726,0.001046626121839104,-0.0011419214688322714,-0.001078126842756399,0.004694657325861377,0.0015101780618190508,0.005285959243684175,0.005350843330735883,0.0066196715148770175,-0.00013222742427595937,-0.004392093889981505,-0.011855364264847065,0.005110842154766359
2015-04-08,-0.002857585840512453,0.0023053716611379322,0.0033955874646711365,0.002056648522187813,0.005339656915741023,0.004546183955673901,-0.00034578407323354463,-0.007295944691846246,0.0032968171390578282,-0.006774577108007486,-0.004321875482198978,-0.006493064799065973,0.0007490545335233092,0.0005356810274928926,0.0038435006470882204
2015-04-09,0.002169683560972614,-0.00034952732614750405,-0.00417658570817009,-0.009896004027708228,0.005243508182497212,0.0054951377786293,9.285152920648389e-05,-0.0077304816037823305,0.0046991476091959175,0.0016121066572057747,0.006061138668927663,-0.0005072313972700583,0.0010166088819012513,-0.002185460193556827,0.006492142617878443
2015-04-10,0.0018242781119243697,-0.0034420061659398435,-0.005219029009018824,-0.005750630700921062,-0.0036414077665730864,-0.0038876099730158035,-0.0012952229274262508,0.008401079084878157,-0.008414263173086554,-0.00014513108456290068,-0.0032326609002148636,-0.00033303165712179504,-0.004645490920454478,0.004759108521484926,-0.0031068613460567087
2015-04-13,-0.0009754193580158281,-0.0036955257176422545,0.0009620784214007423,0.001043102241162632,-0.0017926168970105161,-0.0012597229300524869,0.001219521465940188,-0.007150399383693047,-0.00018065693984248857,-0.0007955319717871895,-0.0010165139504329668,-0.0007692002138798908,0.002585853928337169,0.0012783503871939728,0.002972198993819724
2015-04-14,-0.01783227690329654,-0.00921967871658524,-0.0014323942817087154,-1.3016064685004991e-05,0.016764467237798567,0.008801349189768267,-0.005314469191523734,0.0012814658078947024,0.0035431970941103164,-0.0035574081375207064,0.000510484820734583,-0.005381859697012767,0.0018490469151556978,-0.0015029067974043882,-9.342645069626392e-05
2015-04-15,0.006392737852205673,3.648289791768292e-05,0.0023974428046170007,0.004363806725549739,-0.002731050403359321,-0.0012606858971151184,0.001401060240150945,0.007367991654757665,-0.0054721697800071455,0.0045336196791908,0.0021847135217085223,-0.003372430323077703,-0.01293163861251567,-0.00347256487256022,0.004004674696660418
2015-04-16,-0.004105784117499733,-0.011227632653519067,-0.009670099943644794,-0.011490745226420062,0.0012024744321074256,0.007815677075826245,-0.013752954859715486,0.005911515483090941,-0.006610745848691485,-0.004590544583056146,-0.0060479344853832965,0.0008827232834273703,-2.244837359580837e-05,0.008738215406527527,-0.009864292048299144
2015-04-17,0.008607597670464437,0.0110957109507549,0.00848635257541192,0.004975875681547552,0.009908788009151695,0.006408692130569305,-0.0012575747601873428,-0.00610070807967562,0.005169091810019918,-0.0041168545094156855,-0.0002903261135891195,-0.0010131179915362984,0.000297075015812661,-0.0019414951892049196,0.0009764252959589288
2015-04-20,0.008521580151230541,0.0020407203955320153,-0.001060288932518898,-0.009397445235629126,-0.007689073958320061,-0.006679207368477286,0.007632075381127902,0.00031812356001416743,0.0037822788846251657,0.0028134809311898446,0.0064099471489478255,0.0028050432748594058,-0.004150937294815866,-0.0073762638809851105,0.0040782775856800955
2015-04-21,0.004075901038820943,-0.005742040145409269,0.0017621600634944894,-0.0060116088630854875,0.005104734715394183,0.006873327928598206,0.0019555399722639847,-0.009745812389027482,0.009266934022827654,-0.0016937075836136496,0.0063236559046768726,-0.0012726291098588908,0.0065518050513722805,-0.002912073479872412,0.006793185824268091
2015-04-22,-0.0012101590722618343,-0.005011371093013677,-0.00706877037412359,-6.888077103405291e-06,0.007611003240271903,0.0022797689958721015,-0.0021619507537065487,0.005854010949717071,0.004462351387543029,-0.0018893821021156464,0.0033113170683895287,-0.003193177702128395,-0.00188270156422571,-0.004640549729907212,-0.0005162662415181263
2015-04-23,0.008744052091259676,0.002128299849897093,-0.004701960868302626,0.0009380061736061472,-0.014047526617010576,-0.011651244239141633,0.0022024575357360065,0.005790660439907744,0.0007806246023372391,-0.001959099299001137,0.006161376700751319,0.004868912979725462,-0.0015395942539103624,-0.0018296364715281277,-0.0002541764454693422
2015-04-24,-0.022372580749170392,-0.02560340381400873,-0.017008459451780603,-0.013964103857633187,-0.010882343119654476,-0.0056762030961395185,0.00013723719125120944,-0.003519840053727682,-0.007274543965061495,0.0005047492999307153,-0.004841424877201325,0.008779884106062712,0.007494349561140487,0.011316220557579418,-0.0058593698684400765
2015-04-27,-0.004233048719915545,-0.003695736425826205,-0.006879491786556804,0.0017687592396348002,0.005133904588786792,0.0020556643182017987,-0.002709543735608795,0.006006543742047429,-0.01108326466545149,-0.005588221131213824,-0.0063517991304562395,0.00016026332131027863,-0.00459747479056768,0.0003294789793464193,0.0018887078399490425
2015-04-28,-0.01940858979456196,-0.007324443374469982,0.0015534471354198076,0.006193693235988501,0.005680551056341505,0.0005677966844970976,-0.008291048076512968,0.0012773945717061384,-0.00531566561676744,-0.0048151789398601,-0.007331316704292842,0.0031727144057724036,0.011993594208925611,0.018146114842564866,-0.007707066231886986
2015-04-29,-0.0035718471847412357,-0.012427104852522521,-0.008135417825403939,0.007479701193145505,-0.017658978189168346,-0.010933549969186796,0.011782805035231868,0.004652930201320897,0.0006045980060625979,0.006895098426770389,0.00444686589925233,-0.0009904763098685446,0.0038305168131903457,0.0024681106289827365,0.011644090633238516
2015-04-30,0.004997131632652259,0.01445089909848535,0.0026568753766400832,0.0066730753090504195,0.01921243250037022,0.017525560504492835,0.004947635284864778,-0.011423792286631821,0.005353831953033215,-0.008308545424284665,0.00533207796531757,-0.003804412375232917,0.004157314569927614,-0.0027110428111637355,0.00790766403498215
2015-05-01,0.0013962498071394686,0.0047975718574231815,0.0040764780590493155,0.004115044739987259,0.007402813934478232,0.004926097371124361,0.0019313241079142148,-0.0011553094079940693,0.00412497494982658,-0.004726809283626277,0.0015001546104837149,0.0008567835065590333,0.00029286847294793163,-0.000706238385434408,0.000786627346979347
2015-05-04,0.0016884731060406236,-0.005023787023361474,0.002392113314574368,0.0005980856948192871,-0.013405504496244811,-0.013008608469559462,0.0035846383588360783,0.010447350938538338,-0.008191629178461765,0.004005059655077005,-0.0077784492912876865,0.0036130668513648777,-0.0001772640125799977,0.005767281078920836,-0.00018777625999259577
2015-05-05,-0.005375933561142347,0.00713064884876724,0.0008914173400222936,-0.005424461130979611,-0.00013132854212921825,0.00020047886492023615,-0.013378969388721285,0.0016116913881779492,-0.0034574365067975834,-0.0058989871453063135,-0.006383801305266968,0.0007674854035687262,0.006942596755432247,0.0072973844080225425,-0.004830302223809723
2015-05-06,0.0001797307973635644,-0.006144860813838451,-0.009429750943456265,-0.006758022070750859,-0.0012288413742540293,0.0020457259362884296,0.007990583118668914,-0.006414985325781906,0.0004040332598900954,0.00034808622434888935,0.005009466337735591,0.0008416168130258731,0.0014047474790480682,0.0015497962381339023,0.008240077184890024
2015-05-07,0.001690059992775985,-0.004328398651809366,-0.011065289234901285,-0.0006137649031583148,-0.012244320942974656,-0.009828175753807115,0.015693840380656576,8.720358218039861e-05,0.0054851135219518695,0.007408073440405528,0.012538546013767434,0.0028541845926020083,-0.00373468892499326,-0.009302252849955426,0.013449992440768678
2015-05-08,0.007835169594120485,0.002261872472975344,-0.007043755485246965,-0.0006574001139026033,0.0038579879884972097,0.008905074862817358,-0.0002621174383910382,0.0010972361643996923,0.007061570157276387,0.0013998438176305496,0.010336985741609486,-0.0011930119220293237,0.0019582930658685136,-0.002387827989972235,-0.0007699338027126106
2015-05-11,0.0012182678425984722,0.007855807305757322,0.003723940742536708,0.005426736667449984,-0.0038919538894115935,-0.007337182931673189,-0.0004230602852360382,0.004007237187373041,-0.006038166235094077,0.008798765346270793,-0.0005753404470406585,0.004109938630970158,-0.0009074734722728131,0.00296340051973287,0.0006720546001519898
2015-05-12,0.0001336347591734614,0.000636155850929801,-0.005757527082574812,-0.005803874435497888,-0.000709834925301864,0.0026429849404001242,-0.001464104222364426,-0.0011372665500799972,-0.0005298959635530204,-0.009773148728624576,0.0007937400782609034,-0.002436871186351431,0.005177968567947844,0.0021769246012354367,0.0023851572202939508
2015-05-13,0.016156129645764475,0.002020350073825559,0.004993276382540916,-0.0056194749402925055,-0.0014740843775239458,0.0005007548404802886,0.009327066648306171,-0.006585581284096769,0.01460606281132284,0.0021078991671939027,0.004975440520657881,-0.00380416744568245,-0.004149686203205262,-0.014970170854195367,0.005698291998681069
2015-05-14,-0.002067292592530254,0.0018847035839760916,-0.0009066488051377741,0.0027445746647629496,0.0015922283034210125,0.0015026289639719225,0.001236631296454557,-0.00043480156200063143,0.0036694127862312072,0.006989045552688948,0.003644229104814889,-0.002190560232641611,0.00448761559597111,-0.0009723653864330429,0.0033469131792190996
2015-05-15,0.008151527864655082,-0.002597956547124734,-0.001069215777124156,-0.0014698631561840176,0.0029045977052517035,0.004813090201270444,-0.0023483763110687113,-0.0038509480963333656,0.00600858988602366,-0.00331943710379194,0.001095152927942085,-0.002903518497788849,0.004001648724770651,0.002187429083026662,0.002122672217805633
2015-05-18,-0.003429530122692508,0.005303761071953434,-0.0039530646104340384,-0.003671936447029043,-1.7274703427665357e-05,0.0015100955741217932,-0.0025330320415835024,0.002326604252574588,-0.007280886055932966,-0.0044680574645960345,-0.005883264994425665,0.0010828710207830576,0.00391662593160382,0.009490806090843101,-0.008099300537500773
2015-05-19,4.330272093529134e-05,0.003887790790967759,0.0013155295788765241,0.0009608886855818223,-0.0047502406372090175,-0.003061631349995597,-0.0021445330283540623,0.004636472536980598,-0.0020862736283242104,0.0010936464261202155,-0.005278435602332628,0.003540012284725216,-0.0048386896594939865,-0.001386626963440143,0.0007863775887442191
2015-05-20,-0.004642576290285852,0.0035997221255324634,0.0022834200750615685,-0.002478966852750397,0.0009574861780690797,0.004648216684271799,0.004398033376395985,-0.0026914732041118513,-0.0006678459964378799,0.0035012523055633466,-0.0007357564746860615,0.0030087763571131207,-0.005372647438835804,-0.008982542612674834,-9.415289105389843e-05
2015-05-21,0.00663977884877129,0.006886393738888056,0.005454950815576063,-0.004976793827393617,0.0038473332074089404,0.004593803639636924,-0.0012254469544468124,0.0022286641352859985,0.006945649909211056,0.0031833767737435535,0.002643833748932537,-0.003670994277700049,-0.00046393900685161304,-0.005263846436245172,0.00471083377515483
2015-05-22,-0.00233489498895079,0.0060339791354572184,0.009192034586226938,0.009524104659467299,-0.0069666053616858955,-0.004044168686162999,-0.007017040874399699,0.009136681564436491,-0.0010184223168647095,0.0026604408554589485,-0.0032780630007189435,-0.0018902034113598542,-0.005201830897293992,-0.0008577914121563647,-0.00369671962802973
2015-05-26,0.008106256246715718,0.006560455295330413,0.00032188601828140456,0.005699694312342568,0.008627229987152166,0.007344282177022895,0.004404467147717254,-0.009560572398539984,0.004589367780399848,0.0009408651452617479,0.003637220204458922,-0.005382579770815198,-0.0006248711962531309,-0.0055475312594933,-0.00027056354077431045
2015-05-27,-0.004497913545923252,-0.007234293161939118,-0.007104794694481362,-0.008346262860445153,0.0016454816767533399,-0.0034641450563650247,-0.0019282250922316895,-0.001428700194846658,-0.0030116245536503327,-0.009304337056885933,-0.00970544743034241,-0.006017972756955185,-0.005633789611120417,0.0025096353162339805,0.0010746933593580473
2015-05-28,0.013104987105054816,0.00339249597838909,-0.0029303862368530186,-0.005643794728547078,0.0015166601923537353,-0.0002923032227479805,-0.008734993345608278,0.004861588753462098,-0.001765583998029621,-0.0024683193265695458,-0.002376322180023972,0.001732240292033651,-0.002604275844017793,0.0012868852478321764,-0.006105395574680014
2015-05-29,-0.0004082787008831255,-0.005886841859998509,-0.00953803813523108,0.003497806648964139,-0.0074196953932641405,-0.007289874306719732,0.0065940246880104875,-0.0004468801609860855,0.0026200397098223127,0.008387237647291195,0.006483832887965349,0.0035051335758567747,-0.0036795102571454447,-0.0071214099411174465,0.006026176085019576
2015-06-01,-0.006898047676859289,-0.002724976627002588,-0.003861166647714628,-0.007711249314353795,0.002790547726040946,0.004271071459967748,-0.004528219775229052,0.002308316608755503,-0.0036382625698929264,-0.006157627497993458,-0.005040984477571855,-0.0025098543610132785,-0.0033338267827937376,0.002410478315410024,-0.0025027297911631684
2015-06-02,0.003789560673327688,0.005991245077407191,0.010032751770138928,0.0012455983032167734,0.006818710490845919,0.006399553073838071,-0.005684237023481385,0.007954829757875004,0.010092535272284164,-0.011717320748458711,0.0029507261421737527,-0.0035309677465604535,0.001936314816894485,-0.007240680383990412,-0.004977229591250123
2015-06-03,0.004695214347800488,-0.003422315294675976,-0.007369982033194821,-0.005544348151656842,0.007146650833153681,0.006597890699780807,-0.008594633698724862,0.000262467863511316,-0.0029366351204602164,-0.0037318857413258283,-0.0038434809881617996,0.0022307533329714857,0.0018367106549499346,0.003939787647196066,-0.005225113971932103
2015-06-04,0.011606303928812265,0.0024902273901455108,0.0036341031867459755,-0.0005648874140873946,0.0031723010704095634,0.0037183453378235236,0.002850443957544573,0.0013601051018953978,0.004726355682814765,-0.0005982316275088154,0.0010202284498390616,-0.0019562421616766204,-0.005934942551679274,-0.010831119047345373,-0.0009028233409054284
2015-06-05,0.003875925774428443,-0.0017022111238132168,-0.002114943963395021,-0.008029865278244811,0.003599745505371064,0.005248953064083464,-0.0020682440122802826,-0.0007647018609240356,-0.009049797657249585,-0.0027754712496373896,-0.0076482170394051715,0.002408817237762992,-0.002486592413070434,-0.0003309349674148329,-0.004267152751668409
2015-06-08,0.003428609990170194,-0.001946386810265414,0.006211714675901485,-0.0035626044678475728,0.003201635372535033,0.0017000096899604982,-0.0016510372961436983,0.0005318468480705195,-0.0031845246922910697,-0.004764159405594111,-0.002633034430169023,0.00016545036297717537,0.01193783542453751,0.010849829766915797,0.0016753322836255827
2015-06-09,0.0035361537904663506,0.00400375106879617,0.005838767380468688,0.0024776837062880606,0.0028724770371853087,0.002793460258103812,0.009302667698482339,-0.0007687450337234246,0.005657870328544576,0.0037425417212242577,0.00868965536187255,-0.0027598763303940867,-0.004799421044721428,-0.006911922319742319,0.007067403619073184
2015-06-10,0.0015984110594290046,-0.0033400204201634613,-0.01017542352406324,0.00015323332368817524,0.0007791035937269068,0.003574805103025012,-0.0028784413364070886,-0.003922125238068242,-0.001543666002299601,0.0004142054235592741,0.0005438572217039651,0.0009413182114319577,0.009069476780384113,0.009319779921523313,-0.00701928220252902
2015-06-11,0.004234674494163282,0.004010743108210195,0.0037738171089255874,0.008068085723400257,0.010165487050087121,0.012520807840268301,-0.01450332440916827,0.009113277286219622,0.005838286641990754,-0.007630527955319073,0.0010963595681419591,0.0008260996758112933,0.0034552227395186247,0.0013635578074127986,-0.01000843751013803
2015-06-12,-0.002028166768134027,0.007648707481524706,-0.00030542235943334124,0.012531240779738204,0.00508382557078582,0.005387491562306417,-0.005336517253347824,-0.0012942550125761387,0.0002783922443510456,0.0017779927141437404,-0.007674718516385374,-0.008124136072928065,-0.006408817676141335,-0.0072118257220352274,-0.0003156201483506143
2015-06-15,0.0058668100011995,0.003423905923718042,0.0033090931862157927,0.008928090676666205,-0.0035777249469154844,-0.002429238023534304,0.0040032472016879985,0.0014866536691397238,0.001312027404702285,0.003925228407108383,0.0034265036320332573,-0.0015212889453049792,-0.0033369422106301894,-0.010829824960949157,0.007084935600411209
2015-06-16,0.003589919975655117,-0.0025433364785823528,-0.0036895265904952567,-0.003747836794519912,-0.004822890908038334,-0.007834418990138732,0.0059245688962527914,-0.0032925330969763612,0.00342841101399673,0.006126200755748443,0.003939636467919247,0.0015603689875944421,-0.003484641473605129,-0.004240159194345349,0.0067375788244822665
2015-06-17,0.004024750433582979,0.002434800142865845,-0.0035600951794808235,-0.003098881428346736,0.01187015594359792,0.009735558151307158,-0.00471654125804059,-0.004688146684494953,0.002763813481954463,-0.0017553492643609114,-0.0027717002793590274,-0.0009822932269853701,-0.0016141472117513073,-0.00458555741395286,-0.004844136604359034
2015-06-18,0.00120004404950882,-0.004530818782218117,-0.010590220158373978,-0.0069387440925616495,-0.009864529535363827,-0.002594933145413319,0.001557040904930437,0.001915702719643845,0.003332106142921158,0.0004216565082989054,-0.0002664710717151294,0.0018697977611358218,-0.00027929296812168394,0.00024168752309136794,-0.003675253826227837
2015-06-19,-0.003649559435463384,-0.004922991999177813,-0.004301556876575252,-0.009227182337931262,-0.0020388477244271137,0.00038008523226328765,0.009564144349416739,-0.005170218527626225,-0.002684041401044755,-0.006772342407152227,0.0019967032016302115,-0.003394707144710906,0.0006529154690491376,0.0017516626258969265,0.0061534351204980825
2015-06-22,0.0008920009431490528,0.000569210654789406,0.007135868949411206,0.0041703262418400795,0.004722108678184353,0.005813996319714955,-0.0032033332922161662,0.002934573870535022,0.0031407307510458882,-0.003821099021784952,0.003245845613023708,0.0009351019449735761,0.0025115317613684384,0.00034889230639250767,0.0031276731891864717
2015-06-23,0.0005992654780480307,0.013469111155889786,0.01156437176776833,0.009241426862481153,0.0006227341636211364,-0.0018799290058608698,-0.004001315516545537,0.0034661825767015302,-0.0022327495874485976,0.0030926061850913497,0.00033451243287315347,-0.0021799869241054363,0.008483941307733243,0.005842794068520752,-0.0007767272122246706
2015-06-24,0.008770907838171556,0.007290455741397654,0.005717851914810557,0.00494336454076524,0.0017819174664883523,0.002330175095000795,-0.0012302276377226366,0.003217866940058004,0.00010331097562971863,-0.004787278675260868,-0.0011035188374781818,-0.0002501149050542985,-0.004852172911578592,-0.003776514119826641,-0.002173313933701679
2015-06-25,-0.005597896235702377,-0.010152521990188425,0.001464778563534524,-0.0015009316913335022,-0.009654549616699412,-0.005981805224904597,-0.0019314556231486476,0.006429614138249518,-0.003246298698590824,-0.0030580791684075726,-0.0002867649393405989,0.004735670020915336,0.011127089117946718,0.011157598627223993,-0.008860107898515884
2015-06-26,0.009560399895316946,0.006504465794627972,-0.0011902559603747843,-0.00025065594657556686,-0.008730852822490212,-0.006863286157860887,-0.008580954089496173,0.01291748934657228,-0.0051494401096390564,-0.0034270190262353298,-0.0017981226112537066,0.007677030824072104,-0.00035576487314344096,0.0006547246445431087,-0.0117840486823906
2015-06-29,0.016350073284064848,0.006078188511110738,0.005000099540515067,-0.00044447389453498593,0.00992141138101479,0.011277333177941027,-0.0021343729175183133,-0.004006632049245759,0.00777025207166303,0.0026895455162106,0.009969306766372034,-0.00048015837525666825,-0.006738938871529114,-0.01167636144945194,-0.0016597602400991048
2015-06-30,0.004294986259228571,0.0020603750043097888,0.0027004050427908077,0.004352676160084029,-0.005291396781467933,-0.005520363838579695,-0.0005884508659329407,0.002016278139638304,0.002493204639666912,-0.003907495337627544,-0.0011369814236485976,0.0035936446998281243,0.00262037266413802,-0.0007727823321259479,-0.00034257429186048717
2015-07-01,-0.00024279660021294704,-0.005702932360301956,-0.005748209242631687,-0.007765544284340509,-0.008330618414749958,-0.010295035602600602,0.004018862061538641,-0.0011813793343290668,-0.0017285844850580623,0.007102672891784021,0.005539318609275843,0.00161867573544949,0.005726760370720808,0.005929636713218103,0.0005948033271584814
2015-07-02,0.00807897805753376,0.0012042505836245931,-0.001569513604620714,0.004257926287932291,-0.005014513181240648,-0.007064234455075676,0.0007778914485544151,0.005436651020731434,-0.006172035110713292,0.00536075752746369,0.001486573711494832,0.005021499089152099,-0.0053830707267549524,-0.0014414631781254953,0.003097090985549615
2015-07-06,-0.0016897706006534963,-0.013130413283518258,-0.010610215663820304,-0.0088550008166047,-0.0043562560002583855,-0.002631722898982295,-4.747272626240851e-06,-0.0051241535729649144,-0.002053577042552721,-0.0035907909087537107,-0.00010790511076786422,0.002578759657590778,0.003459994412184319,0.006687066416367111,0.004264969748043132
2015-07-07,0.003332729099019629,-0.0009004573634041127,-0.0015995678011893506,0.006225772385525925,-0.012353348502021067,-0.011527923400610523,-0.0015032786663964036,0.014027753626449148,-0.010154673669038423,0.01079251758088279,0.004394441086084035,0.007559837137142228,0.0018606334884716837,0.006971071359815418,-0.00482421098779056
2015-07-08,0.004837893145255307,0.0018229489359704448,-0.0026589702788638115,-0.002955373783920147,0.009584817021593878,0.01074634948469326,-0.0009822626605977209,-0.005606400946409461,0.0035293463342478547,-0.0019191983328361124,-8.810871666415244e-05,0.00011330896402020124,-0.007890947944472669,-0.0030662190603508465,0.0006264457964130616
2015-07-09,0.004359278124662648,0.0008040226635727642,-0.002004730157563802,-0.0030339505544890993,0.010185120261705646,0.009151901167476469,0.003236876847233349,-0.01251474284746881,0.007731708730705427,0.0010058864068613945,0.0005554307110991821,-0.004133689730073687,-0.002158689593474603,-0.006428560478785313,0.003824550771911406
2015-07-10,-0.0031400531644906506,-0.0017097000263898866,0.00015583912564058437,-0.0019377904550205933,0.00893664422713951,0.007832647609923502,-0.002474585842231751,0.003034724567846177,0.006228226891735617,0.0027449036706697193,0.004413128972936135,-0.004597637351238927,-0.001037754579657769,-0.001626517236018199,0.004663916492057494
2015-07-13,0.0022216433109846587,3.2333219057221856e-05,-0.0036309975480372436,-0.005048462608193896,0.0011938922903048455,-0.0001681125871173272,0.004578491062979595,-0.0033525686451686123,0.005491907610674318,0.0019856211781049027,-0.0016512111135035226,-0.005909813635953465,-0.0013330364828199586,-0.0039910250952803275,0.006789858254974579
2015-07-14,0.008022949334410969,0.0025507406959273797,0.0063704479316940826,0.0024803910536145817,-0.004041820278231502,-0.003391970257937183,-0.0033537745265113618,-0.002701736109995507,-0.001048918580886566,-1.5337926099372352e-05,-0.0030979067685565796,0.0027928019253810167,0.003346005215320016,0.005485221431248095,-0.007236638260388362
2015-07-15,0.008968787868773526,0.008544614818887472,0.0022857511672522137,0.0001161710068143659,0.0018760614281116122,0.000627364222383334,-0.004733719499514488,-0.0022518239193058467,-0.0008055281441811798,-6.631685020159692e-05,-0.002334507962030056,-0.004602905404342096,-0.008721881049313672,-0.004794831150383107,-0.0014946662400444656
2015-07-16,0.017519962747491475,0.009160682170530886,0.008433505954608475,0.0029171400918289814,-0.010867270167179985,-0.010943881076724957,0.002386467593191354,0.008875092667156977,0.0010990418655891163,0.0056268428908110004,0.00526394520788882,0.0026347840381894744,-0.0020274210379135097,-0.005528092279639016,0.0028568888571560555
2015-07-17,0.005672087816265267,0.009979714301085366,0.013184535410255206,0.005122540216899028,-0.012618433707758793,-0.013980093184143757,0.010052669577721742,-0.002709192044861866,0.00266394749544923,-0.004027382181517513,0.007374855712601934,0.002482946534801988,-0.0038961799944263282,-0.002325457092133085,0.0008332729674827609
2015-07-20,0.006510552527342475,0.0037993130963857496,0.0023272051741694286,-0.001547819004473348,0.005152089554536826,0.00010784586610620896,0.0034955578717483183,0.0055996177897562555,-0.004701745053118284,0.0019968429960098358,0.0027423600676396184,0.0024123796925308956,0.002181383394405189,0.00057169402343822,0.003829894307517041
2015-07-21,0.01573803426199978,0.0025527500160842194,0.008317135043627988,0.0032831229031215076,-0.014673405311359222,-0.011321738292511556,0.00611037506532605,0.0049561997789674805,3.70822360961741e-05,-0.0007558719377527296,0.000261619891792751,-0.004577217556379609,-0.0067310317316106785,-0.006231956010131377,0.008268158094040905
2015-07-22,-0.006682122012201999,0.0008067168437484252,0.0006906703691002842,-0.004748585201657921,0.008013025431339256,0.006242574230143511,0.0018775790382776739,-0.005096037083304223,0.011945403408021625,0.0012133925239733558,0.008683342353542938,-0.0037735124415979905,0.010093790514535744,-0.0015913267444479487,0.0008624337679940146
2015-07-23,0.002261662047873054,-0.005381402480214575,0.003264603283132014,0.005666932812484718,-0.001211086618084294,-0.0039881859979467105,-0.019188121569400998,0.010471179925198297,-0.01232151560676819,-0.0006888584691121039,-0.018030273771228747,0.0018398023626936023,0.0033948304422212324,0.016329950916705457,-0.016632109164697387
2015-07-24,-0.0041392240842042585,-0.008418096566612604,-0.006142620759488349,0.0033189040792238776,-0.012735578024705898,-0.010989682575913361,-0.0005306983489526962,0.0014008407387021094,-0.004529598152725344,0.001804172606708761,0.0037530659934707465,0.003864319973938742,-0.002729380285839019,-0.0025884317690631105,-0.0008374984780628947
2015-07-27,0.003919705943939432,-0.003665487113177445,-0.0003496304379144461,0.002065473523925764,-0.0038452541706674296,-0.0017423428050114278,0.011011779971164305,-0.006984184871760495,0.008583170303945866,0.007740092454467181,0.016752192180469003,0.004053552127453505,0.005475886645705009,-0.007010609818774111,0.014941895150626813
2015-07-28,-0.013628627704805125,-0.016111880342004375,-0.02123776684592891,-0.019661377119296955,-0.0030586441614800734,-0.0010710637781414937,-0.0001801470348695767,0.0008012840790020716,0.0003248748697618001,-0.007420303468351951,-0.006906211150671567,0.0029558168836340557,0.01894811962892002,0.01321656959872175,-0.0034156301845231826
2015-07-29,-0.006345551175894512,0.009652860919456743,0.0030614188234780694,0.005003982912810701,-0.004255344699812625,-0.0042556954723634195,-0.009290128202275193,-0.0002311646341551417,0.00244718324149367,0.0032705635265825837,-5.1673087007162236e-05,-0.008279658633787887,0.0036284824577571774,0.0015001104428866146,-0.011309834507079307
2015-07-30,0.006506993391171104,-0.01200608426272353,-0.008224511590200136,-0.009957957875766836,0.0005722102826484672,-0.0032604543476404436,-0.0035893842607185654,0.007133819168825244,-0.0036797831016448577,-0.006038634836637623,-0.008813563191320437,-0.0028621484762059194,-0.00858805573676786,-0.0006072604905115642,-0.00634626387894775
2015-07-31,0.009118827712003567,0.0018230222184952311,0.021238080309863443,0.018878012731371192,-0.02514387353380793,-0.022464072198670484,0.010241488344831648,0.005620211038383588,-0.0031736657959073114,0.012686836721967285,0.014445126517776777,0.012887787102147281,0.006765235317476371,0.00655089801438931,0.006343147947660685
2015-08-03,0.0043998317343969745,0.009183496110086238,-0.000229872086105263,-0.000343308559197765,0.008009069450041595,0.010872872264820962,-0.008054006121004133,-0.003509358445803755,-0.00638692213324131,-0.002440435052068104,-0.006077310132590158,-0.0017964322215696313,-0.007412903701391816,0.000545170710123016,-0.0042526564597058815
2015-08-04,0.003720972084142414,0.006900914689851718,0.016857316483374078,-0.0005453748665535116,0.007057182010384588,0.00963501205212041,-0.005058936273574757,0.002235085582441251,0.003495059717708217,-0.008847049842886295,-0.0022464586833390392,-0.0022610974676731295,0.003432562024774816,-0.004447465930768473,-0.005449760530898884
2015-08-05,-0.021194529192586135,-0.007019227887278078,-0.006237198754356773,-0.01114133096563906,-0.005613727388052198,-0.008920101121527583,0.0023250440877681314,0.010195569773681544,-0.006650661515970053,0.00624680941128264,0.0024583977735449843,0.0034923713559719786,0.002175206542671254,0.006083903164384125,0.0056302382385807065
2015-08-06,0.0027045908166058695,0.0070729615352901395,0.00558880453901568,0.008897328188303936,-0.0019863003019697846,-0.00179679799727073,-0.005797037712831624,-0.006903911604163897,0.007482617811552009,0.0005249896541507206,-0.00853262652822675,0.0012138952770810677,-0.004971986947565171,0.0014072654778369206,-0.001415280730511781
2015-08-07,-0.005203645596612572,-0.015255448548131722,-0.018131787836646925,-0.019469709106417744,0.011699800146535383,0.01030939469309521,0.009119481076235236,5.185369784234395e-05,-0.0011031842936618415,-0.005683482842567401,0.0031720603822757657,-0.00419539192184527,0.002109485715457944,-0.002698392706871387,0.011020091251240028
2015-08-10,0.0027891597532054505,0.008059025813534678,0.01153618023296556,0.010224774157215802,-0.014387446725088626,-0.018427418584892663,-0.005868121987565979,0.012093798782077045,-0.011217089797554824,0.009721506266475555,0.004467324031791263,0.006372144624869592,-0.0027272675596722532,0.005750589562839583,-0.0007186941691770966
2015-08-11,-0.0010560483429002804,-0.007958454730536343,-0.0085135615464564,-0.015578256010050029,-0.0034715777304186925,-0.000655068802785949,-0.0022367792119994154,-0.00740238123771528,0.005109797316765239,0.003946413850983278,-0.0013132290484311755,0.0006354471559354403,-0.003922843095327974,-0.008844531062044206,0.0016695989923151795
2015-08-12,0.020234659956328116,0.017451757973675402,0.01565859129062421,0.01172789435729324,-0.009709235692116814,-0.0035122135032124337,-0.0018206438367125517,0.00891928221514614,0.006968729305799837,-7.169716790445847e-05,0.005972157535067822,0.0005585998654258463,-0.0011121420058299919,-0.005098395552294504,0.0003264286231163104
2015-08-13,-0.00498158074456783,-0.004533943412873533,-0.00438727721753137,-0.0014399605018719577,-0.003986924234679766,-0.0010691837154291183,-0.002317107350290081,0.00013969642096511858,-0.0015539926539531413,0.0017079949281443296,-0.0007495641617448444,0.0006685927343856981,0.00039794912085744415,0.0032884717858910036,-0.006333696101794625
2015-08-14,0.018410936381103606,0.014549816810718055,0.01930806462012421,0.010347212739795964,-0.013884822164999755,-0.011653730700286243,0.011481130782462812,0.0004920994078080517,0.002220188229309998,0.007788999972538449,0.008017019280969147,-0.003440267813098294,-0.008646424454537567,-0.008643046888065928,0.016053810708355234
2015-08-17,-0.005094130810573775,0.006915890366024576,4.19432925450481e-05,0.006901573381445179,-0.009799907219278805,-0.01367184758381573,-0.0011336407029797525,0.0065267762717468895,-0.006232460314293217,-0.00392279639493991,0.0026076560850709033,0.005860724000757761,-0.0008544721302853105,0.007134684477162896,-0.00509495536545098
2015-08-18,0.00030945538856804074,0.005901331270168817,0.007192167111720105,0.01688717074887413,-0.005055111447808512,-0.004396275983952857,-0.007455261372232503,0.006526902821401983,-0.0049629758416275946,-0.0007569553451993779,-0.001786038636223064,0.0011274299077505458,0.002266612473064141,0.0013228816227772115,-0.005042955417961272
2015-08-19,-0.014853093346444864,-0.006450737130344098,-0.005865517045595285,0.005581141580691985,-0.015235172550287935,-0.012866490054649125,-0.00966469649991244,0.012071743065550393,-0.008706197505071286,0.006442842433737089,0.0022075229184275146,0.010069213895867582,0.008418486631754152,0.009675774770184643,-0.012158710029678815
2015-08-20,0.008720118812012952,0.004788991615573409,0.005796742898998638,-0.0005892083653426302,0.0015047078032553798,0.002123445359459304,-0.02172549862129475,0.02198167979592315,-0.012280377436354486,-0.0034038152776156554,-0.0018606300097346595,-0.0021817171720920486,-0.0016773443231618106,0.007634357017292008,-0.020825390602301916
2015-08-21,-0.008555520257765604,-0.002226981607103738,0.0023151066452571367,-0.0015123849452364745,0.0023441703705069303,-0.001305676997018071,-0.015143384293135914,0.007125506582315647,0.00020500604053948907,-0.006450115347519263,-0.0006820736884610157,0.0014496141235656596,0.00927700516288072,0.007393558165503793,-0.01291679906213038
2015-08-24,0.005403609494592659,-0.004235551033112652,0.0005138249168198583,-0.0025809141691858304,0.015930798421277884,0.009402349076806146,-0.01942716140274309,0.016947066512681637,0.00418044290414127,0.0013147988167100425,0.00023530968626280478,-0.0072180957758898575,-0.008879720630546071,-0.0064964703376223,-0.012731718617221967
2015-08-25,0.00791819994799351,0.003812840136905832,-0.0015196377302384746,-0.008006510746278932,0.007288084484234727,0.012605024803775122,0.02431060054478467,-0.02491013738878273,0.015936531225500677,0.006944652831028238,0.014424541901124608,-0.008016657321565743,0.00686834768764771,-0.006838453780893223,0.02455552540573632
2015-08-26,-0.018343329611222738,-0.01962275754555183,-0.028841262811010758,-0.024104758449100636,0.009961697068094875,0.011966243971743052,0.018110571470065784,-0.01932264598736741,0.00725867265962752,0.00540933749916118,-0.0019810789145502695,-0.001789292984792322,-0.007003478510496812,-0.0093048108050044,0.015844065222255874
2015-08-27,-0.006320788684766339,-0.006239919325136599,-0.0062256057604519865,-0.01025542177374441,0.016374418059840752,0.013696368225452008,-0.009265521714189857,0.0010149037771548148,0.006379399137508837,-0.010201662514752205,-0.011850388434222887,-0.008906791942359556,-0.005720944415996762,-0.011849681422227545,0.0021511928816424436
2015-08-28,-0.01932828028065923,-0.00975668415386639,-0.01315794699320405,0.0035393036140407732,0.009440183985791155,0.0056676233288128425,-0.015620821791324926,0.0035297350992314503,-0.005974278582255985,-0.005144833501265831,-0.0059828645918450045,0.00221516032346138,0.015754092101760108,0.013373920662172111,-0.011140002603083603
2015-08-31,0.006920897979936481,0.006886362053068754,0.014373999789134933,0.00978463589518086,-0.00405384086504057,-0.004837166626651172,-0.008707118247431842,0.011263486675715716,-0.009947267863705558,0.0004888758333808051,-0.005176560516124241,-0.002121431952438694,-0.002497507264857004,0.0072889372708881545,-0.01156758419361801
2015-09-01,0.022376955018708164,0.009955804220065832,0.008636410690304196,-0.00029087841312049317,0.0012466491039467356,0.002892495490356105,0.01321045683267777,-0.0004107935300873798,0.009820796059694294,0.007603116581667115,0.02379789640889905,-0.005094964725408482,0.005642268465733342,-0.00418293481699645,0.016750878730485988
2015-09-02,-0.0017567821753342004,-0.010020807290330289,-0.003102918176851286,-0.0008203669419082428,-0.00394283281336109,0.002097521715857493,-0.002636908553839192,-0.006209662442718702,-0.002023821855151319,-0.0062038651934925495,-0.006082190239004829,-0.0018762497053276144,0.002719196469570366,0.003618061645490834,-0.00326177730803656
2015-09-03,0.005168319203792127,0.0035905081912992933,0.006224444346000003,0.007006357992815502,-0.000699149381055154,-0.0015256435361274308,-0.014809539012574601,0.013674917234509174,0.0007453394281328775,-0.004575788304946279,-0.0017389062001644928,-0.004192609613585953,-0.0049857441914498285,-0.004583924019999236,-0.008888278961343431
2015-09-04,0.004994715888004361,-0.0013230615569515963,-0.004775665102959112,-0.014228551306623143,0.006507276997870374,0.011067427531700712,0.01868498361018272,-0.0089424450174274,0.00997909643768847,0.0016101357806158553,0.010818641804357196,-0.010632747787187135,-0.005886974605728507,-0.012948163759604685,0.02187088350752781
2015-09-08,-0.001120870913332979,-2.394271665682405e-05,-0.0015523944260507011,0.0017152992889944447,-0.0005165139483754942,-0.0022375512361184624,-0.010990023360368787,0.011775237665157813,-0.002959094740011086,-0.0026326783340516234,0.008329076258277938,0.006609517534311997,0.008525023132337469,0.009188302743305418,-0.010841632345869802
2015-09-09,0.0032935162162801737,0.005237068206613192,0.0027068478130554763,-0.0032198151135648953,-0.0029295190679859756,-0.005065155558441061,0.0035861006135356325,0.0018337364044475365,0.0008660549855632877,0.011540662318019406,0.005186819545964937,0.005263031299186854,0.004225058533957804,-0.0012803473470103849,0.005828287584420291
2015-09-10,0.005856933803564663,0.0034379638129543163,0.008211884624071446,0.009614802796398349,-0.01123109713955783,-0.008380587014074587,-0.0014707688492808964,-0.003229101822506376,-0.0069021955964376006,-0.0017209889852554602,-0.004109051930499201,0.009421328230945474,-0.0018526982833993668,0.005022483990848063,-0.00561125748221992
2015-09-11,-0.0027769415078452942,0.0048988807921308865,-0.0006842617081314205,0.004551099555741338,-0.005878001728738738,-0.002805330068919672,-0.004377654274151866,-0.007157238067687769,0.004015184991109177,0.00044394682504137004,-0.002295708181573805,0.00184805342585886,-0.0052376711789004216,-0.0061527001363963,-0.0031150113629701674
2015-09-14,-0.0037423174181462496,-0.006058764475932418,-0.006268791376350664,-0.007223925303507531,-0.0002791077394049112,-0.002067017877356374,0.006454509292271581,-0.00275474595173995,-0.0020192693868602216,-0.0007075608370858992,-0.006343070890327474,0.0014406313685801,-0.0020763789668463463,-0.0008612641087152942,0.0036043390663422284
2015-09-15,-0.017713401015204203,-0.0050200540479101805,-0.009747817693383065,-0.006020374118759383,0.008176481092115818,0.0074386484212114875,0.001806638078405455,-0.004982424104653042,0.001041241698026999,-0.007087306981599053,-0.0034129777664885334,-0.006181198250209441,-0.006705984426837897,-0.0016394374843775048,0.00868814641285376
2015-09-16,0.007851677162983885,0.0011572911897778006,-0.004790168998198133,-0.006041809562222544,0.004470991657884818,0.0018540119747177558,-0.007481971996261845,2.4671380087488808e-06,-0.0005182028409709354,-0.0034611741528093347,-0.006074252584276852,8.446963085687411e-05,-0.009335446586407782,-0.006799822241424135,0.0005545996222074568
2015-09-17,-0.0025175374381504224,0.003160284096198871,0.0030644548167204477,-0.0016976505351778241,-0.011463592521084028,-0.013941014506942986,-0.007148100519339565,0.013765312008107676,-0.007300912210689856,0.005273339571524368,-0.008705453141133307,0.0041089779347730365,-0.010842841059395964,0.0015563405481988854,-0.004890433572246444
2015-09-18,0.0004852189197272925,0.005916422276240519,0.012550182870728163,0.0049343808815307645,-0.013821269060120957,-0.011438746520894638,-0.0009298669772075956,0.0055549655317284775,-0.005854471184380192,0.002516018172484027,0.0006052661035679907,0.003730543917248045,0.0036332906414971115,0.008048453179851821,-0.006607342334840078
2015-09-21,0.005883125831123543,0.008133301527965637,0.007861732957705434,-0.003609777767375505,-0.008128471470974058,-0.004790418756428669,-0.006614329425231795,0.004818251815496312,-0.006937373920210007,0.002737645682556234,-0.004564863998759279,0.0022818361908382642,0.001622592773540812,0.0055614749544918,-0.008691289042805566
2015-09-22,0.02090387266126046,0.01993935316982217,0.021176324776950122,0.00564340357042722,-0.016561880297383726,-0.006568999583134299,-0.003948964568620532,0.012842956751495561,-0.012911418231772167,0.0017454044068632556,-0.00030285352756217587,0.0018382207674396693,-0.007267425309369419,0.004630671108933391,-0.005420274098275285
2015-09-23,-0.0030266008975908952,-0.013184624739508849,-0.009258744710897469,-0.012174761909309668,0.0018031631332359218,-0.000720935716238874,0.0007134257571721082,0.005715864139974602,-0.003285235075927757,0.005001693344891081,-0.003344765464233352,-0.0007321581947511225,0.004297631705058267,0.0015029953945156138,-0.001846404868358255
2015-09-24,-0.007442613825533972,0.007462592288901557,0.020376316510555124,0.0037090464130449608,-0.013254180789817679,-0.012939893852404013,0.004109744135302629,-0.01137619307995828,-0.0052040945853061935,-0.003761033297257943,0.001023097446360863,-0.00011487398946352905,0.012551726038862801,0.011478637294852122,-0.004381677714698118
2015-09-25,-0.01510629553336994,0.004624173298180611,0.009114003559290335,0.011649628375261033,-0.018055581261912982,-0.012306161794186365,-0.008329718360413022,0.018158784446490276,-0.013105159838799337,0.0026451825326573343,-0.0025484727756172713,0.015067785483260696,0.0038998821169802834,0.008705587953236966,-0.019977300299954166
2015-09-28,-0.006267395498685591,0.001481890692900962,0.0033591106217830905,0.010669524123931304,-0.011431209980898,-0.01067923955665535,0.009333856078991478,-0.003085146804931663,0.0005671856192717541,0.0004713499423615987,0.008463729010269719,0.0010505325079587817,0.00666502238771659,0.006875611738113265,0.00905263889055021
2015-09-29,0.007063309519241716,-0.007463930115956446,-0.020686753711350335,-0.02315938893413482,0.025783712262287227,0.019408661239749464,0.006909902651827393,-0.013796100865147444,0.012497959460127257,-0.006634413207270304,0.002535114755240181,0.00018075743903069388,-0.011142373083409986,-0.019208120556726348,0.010232572318349413
2015-09-30,0.0023343541487707183,-0.0004383372216407097,0.00018440122741897585,0.0023740941208832992,-0.012227158742078494,-0.01667346894871396,0.008916648291275663,-0.003872525748163336,-0.007267206650541436,0.013559222242916436,0.007434529739873624,-0.004533033337366637,0.0008768665815589638,0.003584298134329922,0.01192641264187563
2015-10-01,-0.002429246697329586,-0.00023189865426471307,-0.004984832919423055,-0.00536122463614506,0.01407384062644413,0.016586158650744212,0.004684696136017541,-0.006261231686192453,0.0032844537856805012,-0.0023006430102320927,-0.0035500783248409665,4.409441687486769e-05,-0.006151588331231549,-0.010736717007875013,0.015240316698087565
2015-10-02,-0.005961340052176276,-0.009740501775850882,-0.008678851695448703,-0.01216119390934861,0.0021923269032772946,0.0011759051064884896,-9.26229447698046e-05,0.010098830530048805,0.0023549328854577493,-0.0005697678735209384,0.0016936775025539336,-0.0034413545721461714,0.008378536878588284,0.0053820938796558665,0.004257497665500352
2015-10-05,-0.025569069949555483,-0.01847900607799642,-0.015775982694923897,-0.003699039316885097,0.00780390976132872,0.012772230789464937,-0.007227319442656885,0.0024841797200521156,-0.008810944096422265,-0.003015923316344549,-0.011477376532221922,-0.0003285826107990611,0.007095328524018043,0.012595499583988118,-0.0049852201069139675
2015-10-06,0.00024614502486014836,-0.011957310999138358,-0.01075870548749047,-0.0063955165779194904,0.007863446129015112,0.001540170012280748,0.0024814743508893757,-0.0026149971856603005,0.006727435905601488,-0.0005800274993323917,0.006109126835296469,-0.0016780932026675167,0.003974885439466466,0.0018212601422013738,0.004939512045535233
2015-10-07,-0.014815545209226273,-0.008130442169081183,0.0053998504363824,0.0034893729368323124,-0.003394189071135329,-0.003913369167458325,-0.003991296620814058,-0.0001470206031683203,0.0033654659482225176,-0.0054484404099236945,0.0023274794016005518,0.0005701484208938314,0.013429422181386477,0.008144720331873976,-0.008371710122279826
2015-10-08,0.0002306477520777313,-0.009308741513206662,-0.009581591189880959,-0.013597948632644307,0.005092103381073765,0.0053373895929307025,0.0019816277497609197,-0.012825027959437324,0.007182277197215959,-0.0007451473746673293,0.0002813550100276285,0.0014030431592843672,0.0036844246764105083,-0.003602117906382565,-0.0019954409034166395
2015-10-09,0.004425020204567329,0.0096565525984647,0.013829222275586894,0.011702274663171232,-0.011663429164312594,-0.011937167725239783,0.0003465506070811004,-0.002281676202618388,-0.006415576897844643,0.0018233957139587754,-0.000983055210349365,0.006700148736092959,0.0033848419493956615,0.005440080590008592,-0.007288128186546247
2015-10-12,-0.002838900994376784,0.010143825332616622,0.015624173856584206,0.009111001916590495,-0.008493750165786724,-0.004959434632814416,-0.0061895764467852325,0.007864407489168779,-0.009338612076940606,2.8539729550433254e-05,-0.00550464815837967,-6.0369162302835455e-06,-0.0011766423835891104,0.008023433432910008,0.0004124293654566777
2015-10-13,0.00046978738409281587,-0.010194010343453436,-0.006715976855380077,-0.01515625367329224,0.006502042611910149,0.005999684879422262,0.009228219625254106,-0.0077919067983602975,0.002603470886194675,-0.002644191293657336,-0.00010769935986943086,-0.0036923578983703268,0.002472169661639185,-0.006837371531829903,0.007242707324976958
2015-10-14,0.010825789743214981,0.0034634401546141808,-0.011751361930166303,-0.008790543909543421,0.01877415790794714,0.017030850064623796,-0.0018892957135846697,-0.005224201461174947,0.008756292271068541,-0.0018042482471751844,-0.0007946517287605523,-0.006532263285698104,-0.007027327230730469,-0.008188367854850737,-0.004641370371385057
2015-10-15,0.00894115048332092,0.013498255802292905,0.009108078108998795,-0.00012897515476925202,-0.01235225994387093,-0.012153294753126792,0.008838704585529985,-0.0003759882063162712,0.0017635278159032746,-0.00039912277118568933,0.008735763516682302,-0.0028511347976444947,-0.0050880105886743215,-0.004863992294498887,0.012179425162745623
2015-10-16,0.007339652903883515,0.0064998261864742035,0.0048097655903008045,0.0038034256619998877,-0.006880840075961736,0.0017767232822871325,0.0025951395814313325,0.005687815080934928,-7.334809743693714e-05,-0.004044563896799899,0.0008630027295252782,-0.0006953394240208632,-0.0028911450472788648,-0.007016978681857224,-0.000422867795061102
2015-10-19,-0.010856290676215095,0.0006627905658386654,0.008094646096470808,0.010531934767866187,-0.013259022007041456,-0.013534461845655113,-0.001371366527014075,0.007961266593549426,-0.00541337609822874,-0.0009008890299385028,0.0009666244266251912,0.00766515431821926,0.007729137055269696,0.010453799973979798,0.0019900454774113485
2015-10-20,0.005878159474168334,0.007013086112196545,0.008176559099527383,0.005202121463987679,-0.007478738595530752,-0.010837431761139276,0.007329342547530002,-0.002399432139468192,0.0017815465969248136,0.011935805740131252,0.0018390193687901242,0.0035753452034640986,0.00193984535221064,0.001093119582449141,0.002280632400572814
2015-10-21,-0.009456519087562438,-0.005804059657337181,0.0055699451406022865,0.019696393348873124,-0.012930252251958284,-0.013913281023798716,0.00762378565461528,-0.007049290953832577,0.00541689266866664,0.004515043526146006,-0.004281144477419352,0.006454842077826804,-0.0003626894078093833,0.0019440748206953976,0.004461597246817691
2015-10-22,0.008681067173518348,-0.01585814275002542,-0.030333295946062586,-0.01926212614939446,0.020872279477191863,0.01803381161644968,0.00846732053074685,-0.012547951451460966,0.013784928921498895,0.001557740880433301,0.008079451212108256,-0.010796347237332134,-0.004513851754220595,-0.01315906414720307,0.009444658003361932
2015-10-23,0.012243962660669497,0.005584354153017202,0.0004951475209623406,-0.0043386161741688105,-0.0154347652832022,-0.012102022119951285,0.005500451409171286,-0.0006557512823053722,-0.004269825050840418,-0.0005479485740770675,-0.0012439791315387418,0.0019058886206186369,-0.009463395919222531,-0.005530698909487061,0.0021723914092479975
2015-10-26,0.013407311570792644,0.007076560661746957,0.005647940333244245,0.0019684565139223512,-0.001104590370218728,-0.0053748003531948465,0.0020211725362163455,-0.001169163268155282,-0.006422427245597968,0.0036470968969745683,-0.005595875931577362,-0.004221507882263723,-0.008923374723569771,-0.004376484415702339,0.007777048053824301
2015-10-27,0.00040950231254944375,-0.015573322374992758,-0.019698364909311178,-0.012292581022042434,0.019024241819838226,0.012017621900625993,-0.009169119572723478,0.004241587295121418,-0.0021503631234488577,-0.009420372918922691,-0.006290828170401195,-0.0046049182373288505,0.002021812479729254,0.004319344695342571,0.0003226747244988032
2015-10-28,-0.012584218544462962,-0.0034340225349873427,-0.0017912948122945117,-0.00265735834654359,-0.010379219933759891,-0.010117514989195879,-0.0009439513290913559,0.00873076327438788,-0.00973513708180322,0.0036138299339505556,0.004954938506191496,-0.004224356993148961,-0.003582821254418828,0.010530041362418948,0.00046994428841343715
2015-10-29,-0.010607732268763881,-0.003314138915568862,-0.009053262755873098,-0.000748274728988934,0.005104330133112539,0.003815014680436263,0.004396289819648788,-0.007512781580400297,0.0008537468775633493,-0.011118686089085335,-0.003356975436058221,-0.00014838897348350708,-0.0037593237268372407,-0.0020051734397353777,0.0034419944774377233
2015-10-30,0.0015741012671265635,-0.009068235359810075,-0.016864854989792587,-0.006170184894518538,0.011218119948487896,0.013197626005673606,0.004688879300324741,0.0002057248751336123,0.0047402121144796295,0.00538223334152387,0.005733953517563537,0.008266143513093812,0.005732478564783462,-3.8540609160048894e-05,0.0036377481508949507
2015-11-02,-0.019682326228775807,-0.009732274425794303,-0.009568767735246324,-0.008035634030521772,0.0044997368166588576,0.006487640091076873,-0.001778856871632635,-0.011031985202805282,-0.002318164445151351,-0.014033310453696709,-0.009245840072087376,-0.005047144804074493,0.005888397345980408,0.003443485661184197,-0.0034111484368849502
2015-11-03,0.005223522267900781,0.009428522534113217,0.008936587237495755,-0.0006636370499896343,-0.005711179024271895,-0.006351426552451313,0.0026669674561280122,0.009908944021852122,0.008478610973659621,-0.0009822526143504144,0.011068015963041024,0.004280022494133962,-0.006941121827593211,-0.014132976252444989,0.00587872481172428
2015-11-04,0.002608383882976388,0.010517752785721328,-0.00017589083850892413,0.0007493208820624556,-0.011764260926887368,-0.00016258548324534026,0.00047264364601453876,-0.0015006532277727683,-0.009403391586369273,-0.005227567242604337,-0.006152368407262488,-0.0040865873137708175,-0.0016207894497498481,0.007392056653711265,-0.0014098781619951125
2015-11-05,0.0013721162904386554,-0.0036597061646134917,-0.015066954504564944,-0.0076036987388601205,0.01566532891993827,0.0182503165837086,-0.009047934333784605,0.005918420689907745,0.0061315229476136025,0.0005684048578838341,0.00618999235105863,-0.0098191548921636,0.006653751800166116,-0.0024361108606560794,-0.006407995149704116
2015-11-06,0.006915155497460974,0.01412800444441507,0.005539925085421315,0.01287070065524764,-0.008970541620205476,-0.011808612459869576,-0.0026480030525760055,0.00133846229720643,-0.00017116466675920657,0.005632190188726342,0.0073793874327434655,-0.0030967272004286707,0.011580092358098325,0.01037662477797359,-0.0034825824537664148
2015-11-09,0.021655453274823246,0.01853034960618654,0.011309225372783786,0.00418365106707859,-0.02640265111876721,-0.02003393863748854,0.0010753180636231359,0.011614082441206978,-0.0025422188497136347,-0.0014389072439989986,0.005843982297674367,0.00393449045452278,-0.0031906263832149374,-0.0017480661384176076,0.007824474937973124
2015-11-10,0.004131101098152207,0.005597235634377157,0.005956857769507848,-0.002507741806334959,-0.011897397000104415,-0.013518366606852301,-0.007214906006972074,0.008527159030767081,-0.006981818712604168,0.002880725657785627,-0.005663726216530704,0.006589945967256105,0.005632604534409322,0.009463834986929423,-0.012161319708246177
2015-11-11,0.008227073497178598,0.010636059494019965,0.007213358512058484,-0.000906934622700941,-0.0009713128373181473,-0.0031524087682558675,-0.00699468677632536,2.3755954338147006e-05,0.002747511676411402,0.001125818882210767,-0.0009578545534909173,0.0011707544113623049,-0.007708713699087221,-0.007981416899085242,-0.003982631331842802
2015-11-12,-0.015384863571309769,-0.009908827693209407,-0.016874155135392917,-0.006948164874908047,0.00015794387116980493,4.370807154197801e-05,-0.003205824331083776,0.008386835931645787,-0.005517194778442151,0.012808564372825118,-0.0026009202218839848,-0.0039897435477352,0.005554784225727038,0.0007988710074607434,0.0010823655519653988
2015-11-13,0.002276721606886998,0.004087980639280167,0.011935867214844131,0.009879563062003247,-0.005785461368614507,-0.004768175312486624,0.007853876657264884,-0.003981360281599875,0.0037494433707496583,-0.0006776462168258616,0.0011966336255453073,0.005421048952564357,-0.0008917915406968851,-0.008570101897651812,0.013048763585317884
2015-11-16,0.016252379622286952,0.015862471214499678,0.006579280820791187,0.009334522941586553,-0.005153171928242126,-0.0054111305514733515,0.004673873274524682,-0.0025537527991311582,0.00914580872135342,0.005478993131963589,0.009359822801516635,0.002372773276854262,0.00041757830327591224,-0.012324292262664526,0.005776974369913971
2015-11-17,-0.0025594472343829864,-0.006496782627829602,-0.0047235762014868395,0.006191246143162174,0.006965484493642381,0.005013593291980069,0.009323076236272123,-0.0137715491059035,0.00607089866698428,-0.005582905119822394,-0.0008698959513253578,-0.005601878238224566,-0.00018727805252314288,-0.00234709671803455,0.015731239883285713
2015-11-18,0.003239848507859841,-0.0011806555584973647,0.002301117749860057,-0.0045714660529704385,-0.0009782879330156148,-0.004467160246135182,-0.006009740311867398,0.006493635835321004,-0.008049693546628808,-0.008219378815955622,-0.008935213061774621,0.008378207334155433,-0.0033758508167285955,0.0032048494311382653,-0.00859506586574126
2015-11-19,0.010815733649750449,0.001332711703859861,-0.0076682776920930255,-0.01011815235771165,-0.004315614529800694,0.0018321194912106617,-0.0005366042685637446,0.003799505263363826,0.00762053890000422,0.0025264381358097486,0.004887454053515853,0.004552260261913528,-0.007492571087264067,-0.010821748768872225,0.008598538812537896
2015-11-20,-0.009560380669316257,-0.01289484764251853,-0.0023782412552085575,-0.012462282967178977,0.011561140898370955,0.011795950181588435,-0.0018511354825103048,-0.005474021249478628,-0.002688334675287463,-0.0027576377158311433,-0.009119430758260876,-0.002327533094003506,-0.005679309359623019,-7.643805519444154e-05,-0.006939373000719065
2015-11-23,-0.0032822758862248802,-0.00895689110994687,0.0030680805659183937,-0.010701203114943894,0.013710775275093347,0.014737127341652483,-0.003249606669903124,-0.0003743665581739052,0.005408781080916707,-0.007511333662779451,-0.0037423806115985865,-0.008262971566019676,-0.0016036627846927722,0.00018017552861480674,0.006191772542678311
2015-11-24,-0.001033672113862713,-0.006194571191277903,-0.005215429830619681,-0.005458014753901756,0.010731032397042256,0.010507538599411104,-0.0021033213190760234,0.0011045107489555065,0.0011509904399879638,-0.0062835916699086145,-0.007260667628955119,0.0022194334767537847,-0.0035481300767758956,-0.0025138380610729375,-0.003511719235305588
2015-11-25,0.005812918796141067,0.00581481870692171,0.002144740513373486,-0.000897525474037153,-0.002129106791006502,-0.00010974910511792058,0.001969198940687547,-0.0011476931777046426,0.0045308131156873484,0.0005299243181815293,-0.0020087212719525904,0.0015795938999365988,0.00785269573308608,0.001328366300642131,-0.0020503954971975713
2015-11-27,-0.008466266082791104,-0.013019359392314238,-0.007532714538527113,-0.006103656702217932,0.01125295001098536,0.01590665890414834,-0.016536417358380538,-0.002977452881796414,0.003260348072451596,-0.0064211000622810595,-0.014581681132209418,0.0014722929889321808,0.00166567339490537,0.0035329376128711456,-0.014521574372895741
2015-11-30,0.011849001569923863,-0.005787020279389044,-0.0010802635631884652,-0.014000155310171482,-0.007190798444065155,-0.007942558266937537,0.019672506174586372,-0.003138049076935422,-0.007833622095884462,0.0046223804975016915,0.005206893633963148,-0.002725423240471635,-0.0038201127787047045,-0.005995613598036945,0.01653670258716238
2015-12-01,0.017500789884999784,0.00970900942894754,0.004643460634936219,0.007856848425524938,0.0024011389063134554,-0.0031744256649904766,-0.003703089487632789,0.0046135240203054395,0.0017323337456796473,-0.0066757478769574755,0.0018957371006248277,0.0014357892760984564,-0.004998681856139307,-0.008746568701949942,-0.0031899743011184036
2015-12-02,-0.0047293300833166855,-0.0011779370513946806,0.002447922675175981,0.0027223775683082353,-0.00018412054154206756,-0.0051536187269430826,-0.006176413121107269,0.0009913999644223098,-0.009087485737879368,0.0017580184781934467,-0.008918048406525034,0.0003871214578359608,0.0029892294830187634,0.007431234448515553,-0.007037417421197159
2015-12-03,0.018521862353687635,0.02024137010131128,0.014905717194656404,0.013686834657358109,-0.0116493115866367,-0.011095499620531305,0.015415444629981227,-0.004238516925931499,0.009081980837245578,0.008171324042095739,0.015634970137299184,-0.005129080947442804,0.0002625819149454506,-0.011572968096342983,0.015581313702175047
2015-12-04,0.010880631444797456,0.01314351281168212,0.0055617245537442645,0.012167596257356042,-0.012450468027378512,-0.011687699601486672,0.0065390435071573765,-0.0006725847787316958,0.001443552011309121,-0.0024848064177530327,0.0047127681386138175,0.004430815518556052,-0.00461610812114518,-0.0038707417989595864,-0.0014446117630131268
2015-12-07,0.018748062677440475,0.016516230502853693,7.204003124632865e-05,0.007831760443765124,0.0039744252872920514,-0.005011166695304411,-0.0010978767833232893,0.00032853621110030904,0.005399089827425026,0.00423943572487856,0.004397094598301244,0.00025927957765835286,-0.004543062216907384,-0.014415892644500663,0.0011843772322709537
2015-12-08,-0.013153793872680017,-0.011126052175357925,-0.0026112162777626726,-0.003708207207866291,0.0034568243934276054,0.001682675322208475,-0.005676801777640356,0.002941016898265778,-0.003006114782323088,-0.00732977883076234,-0.007894451313966438,-0.0004328546517279961,-0.0055793810719877756,0.003658931827437829,0.0028263056701061185
2015-12-09,-0.005131163543279003,-0.013464370379655505,-0.014828650627992664,-0.006269026693829821,0.012750291095411764,0.010843005556271162,0.0014799160235276776,0.0002857303578662428,-0.0005348047090926128,0.0002927408024460031,-0.0012646812288655807,-0.0006045768907431325,-0.004104058478067735,-0.006903072853420886,0.0020030912026065273
2015-12-10,0.010825646278614995,0.015167629441883948,0.004746035086058063,0.00258868189013323,-0.013905934186959757,-0.006926594411987622,-0.007860784113402366,0.00016212437376325606,0.0007988622384555027,0.00028237307228084,-0.005625792603526029,-0.0020861049468634332,0.0028085870422115793,0.005614327558636986,-0.006618160458284008
2015-12-11,0.012442941070860775,0.014060583049736947,0.00896463250140924,0.002468899696882987,-0.015662866300952035,-0.014494318688284966,0.00804781459336934,-0.006151831110963981,0.011969694042902703,0.002858630506331528,0.017147285813078263,-0.0013293455295868648,-0.008401321745678246,-0.01723022561717404,0.008378083767496377
2015-12-14,-0.014002538907587883,-0.013701734741331743,-0.013381560512194902,-0.02193728085494319,0.004382796746453071,0.006638690522186304,0.009910252856024628,-0.0054411119777415615,-0.009861274695245118,0.003542772177445655,-0.001961018904407398,0.0016917449864713354,-0.0031057685088006215,0.009305151905317213,0.004008792282096366
2015-12-15,-0.008511595305383975,-0.0018596501398023095,0.005510164682767398,-0.004501308550004995,0.0004869528515875389,0.006774137698254601,0.012671936786675725,-0.0013837448704449896,-0.0012628679142100505,0.005385999455691164,0.0019072378122415197,-0.004181637615206605,0.0036359215487464375,0.003733261352887044,0.007260780301538544
2015-12-16,-0.002460868031336525,0.0018505546605201567,0.0022766681214781183,0.008395629184778784,0.0008285962837789283,-0.0036477141291563105,-0.013013562567940873,0.012595994063472709,-0.007038215958649936,0.0012405548201505703,-0.007894061413846423,-0.0054217730161341985,-0.003418770747227123,0.005807075537521132,-0.012085005631624957
2015-12-17,-0.007469498706974132,-0.010511792995882249,-0.008908439079938709,0.012961305675039489,0.012689877527293617,0.008549758603080321,-0.009308505280619795,0.006582751458887156,-0.0026795472174050176,0.010675865100293077,-0.0017040422109032586,0.010246034870593348,0.006044188499224434,0.0049873649268144995,-0.012962774161319138
2015-12-18,-0.00529447109175228,-0.012179656332516577,-0.012708390614736918,0.001274451906010176,0.015673445720126973,0.012162465758980539,0.00018674002292661494,-0.004778041138968196,0.008037592192967175,0.0018147675784481454,0.006924230187468031,-0.0010469243710958444,0.007518955138116864,-0.00847594520296336,0.0024516900969834728
2015-12-21,-0.008451756213421915,-0.005070388358358187,0.001294831170518266,0.0006623632814233196,0.00022298896556493218,0.007672792010500645,0.005149079365825096,-0.006862457435943025,-0.002289721930237725,-0.0022266481228218364,-0.004745039811267402,-0.0014862333532020319,0.00020970232065836703,0.002980972656390298,0.001672687301398617
2015-12-22,-0.022455089535743822,-0.029600725648763506,-0.015927294334671147,-0.01102848686037011,0.010228116869841234,0.013084851014167965,0.00449973858928312,-0.005511916170063117,0.005831594846945041,0.004053986767756685,-0.00530343347168228,0.0028393096927993647,0.0059464470417764995,-0.0009462529081071865,0.011290188087152014
2015-12-23,0.005585697705648096,0.005118172749845429,0.003272887601017266,-0.0028228827226825237,0.0007585315831392714,0.001520141894128904,-0.004406065004421247,0.002633816384472426,-0.0037271408338528686,0.00362652066604906,0.0005646127422209602,-0.001288806050796218,0.006264009794266975,0.006759076434704755,-0.0025619173519394415
2015-12-24,0.021510556964322892,0.01176886570733837,0.0048416441413770776,-0.008897227370353375,-0.01652006670781258,-0.02145977776358261,0.00404377175921945,-0.002275991845042202,-0.0015499551441115565,-0.006862165336354564,-0.002824437250505252,0.004068751657440384,-0.012012475267726894,-0.007752841314914876,0.006600176779023604
2015-12-28,0.0018045274204047668,0.0012172313508065497,-0.005493052941777548,0.001049830621925726,0.011341062308466076,0.009203697241693395,-0.007718406175013962,0.0011348894239368613,0.0036297676271347615,-0.010866739407533256,-0.003031502593547711,-0.0022915761087191205,-0.0022556527631917133,-0.00014210385592490493,-0.006054936137700386
2015-12-29,0.00866440238275591,0.0071125991828547225,0.0054239411417776745,-0.003802534499326656,-0.008036475330098585,-0.007753951609162485,-0.00014230905989475514,0.008423948022429371,-0.002045106535454741,-0.003370184893438927,0.0064433701627763795,0.001039481420614427,-0.0028759693330066526,-0.000551415371120292,-0.0036901449496144646
2015-12-30,-0.011867100790115652,-0.012315565293259657,-0.013290145177275637,-0.006256042325246574,0.009758237623247732,0.016353401914145995,-0.01654164925582622,0.00905056595802127,-0.0037427535890422773,-0.007222493950469577,-0.012608890004178685,0.005047769142129624,-0.0017072591894448678,0.004844352067816441,-0.01498886436680257
2015-12-31,-0.0114382018316068,-0.009744886813725623,-0.010112816970473091,-0.0071031162809488315,-0.006556019423079764,-0.001235409482256162,-0.0007665245808605031,-0.0024281703162758114,-0.006704162485006326,0.0003883472808526682,-0.0004767132586004433,-0.0024902850463043684,0.008696443477228078,0.0075812400292797465,0.008451504344239585
2016-01-04,-0.0016263844583902299,0.0009641594237419712,0.003747381823094933,0.005985917990490008,-0.0022297540555851984,0.002680004801437696,-0.008639941638539608,-0.002097007882432179,-0.00977672204516041,-0.0017782596585536022,-0.008156862386825735,-0.0006426706246273183,-0.00418806891253742,0.012222129299411211,-0.002145293342777379
2016-01-05,0.012351681647472369,0.02213702940485634,0.006611377262878498,0.009728423787485119,-0.0005347949913127479,-0.001411105306490806,-0.011348423868323496,0.011471946291419122,-0.008826770765655374,0.011530529824156931,-0.006474755999654741,0.013441641125359656,-0.007322583418677446,0.006652075366946791,-0.013167332350293713
2016-01-06,-0.004333593398743358,0.006046485717571059,-0.0004017730599420108,0.0037531778338273127,-0.014101722991873285,-0.013371318819727664,-0.005832662799976931,0.00822514297493589,-0.007003381955481908,0.009900305255227036,-0.003926402106043638,0.004697865749299979,0.004098724069851949,0.007682544617626786,-0.007701614647138264
2016-01-07,-0.005732436830986686,0.0018301358444716663,0.006128402123195827,0.007584423160210777,-0.007064676303780956,-0.0028077664666866318,-0.004471107430688919,-0.0018952321852591485,-0.005220738122774441,-0.00015442834608908607,-0.009820702179584364,-0.0012010225494429316,0.0017813753727978637,0.006022823959331831,-0.006334567508944864
2016-01-08,0.01796036127371983,0.017714366501141735,-0.0024916950412380724,-0.008307163254483519,-0.02143630202878337,-0.014109285205152387,0.004628043129923695,0.0015835880652997807,-0.009475935104038902,-0.018417179834891932,-0.006411837592430373,-0.001699903108642051,-0.004539612460240474,0.007842703827835773,-0.0030255484285037527
2016-01-11,0.00035942424936559816,-0.007611240133855516,-0.007762725324854813,-0.014167943497865257,-0.0018222405206030597,-0.002148633540622219,0.0184670143886698,-0.019691089358892667,0.01128916411305629,0.003238446341691383,-0.0021793831358101648,-0.007446731879640021,-0.008096168635581755,-0.018226563797651845,0.016062013054970965
2016-01-12,-0.0016381199803396501,0.0016947061703242346,-0.00415505154742889,0.015362243272134053,-0.01442398793387216,-0.011792427201969467,-0.011716860238541862,0.010607274910565942,-0.012818852230664136,0.003419942798308897,-0.008731314440767225,0.008252543837826823,-0.006184233142823861,0.010188201249094548,-0.01622629476515277
2016-01-13,-0.0030862274866251156,-0.0148449956194711,-0.002316781105111323,-0.015928066393941478,0.019060589193679294,0.015780232933110927,0.0004676174230432775,-0.013977707365891563,0.0058010460068534265,-0.002744319891938376,0.006346943597105758,-0.007503870256941374,0.008215449721455902,-0.004334319758696525,0.009429549330448785
2016-01-14,0.0069196321046581,0.01687509434508152,0.012327475631533474,0.015303077713959029,-0.014058560028232754,-0.008545198531920333,-0.003327306093281114,0.010208842896795276,-0.0032156298911469837,-0.003965129219559082,-0.005181403840914537,-0.010156843886926177,0.0014639209368509168,0.006507112482116963,-0.004769090779508326
2016-01-15,0.010109634949540161,0.009344923137320521,0.007856000295402078,0.005992191186077666,-0.03346832659174816,-0.022126490645821655,0.019776020542890117,-0.005416178763405006,0.004121832305469322,0.006768725937172771,0.0034305527033761957,0.004823148818913074,-0.0025236465888915788,-7.335477368508245e-06,0.00018111419339533405
2016-01-19,-0.010184992465953502,-0.01640234062474154,-0.01235831749344526,-0.015518585008781966,0.025241631476362325,0.030131225580053662,-0.0023323936293667535,0.0033116285680560888,0.0044037910366815335,-0.004261315315173322,0.0027686652164691187,-0.00800528540186831,0.0027684425002933704,-0.011598036875173606,0.0033274000377845284
2016-01-20,-0.003702748159202995,-0.0021226969787611306,0.0015003402364122064,-0.008036803844562979,0.004799901344294778,0.0016212765745011123,-0.004271708694385899,0.0016082519357437947,0.0002793013088249372,-0.014745999685087488,-0.005071509708048178,0.00022975770879728706,0.0012912141331089151,0.0031158874418528975,-8.592398032731272e-05
2016-01-21,-0.006554120691087514,-0.014263147115680344,-0.019424787364065266,-0.01389166267691372,0.003892079188808132,0.0039118579740589875,0.0022946157148180137,-0.007108029030315509,0.00576395266183263,0.009636410222809786,0.009481531507392598,0.003909844809327458,-0.0008392970673790079,-0.008950611339866372,0.006009587172518763
2016-01-22,0.0066872748799316276,0.021565989852196946,0.011608258926057297,0.008115270139818592,-0.011390071935523263,-0.0052733699546574885,-0.00029611172519307394,-0.0008987545602698842,-0.001399226741922728,-0.004664670497514976,-0.0064951330199808175,0.003994800134143113,-0.008317422680914538,-0.005722278801027485,-0.0042260196491727495
2016-01-25,-0.02260117445274419,-0.02352627219539721,-0.02293085797972242,-0.014525070081341877,0.012253547000753325,0.00755729163607511,-0.007097985029410291,0.011158031053861648,0.00494320037454609,0.003218037550047185,0.010764288583518616,-0.004303860140052719,0.012835211141649906,0.011909478153472522,0.004690149086959862
2016-01-26,0.00018347056630966044,0.014236149921878556,0.002569677321192204,0.017514677041613615,-0.010972128086413124,-0.006745817473768024,-0.011257118113075334,0.010876710946142065,-0.011980159996017484,-0.0037246404101571786,-0.004652549147694614,0.006540853190006712,0.002169108554412897,0.016608643734033677,-0.016770701628583604
2016-01-27,0.016183113637676286,0.01458230829144528,0.011219156554655376,0.012100283497201537,-0.002701244585345263,-0.00672107358388626,-0.011556026089121785,0.006756665725880409,-0.009109516129335115,0.0014997355476955485,-0.006215520685848562,0.0020345874459689927,0.005698064064208804,0.004621275322332165,-0.006438258856220701
2016-01-28,-0.0030423205254906417,-0.011389477848585287,-0.006904354471823457,-0.013968126072048323,0.004497246828319937,0.0073545366917818315,0.00782081877199058,-0.004327493101960279,0.012329446629010393,0.004751221246720481,0.01110813548062049,-0.009002380123375477,-0.0038180613080715242,-0.007815697522479244,0.010317904417871959
2016-01-29,0.002173433252440799,0.006858376877831219,0.00484115166520407,0.0057923503130640625,-0.005151522832965812,-0.007093413438242219,0.007662227598335181,-0.001769126743031973,0.007194601699060633,-0.0021120401431380356,0.0018573738222399294,0.00035090815784763387,-0.005694323898019785,-0.008554901829273608,0.005031569379385604
2016-02-01,0.004521840791405312,0.023854872749062412,0.027002780906396347,0.025999997933769045,-0.01873964548889933,-0.020446572685258724,-0.014879043497834919,0.017564675438979896,-0.003391221106663428,0.003925760496432555,-0.008098803243193009,0.002359476707460898,0.003414639271695649,0.01304455335232748,-0.015088060639647944
2016-02-02,-0.014863656343492357,-0.003360053952581701,0.0019513100102282641,-0.0009636853944270237,-0.0068852712165095595,-0.00639773234760618,0.01472906096208116,-0.0175598549971836,-0.0031131474435691525,0.003933225471646521,-0.007841319147798202,0.005039987555828476,-0.011313955863786394,-0.0072438343527193826,0.011581090072915181
2016-02-03,-0.012370036824064273,-0.01946170841471409,-0.012354267452367635,-0.011012684725095236,0.014341996828449038,0.014546899473160815,-0.0016236959241283915,-0.005607955681921584,0.003910761943834476,-0.01069614682128562,0.006177525436738055,-0.0002791731921439229,-0.004079237097118768,-0.006769142434901969,0.0015002788284008053
2016-02-04,-0.010500037992359233,0.014529504266004648,0.012394093362904686,0.021724110516847944,-0.012598640671997778,-0.015953189370122398,-0.01311739348429122,0.01844171395730401,-0.02393933971865298,-0.011973343615747627,-0.01913038365700787,0.00904842204876339,0.012126849997500806,0.029696202857338413,-0.018016113068831944
2016-02-05,-0.00432133221528044,0.018143034309238488,0.015771501633146296,0.016644487043127112,-0.01590747217159745,-0.01990766340185306,-0.01014308683263848,0.01667696361122281,-0.01590498919844141,-0.006197836986306106,-0.010723182196716509,0.003969289329965649,0.005802735419168672,0.01598041230779762,-0.013359805893131384
2016-02-08,0.009369550271074197,0.0013769521690929773,0.0021039935560715093,-0.0007456192372696114,-0.004056524956560909,-0.0016045295584384627,0.006521041256627953,-0.0012559485621617857,0.010911339921635028,0.0009074975170691945,0.006517662494845306,-0.0007091751681738059,-0.0009589848325920192,-0.01104823211550131,0.005441627743097947
2016-02-09,0.019995280189097405,0.0003448303180708283,-0.002923910232070415,-0.01759915294406529,0.007311934598573156,0.009156725844572717,-2.31477401056333e-05,-0.0026714112215618048,0.010492552611635526,0.005455772494059865,0.005045721892551308,-0.0006828453293932283,0.0030861728940944,-0.012753814990430181,0.005267144390659985
2016-02-10,0.01159870125065987,0.012722393906877474,0.009566411087289424,0.005817324814154812,0.0003256045953149902,-0.004013908333732599,-0.006868185674303426,0.007335156861144885,0.0021150198473353296,-0.007058947061167661,-0.0024292489238195956,-0.0044765738980041825,-0.006144073781803722,-0.006296161880365714,-0.00297692641460183
2016-02-11,-0.010230971547177076,-0.0292192719845982,-0.015612954281321242,-0.012927808431128597,0.00924463936222952,0.01295355500717038,0.010542923075214759,-0.006758503860512348,0.002645290095684375,0.01025470142805265,0.016174368558902807,-0.0022603747160680476,0.0007587199075624988,0.008747756724887125,0.0125542699362853
2016-02-12,-0.016880627708064824,-0.028524129405101878,-0.021750437854924705,-0.018749494768943005,0.019970044145275853,0.022114470743687387,0.005640483065010695,-0.00360717462419307,0.020903600356004273,0.0013130858820312973,0.01576024013153944,-0.000912444975151458,0.003073798555166315,-0.010555290560198499,0.010680914817663631
2016-02-16,-0.010905235889960278,-0.01213820984598125,-0.015528979278460711,-0.014182192849983918,0.02502202860235711,0.024618789672396807,0.0075573722864924805,-0.015246782239798138,-0.0012007458107879104,-0.004840051419557281,-0.007003812090377629,-0.003147593727568499,-0.008399028229629298,-0.009858000455638912,0.012336622233861923
2016-02-17,-0.006804924231258821,0.000114434196760473,-0.007827822595133281,0.00019667459953631435,0.002368940902394788,-0.0023814884570807666,-0.00575186504137329,0.0032491328108359705,-8.218067854374935e-05,-0.003813179806133876,0.0043797582719280505,-0.002586853354183545,0.003808615133401805,0.009755456387593427,-0.00026069572778704506
2016-02-18,0.015605773817162388,-0.005075064454916357,-0.002561476699046129,-0.021632634174422065,-0.0033672763861831156,0.008659774127780361,0.005315083995750854,-0.006233633206689463,0.006379156189498262,0.004347656865401016,0.003987665890352987,-0.005532831721018436,-0.006211907043763179,-0.010407563622268304,0.0032963444403524833
2016-02-19,-0.020861957568220374,-0.013323660375540712,-0.01615444710554517,-0.0034489265618277073,0.013862738253010036,0.01776505342839535,0.004442867701552004,-0.0003299641665293236,-0.005102494428633968,-0.0066944043457689735,0.00205259331028838,-0.003919352236503259,-0.0017207050267499836,0.002386209907307809,0.002713472008413695
2016-02-22,0.008724064786629742,0.0025910247025038103,-0.0002917482918689297,-0.0030263087722259543,0.0013088141525748219,-0.0022055198391960525,-0.008297037681645194,0.005796330368090654,0.0030280665202028663,-0.006790717534287796,-0.008956096873829866,-0.0030149799816781104,-0.008067835634428614,-0.005349803647628899,-0.0037809629348185105
2016-02-23,0.002582737172580089,0.002216650607094285,-0.0017649855128625417,0.0034872280426938365,0.004953614568731689,0.004635481687114704,0.00297522480039403,-0.004099334707238965,0.002069971035506213,-0.006908218068101216,0.0016263292312055193,0.002187220124328128,3.7299891442457364e-06,-0.0029101227916036258,0.003563732158257671
2016-02-24,0.009788705765177673,0.009781306887637068,0.004194201813769111,5.5232521268279086e-05,0.0034816457634587357,-0.0033536524260992257,0.00621406487503216,-0.0006346558430798789,0.005311402256970361,0.002993681453982,0.010335513917212092,0.002866509899821342,0.0026931537888030413,0.00020382407912327913,0.005662035111339709
2016-02-25,-0.01657799177572153,-0.015789557856563923,-0.015208389609666457,-0.005776979468643648,0.019959465664613762,0.022326318498455903,-0.006743488687509954,-0.0020723609180162755,-0.002226012806865141,-0.0060518573910719724,-0.003853704327261985,-0.008067496716868624,-0.002309184372814375,-0.00027735511488702087,0.0007302583537053411
2016-02-26,-0.007736771556996756,-0.00786655701893809,-0.00485701414123907,0.003942917382095707,0.002575679411610041,0.0008964247050591634,-0.00991606258450588,0.007344331693531866,0.006069553666121085,-0.0029913435224858853,-0.0022923576885026755,-0.0005938899423143897,-0.0026998546213783366,0.00021871325382231293,-0.007167237406249649
2016-02-29,-0.008049661860800835,-0.012573033439957785,-0.01899311322646712,-0.005613353859915756,-0.0027219698163437125,0.007580754867398433,0.01868086024648355,-0.006131963602108426,0.00976282403394877,0.0001688529666212489,0.006370233109566531,-0.003763890293938723,-0.00021750528581673464,-0.0028618552599801762,0.009542031524209208
2016-03-01,-0.014122292744607703,-0.015033674202572563,-0.010183027161604824,-0.005044427861582268,0.019854717838004105,0.016668510992553728,-0.016128953360888806,0.00607413725514016,-0.00899849635105463,-0.00427317113419003,-0.006384767264770786,-0.0017144262062683182,0.003131483530829293,0.009440183598975112,-0.010433638642281248
2016-03-02,-0.015334536706275607,-0.014295453369406108,-0.019910473823787227,0.0016418647109891805,0.0048302727291666,0.008223746839508201,0.005736107389607463,0.004454685606604459,0.009079812943079009,0.006544029196046923,0.01115806288110589,0.0010997494008356552,0.010864809644373297,0.004559130428615241,0.0055063940132202786
2016-03-03,0.0001875137463324449,-0.0006345826199785484,-0.004178774775424349,-0.0072130108112851005,0.0008609904564802981,-0.0037740227917450317,0.00553857692957929,-0.006752138449943236,0.010325845446392814,-0.006003783820987383,0.0017423080006721834,-0.0034669662191032687,-0.0012583922049862794,-0.005548945126798526,0.001016406090961197
2016-03-04,-0.014693228222862465,-0.00946724147951681,-0.002502429148776907,-0.0037901893787475275,0.00830111437523757,0.009333208281696644,-0.006543057447393118,0.009286365245774359,-0.008506626337505842,-0.008250547508500615,-0.00867231543305028,-0.005613324036835603,0.004499913554748138,0.0034992768433119103,-0.00785958727703364
2016-03-07,0.02607247614097378,0.0187676213516626,0.017062288140525336,-0.00406887358769672,-0.02762427847383828,-0.026448597720528,0.0005294775146245448,0.0005083679912302741,-0.0001194081599668155,0.003501991082517428,-0.0025881808760217333,0.0032624417065706367,-0.002554553400415823,0.008855961095794377,-0.005330513397108189
2016-03-08,0.0014626339066276337,0.0066354623616798865,0.012826224516906772,0.014567590017717777,0.006917940916441913,0.005657835257959502,-0.0025112013496521885,0.004563066144197883,0.0037699770112726173,0.0015394805674553477,0.0015918028630319287,-0.002195953526488729,0.00018857604181081976,-0.002041324096083351,0.0033613195087422213
2016-03-09,0.009687158043204943,-0.0013866372946162511,-0.0030493808185249466,-0.010764430977667166,-0.006749499941652093,-0.0006626000591191438,0.00857756599889278,-0.0024041776921826757,-0.0034683102542942736,-0.0012947921695003297,0.0038437870105407575,0.005570298735939535,0.003678843200185629,0.0034236998822725078,0.005790053668799953
2016-03-10,-0.01921591713677194,-0.020115762153416865,-0.021518140382185275,0.0006431209071227004,0.014355126631029608,0.011749328919194803,0.008508153720576166,-0.0036052001013404493,0.006304828092715301,0.003986969912739623,0.008636512095726369,-0.004742912983169197,0.0028174198737262214,-0.0001677925290209173,0.0052075015486879525
2016-03-11,0.0006671446545524506,-0.004032657167739633,-0.0033767297303390837,-0.005266152091679266,-0.004893109089880256,-0.005360287551483801,0.004670577942665776,-0.007389989327936923,-0.0009330891963751575,0.004905331518500886,0.004621506562494071,0.004843738678482093,0.005774944751174611,0.0007623875270077521,0.0019774612992191254
2016-03-14,0.0252960140955151,0.025903725701972594,0.020805996969581703,-0.01668442626752161,-0.031097418803599536,-0.032636712498176075,0.005976792572006222,-0.007864662721265306,-3.8670449162246656e-05,-0.00014021440464641668,-0.004472777086596196,0.010157093560345432,0.0003482335993324117,0.0006612648950404532,0.0025440330417972803
2016-03-15,-0.001332327409649392,0.006035882924330945,0.007341592029283963,0.004738255505294475,-0.0012339553701201569,-0.007532611415327862,0.003936725763138266,-0.007274916964347142,0.003462188976703435,-0.005885693264900586,0.001652076356604663,-0.005296608882805498,0.003162161374880918,0.0015060816472724885,0.006862120246236099
2016-03-16,-0.011182009988475003,-0.003652667708001705,-0.004401907213910275,0.00868435467401333,0.0007775191263883173,-0.0012091654628840227,0.0049888404204769905,0.0014892237449741982,0.007947789673528497,0.004721040377663176,0.006746143551751618,-0.0007462946189818655,0.00033487060386150347,6.446396547243188e-06,0.003829741991892183
2016-03-17,-0.007779249213421708,-0.012508950978672218,-0.014916805139243936,-0.0032716080640895163,0.016439419958704612,0.01295677593714348,0.0010907880621875126,0.00285918280368781,0.004295759727528288,0.00028222835534166043,0.00796245812683958,0.0044739905746080345,0.005349197296717545,-0.0025161209219291434,0.0004743572777584351
2016-03-18,-0.004882456185087068,-0.01114062378102642,-0.0071964630658733954,-0.005659052403810705,0.001059643265383343,0.002574030994240426,0.00417450702774821,-0.0028741189536615314,0.0003865613789281507,0.00487431666869804,0.004395638593461356,-0.007419885713876967,0.003309438693571514,-0.0028942972349349943,0.0027448503074265058
2016-03-21,-0.004340576067687382,-0.011052413306570022,-0.009570281313985423,-0.0069480225878629604,-0.007572183637031526,-0.004178609800627462,0.009512317737203811,-0.00623791696731839,0.00230960208526165,0.01086965417638627,0.007877877446508688,0.0032642745006809474,-0.004148522908124537,-0.012364791560859097,0.009091966773915208
2016-03-22,0.018551927954391343,0.017140334870000367,0.008427955575188351,-0.01014473734020489,-0.022745445044742088,-0.018370518610932696,0.004171183162589735,-0.005104161670637689,-0.0028187699618004124,-0.0021063403975736025,-0.004721860909347704,0.002603539771949201,0.0004603506526713423,0.007207110152508134,-0.002609591930267517
2016-03-23,-0.00299994018786335,-0.005793278061055458,-0.0019633377247578604,-0.006064572525088283,0.000812225020039086,0.004556944168991048,-0.009739232369729456,0.012611640588155282,-0.0017068770616274888,-0.0001465021544476905,-0.00293170121994572,0.001566731468541149,0.00280667686611891,0.002772021247573946,-0.0071606599670925135
2016-03-24,0.006180925202638494,0.004043648336177731,0.008690580797239339,0.003511569299398533,-0.015492782851438272,-0.012996768939471886,0.0037264894624346808,-0.0020902761800944037,-0.003240882597011558,0.005856035678423294,0.0024620390756327406,0.00013984664736534457,-0.00010747733676667805,0.008252316494946454,-0.003808234090204067
2016-03-28,-0.008035831797811137,-0.007681258395303127,-0.017183429784759868,-0.0018459834691559318,0.01580225493298005,0.016166960943506947,-0.002890781046769566,-0.0007876917747006544,0.005685987085340544,-0.010460427237533099,-0.0021526833604572776,-0.006993531078053238,-0.012009166074478531,-0.012787814305835359,-3.864960434422915e-05
2016-03-29,-0.00011653064675803395,-0.004516570963093576,-0.006924369592406773,-0.0014931642364702964,0.0009901336141687313,-0.00421468932360085,0.003585038370996125,-0.00781944526396018,0.0031310075325148875,-0.0004014921921453732,0.0029125436189806576,0.003020315246116339,0.0031545560569672774,0.0016959716754378785,0.006959487173860629
2016-03-30,-0.004154027673057091,-0.004537461815285161,-0.01123771939240905,-0.012408852415893838,0.007346067876842864,0.007199201096975237,-0.0023393577725894,-0.003935110749833446,-0.0008868582099097759,0.001798701605698806,-0.004084312645070034,-0.004152292814200271,-0.0021303420730563517,-0.00813177139264765,0.0003109998950106113
2016-03-31,0.010371055013115785,0.00521037695958141,0.000878546824361749,-0.0014704626842978671,-0.0032349271476711924,0.0021458439508118465,0.0009031923105725405,0.0011740785773793633,-0.00433024537150687,0.0008048231201119188,-0.007814023084808263,-0.0006146063860129206,-0.007028169808804899,0.0005495355644693557,-0.003112012851515489
2016-04-01,-0.0015646778132328235,-0.006411820043953584,-0.005711514500934473,-0.0065158561932960124,-0.007408024283392904,-0.00587790932353136,0.00013770601986757593,0.0038081916740395367,-0.00013094589382367863,0.006021993325986437,-0.0029153708533428656,0.001017889573283204,-0.0012473368947667745,-0.0064603896981843285,-0.0037968900617014346
2016-04-04,0.00502444753868913,0.004371657676864004,-0.0018647858376044189,-0.000571008495600699,-0.0011863539360201757,0.0018074835365208056,-0.009883142453395834,0.008466980089228865,0.00021873791418471067,-0.001589456097156149,-0.002233914985392692,-0.001655367733818934,0.0046919265429159656,0.0009130468338572426,-0.00872019553521524
2016-04-05,-0.0026458453805253924,-0.008309140845670578,-0.016533379224035038,-0.002947261842303382,0.012314828813622107,0.007306550837906646,0.0140132594438984,-0.017006461497211765,0.011066694571442836,0.005443159743794639,0.003212089553353824,-0.005314202719496593,-0.013172598267275504,-0.026889368990087315,0.019058668441428537
2016-04-06,0.003176089421236509,0.005443750619041569,0.009215569448563745,0.008064102195802253,-0.010458859886422932,-0.004652294584484271,-0.0034534583474133736,0.014296903334724144,-0.0013284975119546762,0.004616383880410101,0.0003238555707251907,0.0021833325872222063,-0.0017853237419044252,0.0017377163964852425,-0.008413639058357814
2016-04-07,0.0022238993838700795,-0.0029811796563843657,-0.0030294005520447673,-0.009366433734109551,0.007615337282847815,0.0026929565065271833,-0.0025701924362225726,-0.0004813353402290249,0.0017542499124389554,-0.003713360592171635,4.694525742840634e-05,0.0008569651672298692,0.008635638469723407,0.0056015779503123374,-0.00043903977614007973
2016-04-08,0.0001363231656281278,0.0009699566920030483,0.0011866000771056228,-0.0002582271694249855,0.0005806874693644252,0.0021692720687553056,-0.0032611188021744834,0.0008956762697503186,-0.01069709348303087,-0.004730861402994312,-0.0010187180403182523,0.0005725798211777017,0.002920817112053769,0.011720356875557272,-0.0007996167190414375
2016-04-11,-0.010431618806978668,-0.00937805378734309,0.004324251769247272,0.004285189203207935,0.006189607844855937,0.0021625931379965256,-0.0005166504884134395,-7.224435216929021e-05,-0.0006781861523090342,0.004170656484614457,0.0063731058479718165,-0.0027308323009779516,0.0073119819975046105,0.004822948744380174,0.002454322630182035
2016-04-12,-0.01896374492859866,-0.018992139923127416,-0.006652036134923427,-0.009587551950203735,0.02092842392516561,0.016248108648329443,0.001598947119676156,0.0004398875639204918,0.00010631554019142203,-0.00679312334468239,0.005694944325158061,-0.012910855404794015,-0.004462770217321598,-0.007502915817575152,0.00232652979769055
2016-04-13,-0.00748951448559118,0.0009699959496606818,-0.003212114371276676,0.00018300054303183337,-0.0012875795561016774,0.004040810175604569,-0.0003316974707213734,0.0031749025210612526,0.00013030924162529093,-0.00159166954381322,0.001535230808215756,-0.003317701937706261,0.0009593302253685055,0.0014396113936280528,-0.0028393676018201924
2016-04-14,0.003004042857843033,-0.00020137466043455474,-6.10900969300493e-05,0.0020920357461355196,-0.0037228639883213465,-0.0019659391969213754,0.0008797728605036166,0.00041517754986167125,-0.0013031818306552592,0.0015759835097961061,-0.002655960755837721,-0.000927198117337383,-0.001384980113582191,-0.0016562072579504477,0.0009183453361843336
2016-04-15,-0.0006472994209608647,-0.006161513407101344,-0.004390412062028016,-0.0027678290022452477,0.007287924881904287,0.004032698034417333,0.0011722279088462054,0.0022678163201164288,0.0007307173786578252,0.003606679054511125,0.007502986313899841,0.0070168497297342005,-7.530900457839579e-05,-0.003675572201858616,0.002357299148860032
2016-04-18,-0.0061551751754070185,-0.004175172792521845,0.002015025913974502,-0.006894289389424496,0.0021365568536113122,-0.0002328887631334502,0.00037225000224595946,-0.0018000409139805554,-0.0024005445657585994,-0.002157938401714796,-0.00137876209727088,-0.0012545726172188002,0.003963635230537399,0.008534307674122058,0.0009871918168614892
2016-04-19,-0.003200968649900245,-0.002962879714185079,-0.005091578755646352,0.0015563341848918956,0.01559745139227291,0.014733946958506633,-0.005474241141261265,-0.0002790631735785816,-0.002657309306929022,-0.005389848051371271,-0.00244870205797723,-0.005394554531336371,0.0068318702304115035,0.0022125096395548714,-0.0014636842368892394
2016-04-20,-0.003163538756869732,0.011641801352989293,0.001292168878803048,0.010792729505763446,0.010730192227341522,0.009256820153142558,-0.004862367320463807,-0.0060554245968984545,-0.00631755018857209,2.651168932889334e-05,-0.01263337286430703,-0.013501226091372921,-0.005252787156575227,-0.0014783498667473014,-0.0003447348861630511
2016-04-21,-0.011359576080711252,-0.005331182576155739,-0.009669032808478653,-0.0012600277641059855,0.00605079865658872,0.007400010289881938,-0.006661985586201554,0.00956264224153604,-0.003773202709570372,0.0019375220303984543,-0.00044301302430787854,-0.00679043995129122,0.0003477672800303571,0.002643022793768923,-0.003951867935430979
2016-04-22,0.011141655727747543,-0.0003561432554819799,-0.0030714401893062416,-0.004006543521298074,-0.01403175570347952,-0.011751268053765088,-0.002621303671312715,0.002719068026767556,-0.0005633912440015914,0.005724819937866192,-0.0029403374757657466,0.002712327040885383,0.004128410358644257,0.0029883288354523732,-0.008572052800501627
2016-04-25,-0.0050172547922216655,0.00233437308435332,0.011750704609598272,-0.007863933477127709,0.001425727340093181,0.0010531032455616965,-0.0011979509236185151,0.0036016167994671385,-0.0009614648490482817,-0.008177341421385115,0.002392443616537618,-0.003502176509511074,0.007149473030770565,0.008464970024476279,0.000870072259066183
2016-04-26,-0.002250213547367427,0.0022644905895509598,0.010411364272581356,-0.002684287696791889,0.001977727111849467,-0.0014584866342238943,8.275271553682137e-05,0.0021966555589771957,-0.0024713382504149618,-0.0045666519060090895,-0.0018266793450208308,0.006022976484498166,-0.0014085566345364026,0.0036134724238789445,-0.0006487315879090566
2016-04-27,0.009280753920162765,0.004778986160147755,-0.0007779134279793177,-0.004584777251603152,-0.0036107330560792156,0.0022593519100465006,-0.010132410232590462,0.009003114492365865,0.001553484683574505,0.00480036669892996,-0.005283581485669997,0.005099098563624097,-0.0015213243985127776,-0.0012892315518362365,-0.008488931866487531
2016-04-28,0.005299072675813681,0.00950753496772336,-0.006133938908669008,0.005370899142161694,-0.013479658834787682,-0.010782214503175385,-0.003639397679237032,-0.005262520481448987,-0.012981072344190556,-0.0003247869784171317,-0.0051536736127670135,0.0078027603949477175,-0.0017141202239343918,0.006279350544151472,-0.005261154633610429
2016-04-29,0.014581414500741819,0.006430404449560681,0.007694491368944024,-0.0005458372246919749,-0.013346036095482215,-0.00994142657132685,0.011368755182762005,-0.004458163353072178,0.0015853576204600001,0.002673986691650812,-0.002194492684848393,-0.0016933324109965333,-0.01036562123285549,-0.004144280662364748,0.0070240356392384275
2016-05-02,0.012299755194767864,0.004265069745039976,-0.004166120583079884,-0.006951423788164707,-0.020458636094482435,-0.015074237594377173,0.003994809330813948,-0.002012389780893598,0.002537958266440989,0.007708060488443582,0.009528721429499879,0.01227007759656671,0.009187448674717446,0.0027567178233438103,-0.0020816806255646025
2016-05-03,0.012187711015553115,0.01083000187728038,-0.0038141545442410144,0.003535901987960499,-0.024291798933029064,-0.013758856943584767,-0.01300618503723217,0.01546301292711249,-0.006583609167091008,0.008674598675519292,-0.007329155391136239,0.011338833212278965,0.012034863390333037,0.009609349192612629,-0.013819401350165034
2016-05-04,0.0007750236171963389,0.0025306273712062165,0.001923404117978142,-0.006864563196616892,0.00571313556209268,0.00250800312734307,-0.010363888936584145,0.0028918293830417045,-0.0075312844437476125,-0.010751043193471418,-0.010860487690081688,-0.008636853433434184,-0.0170877589907104,-0.000400785842854108,-0.0007779851298861532
2016-05-05,0.00038896109595351353,0.00233661952127047,0.00823616654125842,0.007267440547155259,0.0005926342736247989,-0.008628311986410796,0.008718133464137707,-0.0028440087582579337,0.003799372502263339,0.0016742479472059103,0.005483549340291264,-0.007143304881141177,0.00545224069140399,0.0020546658695692432,0.004315983281306463
2016-05-06,0.001860318029001612,-0.003465126944810139,-0.011571743830398397,-0.0031220304044556274,-0.008568937754885157,-0.007241546447021142,0.002573107820642944,-0.004446397876026564,-0.001087139051601346,-0.0002485072387713042,-0.0007674333844607602,-0.0010301402032739397,-0.0067916524316297975,-0.0021999299003357133,0.003964487351583787
2016-05-09,-0.017656232977396685,-0.00927680062879582,0.0010678054042823244,-0.001146018452913014,0.002272564690598824,-2.9707858852236202e-05,0.015841634448490606,-0.007759846336913232,-0.00018431113849865302,-0.0008385863709821197,-0.0007212129339371296,0.0022526184753262797,0.001704824370225226,-0.004534746544838264,0.011364068238549492
2016-05-10,-0.003395375486497843,-0.005383889879186707,-0.0003048775410222065,0.0037034096443838063,0.01182639033826986,0.0071782209841093625,-0.00827352527370133,-0.0009630119522416941,-0.0021216167966587726,-0.0035478265229139175,-0.005315279211912701,-0.0030340220974494365,-0.002151536190851627,-0.0007035710933933539,-0.005864789900139448
2016-05-11,0.004088871716446426,0.006176971598786227,0.006189373466681206,0.012808826292921464,-0.02090166117888714,-0.01729469686599927,0.00825441574429811,-0.00490187242012423,-0.00449158117935273,0.002091414629044201,0.0009024318861672615,-0.0018127680282905533,-0.0012941875474968747,1.1192949549675146e-06,-0.001832435909985641
2016-05-12,0.013173734391192926,-0.0005783969578796543,-0.013247710759033634,-0.0029147522730784163,0.0011497615761018477,0.0051259767507819045,-0.010388304834717012,0.008226044754791025,-0.003465622557840556,-0.0034762432915270234,-0.009939748317710601,0.005193706691818214,-0.006904102685178832,-0.005053888211509986,-0.004470022921795047
2016-05-13,-0.005347424295352802,-0.00026376437159226183,-0.0007625455865575923,-0.0025102966830039715,-0.002411259584208677,-0.00512216799344096,0.012413869897933812,-0.014690900413511575,0.004520091440690023,0.005613890328391897,0.003895725774641935,-0.004083677709198968,-0.0021321934871534887,-0.013996681311850055,0.01149850099221143
2016-05-16,-0.028880988131481773,-0.010580120028024711,0.004555909306266745,-0.0023464070950084126,0.013669348339029289,0.0029053260837212345,0.005114507532275105,-0.004473367882467114,0.00811049381479878,0.0052859062738521674,0.00991948037655781,0.00048006094230992457,0.012391487968529312,-0.005085863628068679,0.005710192320199776
2016-05-17,-0.00012334804642585699,-0.011068239195617178,-0.004600595929073365,-0.009318135801003952,0.005244522582554721,0.002244563350273796,-0.0013103204473828177,0.007155477846378846,-0.002961850948350287,0.0050367595898160224,0.0005582743072653115,-0.0036730632773561115,0.00031945737749388943,0.005552775515836727,-0.004801491530307567
2016-05-18,0.007448498710407846,0.009509053939422602,-0.005133474503406363,0.0005234313628128436,-0.008975637325154214,-0.006326671499343941,0.004459558440469018,-0.004860629272901663,0.0056752553323056,-0.006187453772897886,0.003211141108838087,0.00014465549453215702,-0.0034229583383757443,-0.00839978637826686,0.006170478531429102
2016-05-19,-0.005078302657829046,-0.000771477303060663,-0.004199713859840609,-0.003275617266300117,0.011029622940605121,0.007090726274877784,-0.001519947613788472,0.0013676963518177276,-0.0011526939744127794,-0.001006391910080711,-0.004276421414213862,-0.009146897004724305,-0.008375443580492263,-0.003479418410193136,0.00539713673675221
2016-05-20,-0.002133372710701695,0.0011151371080110738,-0.004330815972582444,-0.0022224464694085774,0.006714654461609944,0.009826773176842872,-0.01118940842004083,0.006739514175649847,-0.005511371226624657,-0.0004411806204414554,-0.010080330010357155,-0.007477634869458238,-0.006030192671165993,-0.0006976041198072877,-0.004706888280179374
2016-05-23,-0.005710965329687541,-0.0061670488827886265,-0.006407971088481618,-0.006781738235380728,0.002123903102815846,0.0025772572437662393,0.004875614104821178,-0.00201225492515149,0.00605718470936089,0.0027133115711898016,0.0071085271066089785,0.00039386127126446804,-0.0018332227969766763,-0.009752842053390035,0.006658528211685277
2016-05-24,-0.007879699138234579,-0.006602409417915826,0.0003791871480318151,-0.011017398793767433,0.004495361474095331,0.0005535773021176002,0.006862219644804894,-0.0028060674607008926,0.004377518353732936,0.004458225371294124,0.007087008994456419,0.0023713999576209675,0.007158342329098175,-0.0015960030922526126,0.0043806641206558935
2016-05-25,-0.001958937384239094,0.005006463718701863,-0.0008408423292915782,0.0012358752227105995,0.002099747613675306,0.001376012965897008,-0.002263195600041705,-0.0018993770171681999,0.003612435391109132,0.003088722008000925,-0.0011182739200640448,0.0016302229460698724,0.0030073004285768234,-0.004639521855063269,-0.002250277958738717
2016-05-26,-0.0017576906647072208,-0.002782641003318989,-0.0038436103195407393,-0.00503232877445432,-0.000728164300402962,0.00023435858613811596,0.006429521010391491,-0.004906834285859719,0.0016478766348532832,-0.0014028189753426245,0.0007921976114743162,-0.002320196943047429,-0.0025425638625686366,-0.005964166935352549,0.005346230552822705
2016-05-27,-0.005526466551084647,-0.002798983522253034,-0.0009622730093613533,-0.002672941771092779,0.008786935302711126,0.0047971214074709724,-0.004476210227468537,0.005405713318106266,0.0012218560744958343,0.00029012352570562984,0.0022779440325650002,-0.0029057278424537104,0.006882675413233551,0.003784511437323609,-0.00340274205526348
2016-05-31,0.0003295149652724448,0.0005613481285375692,8.230436255923443e-06,-0.0029883233560531785,0.006460372172954818,0.005723861520459821,-0.004795458585548257,0.0002895410868420408,0.0005063822361711071,-0.0002880112148381593,0.0005484034449564591,0.0034058828152055878,0.0011304830671304425,-0.004459447421776435,-0.00133711068311028
2016-06-01,-0.004201661800060418,-0.0009695727257288569,-0.0036057924830289784,-0.0010572612559725213,0.0020250077596912094,0.0031670362086832866,0.003520804090033084,-0.005849815235412138,-0.002890428375304993,-0.00235021004583591,3.660243380813801e-05,0.001173087603320536,-0.005327747520196128,0.00047763941348949847,0.004520169015067813
2016-06-02,0.010286461889253414,0.00724882753032397,0.005184924949291858,-0.00790714038920437,-0.0004451172211119628,0.002628471134521196,-0.004485186995709303,0.001575203846569284,0.00308918368519222,-0.001057919366715682,0.0005921833948222631,0.0018260712310998548,-0.004867927642421256,-0.00453837131126244,0.0009064897501400015
2016-06-03,-0.02089806978834229,-0.012242860553854061,-0.0022219653233251637,0.0030027067877556306,0.015826736298755643,0.009300922192083134,-0.004703237599920681,0.006514688138528548,-0.005569853970262717,-0.004001688125176358,-0.002982197066066213,-0.0015008627507416884,-0.0010162024687785818,0.0005095105689928645,-0.006671636068816003
2016-06-06,-0.0038318854034061706,-0.0007249552144181185,-0.0029064735889789187,-0.004240502641496951,-0.001216872944292998,-0.001870846565971009,0.0018938042621738128,-0.0011191023226878967,0.01092857465938794,0.006232392812269987,0.013153916420566722,0.0020971894038544978,0.011238369729630646,0.0019607291946127214,0.005993006330324659
2016-06-07,0.00352156960275262,-0.0014363530003874917,-0.005508185070864942,-0.007949676842314178,-0.005072073446646847,-0.0016997677659216898,0.002407417855985128,0.00010549555926457187,0.004386785572353655,0.001089839669603944,0.004710071868302511,0.004163736548106922,-0.006515264838707604,-0.0029299281556571513,-0.004146892981430561
2016-06-08,0.017108616858138706,0.01687450039677013,0.0071266482056081895,-0.0027775975347572035,-0.01738218257399337,-0.014644810872429189,0.008143691501180696,-0.002986291061607112,0.006322679053521078,0.002401536997222304,-0.0011530765214681103,0.008869246764919543,-0.00047936039114580744,-0.006208824852943215,0.005665702047019293
2016-06-09,0.015731329674929774,0.0028496826534282482,-0.0029644373208059724,-0.005102347303738491,-0.01274826602984283,-0.0068083367351492625,-0.007908422220254986,0.005535298693029411,-0.007059491225907866,0.0007925366636255433,-0.004994756989536877,0.007002004418092664,-0.0025532133034036845,0.006787100129941244,-0.010342001283720322
2016-06-10,0.008278301129500953,0.0006677085982044629,-0.003240386496799253,-0.00045658829930743904,0.0017178320911240509,0.004564526493005278,-0.006606053377237468,0.0008959879327984661,-0.0002043917678677936,-0.0025425112637715384,-0.009600411139496206,0.000735348765747444,-0.0006962284607794911,-0.005311455781554848,-0.004494710671854652
2016-06-13,0.0008929641839794827,0.006884373531516631,0.009218370768958959,0.008875733991254822,-0.0004814108938664234,-0.0021757270617807395,-0.0012890973420042959,-0.0008102499192916748,0.0017888194866300024,0.002489175375829229,-0.004221102909931582,4.0874458699070686e-05,-0.005024053968012665,-0.011848077038617202,-0.000820175718344412
2016-06-14,-0.009074496232262027,-0.007583572410572544,-0.0034531128112313316,-0.0008418161661072603,0.0031204985208860515,0.007892273680585236,-0.005055056532073408,0.004727733289785058,-0.0005189985348868617,-0.00013617281544477805,-0.0013825379562529654,-0.003699776479382612,0.0012548701643478643,0.001676590596651735,-0.006663136330511097
2016-06-15,0.007091021230546203,0.0022514022627600056,-0.0027363006110892422,-0.0012820943174469866,-0.001918162815375794,-0.004956616316652398,-0.0009747735038282443,0.0007719861200453735,-0.002462041316896421,-0.0010565987541259073,-0.0008325889477334117,0.0036806403751964657,-0.0030336816530082892,-0.00019474144942976067,-0.004443499863844718
2016-06-16,-0.0027122689658980927,0.0010065135534786881,-0.014400680304029172,-0.014971281210481994,0.0035679352311625548,0.0016217788416443971,-0.002156225664894207,0.004660024668136802,-0.006539101919122416,-0.0037721771653961025,0.002770270696849612,-0.001619044359573607,0.002482346101229639,0.014718688109823911,0.0049562640957221725
2016-06-17,-0.005587956438099733,-0.006290992590185659,-0.004657823901146981,0.001125435750108224,0.0034766687050517874,0.0025361247993996193,0.0011519144280112215,-0.006041479021734432,0.004615059006064424,-0.0033823132791619007,0.005772959137205405,-0.004888995111897666,-0.0028228873238253316,-0.003209986673809539,0.0034056463717655272
2016-06-20,0.00881923819702717,0.005755730621025038,0.0019264387051732392,-0.0012878074010366897,-0.009598843810537263,-0.00568427096052326,0.0016174481003946642,-0.005872396784133559,-0.0018793222367973236,0.004361646694918406,-0.0017979167720049856,0.0018102455188427492,0.0011440213510402505,0.0013541857674307085,0.001200364350692873
2016-06-21,0.002487422137651083,0.0024865042212828285,-0.0024143047404839068,-0.0024044678458623224,-0.0034084298917159434,-0.006839130803890367,0.004059052668755301,0.0008785657428768343,-3.4859494574595836e-05,0.00026415184327973143,-0.0002470464831493091,0.0002602895769987191,-0.004098325344840606,0.0020151662030852193,0.004028762008200959
2016-06-22,-0.005573366921758199,-0.003760562425370968,-0.0029032413556102678,-0.009702807703588104,0.010135113205663402,0.003398020129123512,0.005267572269868497,-0.014225269496723807,-0.00019345264467643397,-0.005775871554538813,-0.00022649264312777154,-0.006741757381690564,-0.004479238689825027,-0.007180931336495597,0.007292283808467272
2016-06-23,0.025310840005158323,0.017501564585061184,-0.0010744661044337356,0.011143910802230508,-0.010273947884269372,-0.010077158450119583,-0.034163646750120166,0.032407165615783884,-0.002917142059975515,0.008143616505566997,-0.006879958293398415,0.003202861071909764,0.013110050908710601,0.01331020611111386,-0.030511344680098418
2016-06-24,0.022932190881002908,0.024970314922875984,0.019000441823856535,0.03206401196916827,-0.025268974790576534,-0.03197312581493044,-0.01010638758546381,0.007167013267714625,0.008968453038353225,0.017737245390945497,0.0021864821353156684,0.011257046959947576,-0.000636050288625338,-0.009445693936365202,-0.010608768921301092
2016-06-27,-0.002313341410888698,-0.007965315738185192,-0.0027240085995354525,-0.008070150196383819,0.007936602125909407,0.007134881437439948,0.004143191646235705,-0.0071432477558542665,0.005594544184702024,0.003233582327937405,0.004665814910541348,0.0004659984658892079,-0.0018810875705236735,-0.01043461425256956,0.011537699120763231
2016-06-28,-0.009310976340031779,-0.006933650219560123,-0.012826326064479159,-0.009986280078219055,0.0016086437677244915,0.008850683337298064,0.012692457414501772,-0.006834520619400099,0.012960753142633988,0.006560904779976,0.018847491414793773,-0.0038661955686971426,0.005836814373447716,0.001620548589659751,0.0050709514655152485
2016-06-29,0.007446867714360187,0.005834082023958088,0.002861023428246859,-0.0011534667050502531,-0.006608015238682189,-0.004150319517589077,0.012132128502324962,-0.009831654399644448,-0.0024707170430670056,-0.0075116773508079465,-0.004525650101051104,0.0037631640548209735,-0.011570289105400491,-0.0021763414133982428,0.0073838662191093125
2016-06-30,-0.008296234743167014,-0.012578438992118026,-0.009194215240237946,-0.004797128296942019,0.012716618659124707,0.010556041849324464,0.0005763854946011825,0.003519172691418662,0.003691582953746889,-0.0013899513222578293,0.0016163587794449027,0.0018454156474809894,0.0025308896368722456,-0.002509465298370735,0.003999336995528423
2016-07-01,0.012765729075586103,0.016581160489895753,0.012231368956393776,0.019218331251963056,-0.025706266234982334,-0.02132147429629649,-0.0017100529629538608,0.006558106722837152,0.0010196306392689803,0.013224901291354327,-0.007686026730737703,0.002780166395086516,-0.011568816611367026,-0.009495481440066419,-0.0070572539797171385
2016-07-05,-0.010175556708330407,-0.0111604755006989,-0.003752405433182048,-0.008333587067418522,0.017369478889113103,0.013104079070086181,-0.0011190426602952774,0.0032039113415743134,0.0018866899695622382,-0.003914309027182202,0.0027293480386414784,-0.0019555539470231106,0.002241634939137669,-0.0017429723217775002,0.0025569667410718644
2016-07-06,-0.009766772883087194,-0.012541722710020525,-0.005527175727233184,-0.011883490701975636,0.006763068172830663,0.01218720230680625,0.006930810653286469,-0.007510342416951789,0.004945825888588107,-0.005414743044647657,0.001103166825549635,0.0015535612607166659,-0.0045177318224811315,-0.005394803937388795,0.0020177611913942376
2016-07-07,-0.00880923209962366,-0.008985623152978454,-0.004570035474999429,-0.013282274148283575,0.016031514414794813,0.017550884246217036,0.0012201685588769107,-0.0014422238011308833,0.004909455146829368,-0.010596147273092023,0.005941532533626944,-0.0053051671772083205,-0.0010252782148014866,-0.0011205949512033027,0.0037927354043620597
2016-07-08,0.0062563447040981926,0.002946716360950552,0.007646798068251621,-0.008175359966028707,0.0037525135808635715,0.004162079091383739,-0.0018273011396178996,-0.0024490762282018113,-0.0033355223854576663,-0.0026022308673050703,-0.002139997606017118,-0.006384655070147958,-0.0020515813913685706,0.004783882379903943,0.003356121638721267
2016-07-11,-0.011020140944847833,-0.01629198481010799,-0.0164809515450226,-0.016740743889848145,0.016760751074998373,0.02036777648439529,0.0036628306414775123,-0.00459205124644416,0.001546551665611547,-0.003620299959007008,0.004124676818581403,-0.0032753387483718966,0.005454159088032031,0.003077779253362445,0.006926925630462465
2016-07-12,0.007729626143235729,0.002444149318853006,0.0031279200107837603,-0.0025628011069665385,-0.0074607715075627615,-0.008776909098103216,-0.003353682129176732,0.007065881739355432,-0.00172402297682856,0.003497727600663081,7.30702367650899e-05,-0.0017394698468900572,0.006273197452671309,0.005071752595024263,-0.0025991412964773727
2016-07-13,-0.007941663511783643,-0.008599672023044026,-0.008236069592759842,-0.0037953651584708634,0.0036697935468450638,0.004800296987370857,0.008267745266958663,-0.005810430102677408,0.0015999376432630549,0.003437649949603722,0.00769535631280786,0.0020747895609087297,0.0037801298082600528,-0.0005253530605552389,0.0028757877352487723
2016-07-14,-0.0016659057928848948,0.0030227776251677274,-0.0025372323258683444,0.002215396527062421,0.0026232494120038024,0.0041255987568589786,-0.0018239495986120606,0.0019470524266824074,-0.0022832065341077488,-0.007764286354976999,0.002108580235971593,0.002561634282027918,-0.0015201039195302335,0.0025945997716850535,0.0005269511351778053
2016-07-15,-0.0031895833245869617,0.0015037678745048054,-0.00019829656613428153,-0.0016339026604939282,0.006290353315969314,0.008052621871097542,0.0003764847759567389,0.0033558002851578734,0.003980055157505728,0.003694920215263923,0.005577342243114934,0.00041559940814960526,0.0025927550049574958,-0.0025125186326771815,0.0012386619196019656
2016-07-18,0.0019747623545417273,0.0004849694876362899,0.001710802430827922,-0.001298392944952285,-0.00865116922279958,-0.009579187807415629,-0.0001295912257076972,0.0005008923257615244,0.0006683012741081863,0.009131966391696082,0.0003852369272301544,0.0014398397748587631,0.0056656405373823465,0.0038133175052296976,-0.0038705703788366116
2016-07-19,-0.0109330740886543,-0.007463184010613218,-0.005141539590263057,-0.003078820070269708,0.011485354929489364,0.01328813282013351,-0.005360025623983534,-0.0030318816273195845,0.000569837248684292,-0.0032604136961663695,0.00013761977151638752,-0.0013613184730923078,4.0252291871774315e-05,-0.004510453231101368,-0.002063116177335485
2016-07-20,-0.00536777125604109,-0.004037290872650929,-0.002093473310631007,-0.0014110375988261445,-0.00437486416207412,-0.003971710364190368,0.0011932732582874007,0.005893155435316278,0.0009749012868343473,-0.0012208238612328418,0.001016693085671486,0.0014819537109511175,0.00494083874539214,0.0038087511200055662,0.0010580019382766509
2016-07-21,0.005331526284509523,0.00439759081297458,0.00592174430203535,0.00545975466946838,-0.008572346114931661,-0.0069455299240738,0.0021706519259338357,0.002445519931492136,-0.004802820850216661,-0.0005239258692662681,-0.00184577851026249,-0.0026489227557297454,-0.002033264075326706,0.003350583768218013,-0.0030681029851559478
2016-07-22,-0.0013432102049148436,0.00434115138565948,0.002591411257667685,0.003844605346868646,0.000356738733029324,-0.00027010360995370554,0.0006666906549724115,-0.000400021530908646,-0.001719316730947031,0.0013104705706219787,-0.0011922003715989769,0.003982336008852718,-0.005791921884987657,-0.00019452896398271333,0.00316806723829233
2016-07-25,-0.002148750196768295,0.009769861491293988,0.007308219262744057,-0.0036055766131563843,0.01126564709280644,0.01307117114984702,0.004244022486078474,-0.0061235712055000575,0.010729784282829382,-0.009688909802660984,0.003705423289481713,-0.0068883488605339625,-0.005134466937503853,-0.00749404845698596,0.004213275889771927
2016-07-26,0.002799274097327939,-0.004408349061777365,-0.0051697279474088665,0.004566275877809288,0.008576352516517026,0.005016698077066947,0.00615772745518499,0.001678773132705863,-0.0035569197965710556,0.00031883180638019254,-0.004904345351483675,0.00387423745068159,-0.006466764480052693,-0.003337051728913593,0.0013684909917294178
2016-07-27,0.001980119258717637,-0.0005112572247632156,0.0040032101791201685,-0.004570876752264299,-0.00898830504276103,-0.011053898617085448,0.00015244694829657786,0.003202974083980894,-0.0018341710518860288,-0.004122696492290257,-0.005554912299791963,0.0041524666791985165,0.0009090237193346386,0.002299698751581077,-0.003533335614979141
2016-07-28,-0.0054631665624250035,-0.0010352605643867566,0.004367428938253847,-0.0033872858081429504,0.0017066692227264162,0.002945296716327302,-0.0014282792947391282,0.0012945115600287794,-0.0012518222413023191,-0.0043094429302036885,-0.0018751151760580253,0.0003118560536819119,-0.0035814013268795483,-0.0024098648751182334,0.0001712679976176943
2016-07-29,0.0024665504851040243,0.005869801941944092,0.007840035313604773,0.0023890126822556325,-0.002404823352131567,-0.004214683788004033,0.006458070658847632,-0.008635364915210544,0.005207710014605717,0.008220762478096076,0.0011593232378521372,0.0019955810476563122,-0.006932752408143272,-0.010093063788295843,0.008474098598575956
2016-08-01,0.007511455568498656,-0.006020763724169209,0.0018817999586086959,-0.00639877188425857,-0.004765136551321289,-0.008820675088016233,-0.00261891004032579,0.0016198621215852398,-0.00858005003144458,0.0038308538842011398,-0.005832029343875569,-0.002519233715403576,-0.0006837565416547235,-4.7225185853337626e-05,-0.0015968420862103507
2016-08-02,-0.008621683976373922,-0.003353244437967773,-0.006479222082635023,0.0031490351422957695,0.013196694040253266,0.015246917371375781,0.0007099652136150119,-0.001729179427043908,-0.0057294016674866175,-0.0047998046237092366,-0.01043416740220572,-0.0018852188429091914,0.0003232991840337023,0.004608905572133863,0.002707394082997727
2016-08-03,0.00357948394002022,0.006495155749536939,0.00940493163496228,0.006947590516814796,-0.0065592395473665,-0.005758831378972668,0.0016045911545594445,-0.005212162939313985,0.0032154374635843604,-8.81761686210257e-06,-0.00336185032458641,0.0005667185886703682,-0.005739065542961584,-0.007808904929442587,0.004319981596443271
2016-08-04,-0.022681007763619015,-0.015475986488340492,-0.009853106441773252,0.013748751324281275,0.025597431082273407,0.023538479441129204,-0.0034652431367746175,0.0013094988410421414,-0.0011539192073016253,-0.004079666048254627,0.004278404800899804,-0.0042830467847148005,0.004589002314353087,0.0028434699344741104,0.006177774190598764
2016-08-05,0.0011344251177836514,0.0001510547118091159,0.00011094711629011959,0.0076893350079112344,-0.0008418350783391639,-0.003335377966589144,-0.004463739829718471,0.0003302460898272089,-0.004941340718262945,-0.00040919705662981047,-0.0023356696428931444,0.0032289950273963986,0.0032702495739806527,0.0027686366665963975,-0.0006105397059261747
2016-08-08,0.0016383766491613121,0.004763642135435076,0.0023761655764565227,-0.0031725602869867474,0.002362015960999474,-0.002176218239579621,-6.531168740844112e-05,-0.006743606468949813,0.00022988805364398696,0.009939729897306685,0.0013659483036384272,-0.0017325173194465049,-0.003565520411533889,-0.00433247483001868,-0.00659309697488443
2016-08-09,0.011226867384076095,-0.004963993941370572,-0.014329512717390648,-0.012679981529381852,-0.0067400415589316245,-0.008718845308691837,0.004908581130910113,-0.009845160365129288,-0.0009341031978537589,-0.004545958579895292,0.0010698754516047923,0.0032062695861025297,-0.004114582473086308,9.294533803486235e-05,0.004985580073448547
2016-08-10,-0.00441054930288094,-0.0057787351152816056,0.003280769520864958,0.003303799954624387,0.013773694673643654,0.005455664286834437,-0.0041528165428771305,-0.00307262498019795,-0.004637967773683202,-0.010142409285783818,-0.0034015342294153603,-0.00556664609072179,-0.007152127360627127,-0.0043633337700659,-0.0011960962992156295
2016-08-11,-0.0036707690956287687,0.0042706316466818465,0.010495500926495227,0.002803036692535411,0.006987942282233679,0.007940742407785075,-0.0018131516029536998,-0.0020466235165318833,-0.0021635020881071608,-0.0028971966181020985,-0.003376219667350875,-0.00379790030991065,-0.004903592434069267,-0.0020769336000521746,0.0028007196447813526
2016-08-12,-0.010195998022942398,0.0038523341907832362,0.000712274135418637,0.005510774712096483,0.015544822127388148,0.01597687393135,0.003087117462365031,-0.00718925816523751,0.0015988712383790057,0.0005375381504368563,0.0023189002735338774,-0.0016446112632691025,0.0005726016110749344,-0.001186840148834403,0.0026544122147302545
2016-08-15,-0.003105643073398388,-0.001195873270159178,0.005639851703346335,-0.00023020626644955182,-0.0022356107273655236,-0.0033596387284764327,0.001865052186256955,-0.0017911380665818887,-0.003000537470192661,0.002078543791419643,-0.004532439005406063,0.0004326725221199864,0.0026950760707577038,0.00426356607874806,0.0031060394479413556
2016-08-16,0.00890626635576399,-0.0013207817221239648,-0.0009654333320978765,-0.004038183848736715,-0.010698153549384418,-0.011149248341670696,0.002248150009723145,-0.002741087992862452,-0.006434476583557838,-0.0029891090041287427,-0.006551075224486809,-0.005487783610688009,-0.0036155064101387677,0.002229355993511846,0.004598168548019669
2016-08-17,0.0008776635019339058,-0.0022965137377517686,0.003664869319997611,0.002052449442574247,0.003442436549699373,0.004490663753882127,-0.006658126286559558,0.0047769539529090785,-0.0032946606270777435,-0.006286065989423541,-0.005845592296473757,-6.331387645764144e-05,-0.005294396020583604,-0.0032256350288222416,-0.0014197057036102918
2016-08-18,-0.0043527258079783596,-0.005473656796521781,0.003630322997409558,0.0010411627192295353,0.004571369261721334,0.003837774292573346,0.005048808019585286,0.0018988993822918955,0.005642067306898751,0.001754928372413467,0.004737021258702028,0.006173408621069212,0.0011389633722629347,-0.006166203418963647,0.00441761296315006
2016-08-19,0.006596401389192916,0.002132042481423349,0.00011554359587419663,-0.0017153040272948762,-0.006230793806094432,-0.008012278109632336,0.0021448181227946474,2.0464349574031275e-05,0.0006392353887203466,0.0048626011148302575,0.0005852055940409051,0.0038145715016568516,0.0008028985727054436,-0.0016670391481797217,0.0008625956658663513
2016-08-22,-0.00366459196961943,-0.0016254585636997342,-0.006715189334341334,-0.002224595628269611,0.013412791792404326,0.010501117932879,-0.0059245596514626575,-0.0016583858360026023,0.009232367659008284,-0.000746122280435183,0.01105943483163866,-0.0017808122534965047,0.008335429253767856,0.00017999917201970937,0.0008823113819105598
2016-08-23,0.007448647361777921,-0.004486528407387613,-0.0015503222264187742,-0.007318217418176514,-0.015246207684225596,-0.011777351374438215,-0.00017238740030023694,0.0021451976323388824,-0.0006468436582668623,0.001715077250077907,0.002070845443716513,0.003786901059992246,0.0016112681949927692,0.005756615346122937,-0.0028149920686225535
2016-08-24,0.002319629357510023,-0.002529319275586312,0.0010641334047372226,-0.0007436296456943491,-0.002356248530420979,-0.0022365470533851272,-0.0062605796484092825,0.0011169880852873971,0.0016190614868046556,-4.636346595101996e-05,0.0013509983825257224,-0.0028631409592081085,-0.0002845666592814868,0.00380421582926229,-0.005039409658519982
2016-08-25,-0.008962749167389435,-0.0041053515363486965,-0.002706731169894885,0.0030574726279324394,0.0035315206900347882,0.005122554698190016,0.0019412073932394997,-0.0030436398662314623,-0.0035192369232105065,-0.005163875918166183,-0.00362811233368041,-0.0010519808394890795,0.00034656613726623785,-0.0013878698624367688,0.004423120034163149
2016-08-26,-0.004426239323462644,0.0014496457076817867,0.0006393673639375078,0.0025291481420307575,0.0035881877484999934,0.0037267892849848104,0.001200629200598605,-0.0008810728005383848,0.0038344359253817905,-0.0021896274268272263,0.0020297538066043385,-0.00031383241874781073,0.0020175844825467823,0.002028474869635816,0.0005974891929016162
2016-08-29,-0.008910919077158658,-0.004667285675265881,-0.007372320049606664,-0.0006905247162291316,0.005961086015553067,0.003312059754792709,-0.004219536646066496,0.0046169618827089365,-0.0013976814119745992,-3.845192496418717e-05,0.0029010368782864154,-0.0003670513802717561,0.0022392466896679307,0.003501477920084566,-0.00872280196571672
2016-08-30,0.0009231996228598396,-0.006302644480571446,-0.007096044717906165,-0.0010360507824144333,-0.008220417896927687,-0.0051643772551546435,-0.0024419205918366623,0.004227449309468763,-0.0037921491802731114,0.00485858290820931,0.006956725884879372,0.008853416208276831,0.005948191489101669,0.008040987633360488,-0.005106650325390013
2016-08-31,0.003072730192095223,0.005946296926121968,0.006468728983463888,-0.0021157497129113117,0.006181476155927728,0.0006133154823469549,-0.000270541032865162,-0.0007442511484416943,0.001645192712530546,-0.0012551809910686883,-0.00162011752348368,-0.002726052797076898,-0.0029024385340728513,-0.0056425422513847944,0.0008533396986818375
2016-09-01,-0.00046245796285654915,0.0012049605166797907,-0.006517452033224841,0.0015907900407589985,-0.00348481413710181,-7.623366552655594e-05,-0.008937414808673338,0.005523953671462762,-0.01170701636110893,-0.003748195763372579,-0.0074762136549989,0.0030634591832231868,-0.0021482019757659235,0.006467367628028411,-0.005162159097279438
2016-09-02,-0.00015786859798913718,0.005271760217506992,-0.00162164909009622,-0.0051220609382569525,-0.004202643396072614,-0.00011565119951601225,-0.00016071499418979576,0.0005945636068730178,0.004664537351882535,0.010269250232991715,0.00605472551902459,0.0004696748191451248,0.005447405038262515,-0.0019017119388043547,0.0020474913282336605
2016-09-06,-0.004842869498526353,-0.006493741103240374,-0.0008909028740488661,0.00018026307614062154,0.0013237754602847991,-0.0025960529841153775,-0.0034027568493226277,0.006836398930630615,-0.002451274193261851,-0.0006404907876758683,0.00451713582146494,0.002123026529598025,0.003287923201909372,0.005095090853255456,0.0017901969365475513
2016-09-07,-0.009498662200828525,-0.0022126363530926736,-0.004970858677206241,0.0006202989399124506,0.004679523385386081,0.0056622485315679545,-0.005963834149034321,0.008594129721255441,-0.00477136731871367,-0.0027868274763879677,-0.0025755722214598647,-0.0009733596224994539,0.002060814260621637,0.001396493391442725,-0.00487172058638003
2016-09-08,-0.006855119822668017,-0.00820872184416414,-0.009183264374428547,-0.00855283989945431,0.0005224242387225839,-0.012292299179240386,0.001245308374802405,0.0038723637322124714,-0.0067310354434970444,0.0023129153607877283,-6.882560808695731e-05,-0.001521474585563131,0.007668437554756005,0.01115304200866113,-0.0056827865268992035
2016-09-09,-0.0029901726768103,0.0006698784343600016,-0.0017674912363380233,-0.0013054041395829021,-0.0006082904278989758,0.0009829882220695856,0.009719444066195015,-0.009454116111088536,0.0014175062609394686,0.000682191441011051,0.0028875715294373588,-0.003189447627479169,-0.008147058196232636,-0.008688963998001516,0.012915178319181052
2016-09-12,-0.0044358732036386475,-0.006869143928338452,0.001668463213477335,-0.002015823413619975,-0.003759942823792377,-0.005493862087331323,0.0004813138992425525,-0.0016644662897034833,0.0011998634093001587,-0.00039623578600538403,-0.0005622989938114456,0.0008875201354137906,0.0010023983357473829,-0.0010939060710532644,-0.001170575579846806
2016-09-13,0.0010689175185387,-0.0001695085036461652,0.007356008174956252,-0.0035961689641725975,0.0004864219622613058,0.008521476980117416,0.004031454064326432,0.0014615094088596546,-0.0014934744618511893,0.0054404226766038635,-0.0016426135482682236,0.003653993083288664,-0.001084467740999532,-0.0006203506314266978,0.003153168459226512
2016-09-14,0.008892869986150135,0.005156111574313189,0.004743216786779886,0.002276381661127173,0.005547529189816402,0.0028456737979976904,0.007558727198292476,-0.004789817895117352,0.0024628373572253733,-0.0032626288641721124,0.0024199499943754164,0.0013341155443635528,-0.0030487032631175545,-0.003346496262465269,0.011653260763293566
2016-09-15,0.002467965037710997,0.011315669772116581,-0.003224771560522979,-0.002299870136656574,-0.0019964752566283095,0.0023179572444539417,-0.005763348460464638,0.009355535856795213,-0.0026340793516700114,0.004548723664407126,-0.0010829991143786848,-0.001714657174186752,-0.004961255478657472,-0.00471382412402069,-0.009046902192831927
2016-09-16,0.0033382428773416585,-0.0012547908960836018,-0.0025556770348139778,-0.004308863657863085,-0.0054143199565642175,-0.0064497905954318665,0.0024163485989811785,-0.003283927608018287,0.0015189269378631668,-0.002364866798736215,0.0013719265646477056,0.00688437348065897,0.005702896652713343,-0.002911109472204994,0.004466500213769168
2016-09-19,0.0008825781725337466,0.0014451915408520393,-0.000882660038498447,-0.0017957443884158927,-0.004873031483527249,-0.004530647237836042,0.00028201827886292194,-1.979618978419301e-05,0.0003628428138485126,0.0039039599370048255,-0.003340685107422788,-0.00011762285991640843,-0.0018894950379395765,-0.002142303917343631,-0.006161724124432566
2016-09-20,0.013388390113018709,0.0019636658145963347,-0.005546359518310964,-0.009429968110114746,-0.002072842395775487,-0.0007700227403679358,0.004897768306985862,-0.009706531674124004,-0.0015426277568705675,-0.0057721198164479275,-0.00473194083008968,-0.003344966463616119,-0.01209004744934565,-0.004638407637883932,0.009901570862717538
2016-09-21,0.0031830810472890728,0.0016092621465752747,-0.0007892446282392728,-0.006480734835738288,0.0019794762347595807,0.0026767694878744195,0.0015899579985020193,-0.0030634197818461203,-0.003774597069208706,5.2241248560992715e-06,-0.0033832539934915036,0.002647933759324145,-0.006987977699213839,0.0005454812444721738,0.0015178076575661469
2016-09-22,-0.004211298645490364,-0.001276968458716706,0.0025319711658243057,-0.00805897070824026,0.0015692132496846988,0.010061572491200859,-0.009583639487184352,0.008920040348279187,-0.00023512963376738465,-0.004283616023114752,-0.004646368266941887,-0.0006904410295677996,-0.0001393782335338059,0.0030204269305631037,-0.004775949660954874
2016-09-23,0.009498303153151626,0.00551477722691754,-0.0005120344251181245,-0.0033432554383479637,-0.008532353597223156,-0.008070336674595722,0.0022624506922292783,-0.0025108336852442247,-0.0010632361692069787,0.0035301080861322946,-0.0018477199142731097,0.0020262668093176013,-0.0008117783289059433,0.0010629993595051446,0.0006681208681438826
2016-09-26,0.0019500180856683357,0.0012935837526034527,0.00802354144517068,-0.000662944478818075,0.003936351738259488,0.0023094078787870703,0.00149634580198129,-0.00019041409185986333,0.006959718599437216,-0.00027004619209409835,0.002918947243988247,-0.0021992400590586697,-0.0033749295753565988,-0.009273703186078926,0.0003336913403250005
2016-09-27,0.005972637748354501,0.004257509185566791,0.0075547354255356206,0.0006585771350608098,0.007101819883936033,0.0006126962168299019,0.0038245868121922913,-0.0033256184326292257,-0.0027244153989765857,-0.0013539829889554697,0.001322758453268449,-0.004250531255675141,-0.0005515142220673458,0.004687236903997758,0.005155440831273207
2016-09-28,0.004319670069221699,0.0024708490051085115,0.0028139467799426724,-0.00011023533172953813,-0.006107422749245189,-0.006453513019929286,-0.001287367593381039,0.0013402801610986987,0.0006032298504719709,-0.0003806650282939597,0.0001951596602627198,0.0010025140289186985,0.00015609397259230828,0.002399781616899667,0.0014799187403718812
2016-09-29,-0.004050472598741254,-0.0012253310868398353,-1.1695168118471336e-05,-0.008803507494316031,0.009883306365081466,0.006242565605307066,0.0009418678463354192,-0.003778099845883999,0.002824275144605792,-0.003499813761135921,0.0020684566749386204,-0.0020980190596569144,-0.0013698953189564822,-0.007463403266573684,0.0034629728417353836
2016-09-30,-0.008677156318239933,-0.010468293602396612,-0.0010546974242764064,-0.009504878309966162,0.005800934464458498,0.002009471895689265,0.0037459745568220537,0.002153661290797824,0.007456688847797204,0.005017047199668267,0.008970760661224118,0.00015632640175969196,0.006848757322873477,-0.004125057552168614,-0.0026886705110926606
2016-10-03,-0.010994603219609997,-0.012064505718474464,0.010855304298647986,-0.003439224402331967,0.0030782528869059355,-0.004167445237522225,0.0035739671967412313,-0.000811111213473872,0.006862580944531524,0.004123931684156532,0.002830968932924516,0.00611518298091964,0.006848904730999074,-0.006899952400381952,-0.0026798884887555283
2016-10-04,-0.008574657816312621,0.002518789509631767,0.011309938887525867,0.01192667637160042,0.007880987763621988,0.00048686300483872114,0.003999941815073807,-0.0025261109757347237,-0.0014871303806372471,-0.00812856826099379,0.004400782228619662,-0.009396893362723334,0.007187756433286034,0.001906222720392042,0.004279765557562882
2016-10-05,0.008436084012727585,-0.0006426773066892627,0.0014281227330347115,-0.0039717274473817284,-0.00420793582312263,0.0006053101079209257,-0.0014434900320382876,0.00196292587701391,0.0009136585235121006,-0.0015375134125641078,-0.002044143396079983,-0.0018968562008379304,0.0018230746873339767,0.0004954139749529225,-0.0025991216026933334
2016-10-06,-0.0024899049676040163,-0.005829991620644988,-0.002062483347348508,-0.004997928536125977,-0.004530946508277254,-0.004980172217513445,-0.0031666071398102564,0.004210024069612564,-0.001248135874238103,0.006982665320080055,-0.0009927089027030288,0.0031424657562814217,0.00703723361073458,0.005768481254426341,0.0006061183057082574
2016-10-07,-0.005002127061435023,-0.002878140407587231,-0.005173994632416938,-0.004563329646626056,0.007625440253112596,0.009432277513398313,-0.003589979423201989,0.001386890021331925,0.0010031873167287778,0.0018891337358626272,0.0015893367104773178,-0.0012673429286382534,-0.0026146102865941337,0.0005289815297269389,-0.0023271458762388897
2016-10-10,0.004259109698735098,-0.0036409417847711335,-0.004229671035003291,-0.009127310101957269,-0.00548672860594821,-0.007188891518699713,-0.007582166958328659,0.012530920508359362,-0.007181129787839047,-0.0010818114641232193,-0.0006804112123178045,0.006905582288425423,0.00589052247712786,0.011522375876260642,-0.009797667063282129
2016-10-11,0.010805170478802879,0.00271139838707183,-0.006809713969591163,-0.00949794436413796,-0.007075176989916145,-0.008719544242649823,-0.003208873215392699,-1.4810535116298578e-05,-0.005328896043252415,-0.0005453484200297985,-0.001931359367086444,0.00026236277307690537,-0.0008807975931349188,0.006988297117615458,-0.0008271100546848173
2016-10-12,-0.007199461614160623,-0.010897721379341576,-0.01202521586727004,-0.012948749368476266,-0.0007420764243376739,0.005530685227676182,0.0036912144004636604,-0.0027631864150434848,0.008598825756656082,0.005400521346436666,0.009962520805576164,0.0077804273956014365,0.0034255721041594788,-0.003917681523914053,0.00269439735584469
2016-10-13,0.0003959877860141587,0.0003575127949421804,-0.001962819837953404,-0.00015649593066817012,-0.005005391205343166,-0.0035309497936782687,-0.0013719208173837195,-0.0006483154265430598,0.002027284881386111,0.0008336355171171144,0.0030643732908153896,0.0032205939588925,0.005788626795505949,-0.0006291921276015207,-0.0027505091516357686
2016-10-14,0.00266905507136503,0.005220282001790571,-0.003311096810109341,0.0023578451167580172,-0.0015492161748521206,0.0032760646506192334,-0.006155727231891874,0.0014401249721605234,-0.003999764167548931,0.0011691851595832204,-0.004609798136074089,0.0026013103643966152,-0.00515704512898485,0.0025928991561872234,-0.003624968138028843
2016-10-17,-0.00689069062503545,-0.0035030060152250594,-0.004347590566424248,0.0019603045988236967,0.012179488440667791,0.01092423794196934,0.002242113519266573,-0.0011095557901981455,0.001062649596015524,-0.004256619656779399,-0.003379414123460168,0.0033657312506569694,-0.004434822385032952,-0.0036861774285303402,0.0009570412824287475
2016-10-18,0.0025895375724419587,0.001980232046474827,-5.269706721840184e-05,0.004423784767166166,0.0004893875561990734,-0.0006030882289740744,0.004837874333251175,-0.0012306207838098078,0.0027801578783882446,-0.0019232940592688146,0.0030498154497485656,-0.002897752942317472,0.008936277022435754,0.0027029499435821903,0.006172497054139236
2016-10-19,0.003505038400518105,0.0005180875661406465,0.0019940329936362017,-0.0071272720479969515,0.003997668919129511,0.0003145808607292978,0.00027947762054449175,-0.0018468854206628786,0.004169850458308471,0.00640395903738239,-0.0051656575220597805,-0.0025516882021175092,-0.0008026024672271113,-0.006254212581207973,0.0033118193445241424
2016-10-20,0.00027348001556083473,0.0011876304163546357,0.001814573993262511,0.0021002427304888834,-0.0040986730274254245,-0.00574262760334743,-0.0011415374517767998,-0.0006704426530468499,-0.0017625369867565232,0.00015901720234955336,-0.0034006045837197715,0.003435446445648422,-0.002765910408533517,-0.0005340559027847283,0.001535912947791969
2016-10-21,0.003753601431692376,0.0002633257569700986,-0.006004140581138438,-0.0021609965037155936,-0.0023863922693944366,-0.006421530284821061,-0.003911854372745207,0.004456964340151791,-0.00835746242694868,-0.0072056576837653975,-0.004437031730714531,-0.0044277660616405725,-0.0006852509746678084,0.0047954282098513325,-0.006523812343128921
2016-10-24,0.0008986397479376056,-0.002224192217443171,-0.003058628113115811,0.0028369729091487607,-0.008175153046119685,-0.006494201619072943,-0.004736576089781884,0.004969065983071917,-0.007456925461989656,0.004386604595103294,-0.00684821860481329,0.004058757560414376,0.0029196287629633757,0.011356972955369056,-0.0049244615226915886
2016-10-25,-0.012582564044637045,-0.014040722433679606,0.004637915336442223,0.0016362030289865737,-0.005213939159328379,-0.005535919290678336,-0.0006417142117473048,0.0003461899730558371,-0.004386697587529577,-0.004632607887082012,-0.009606531505590522,0.00197086814052988,0.0004405473253702146,0.0013316571139755755,0.006890212904707877
2016-10-26,0.0021607587341665457,0.005511582608695413,0.001496010831410208,0.005718957833111793,-0.006774312973911841,-0.000528032150212061,0.004629445224567059,0.0018774104319791837,-0.0043378668985545495,0.0031333078078695925,-0.00277306011442913,0.003468475083861879,0.003929260854468608,0.0009888750928803564,-0.002738937447158699
2016-10-27,-0.0032561584993838887,-0.0030607191170646426,-0.002608749122703451,0.0014973725605315858,-0.004129922157388721,-0.000623931885290813,0.0005630249047934585,0.00511745074250475,-0.0016241103475353865,0.003764075013704381,0.0024054143890753312,0.005202334429411297,-0.0027963264033983334,0.004405582104202263,-0.009305974630335752
2016-10-28,0.014805783315396552,0.006662260829541017,0.001056442278911782,0.002884592417090659,-0.001898709445351044,-0.0077354977866890065,-0.0024755410555648617,0.002146781545155314,0.003460422265167103,-0.005259683764522694,-0.002750213009831175,-7.68290434239316e-05,0.0010825945413257222,0.004233290608642052,-0.002228443689872403
2016-10-31,0.004747048022571376,0.00410332302494533,0.00030167851346449455,-0.013938959855363328,0.0032241643105340332,0.006636378017404353,0.0022658423479773194,-0.00571463418333904,-0.006809400459460523,-0.00716907438371374,-0.006917556424739017,-0.012800536766225834,-0.006727377778179634,-0.006256021633229992,0.008851721715322142
2016-11-01,-0.00011058318601936401,-0.003457203285469575,-0.0036177030964774292,0.00011258527911841947,-0.00331163011852605,-0.0015264465312992384,0.002513843970461925,-0.002751956783925138,-0.0034951096647291603,-0.00882236581504822,-0.002334686269056167,-0.005386236686905308,0.0030560435241757293,0.008030850768741804,0.007137220565693252
2016-11-02,0.0030268860499009552,-0.010601374499666744,-0.00031639268611354486,0.0034456565480263128,-0.009123472124605861,-0.005586110294142341,0.00015436751432859348,0.008647074228006056,-0.0011929933800928277,-0.00488928305934103,0.0013226501011307599,0.011043059982208427,0.0013061521070954051,0.011531433302758487,-0.00678453703255604
2016-11-03,0.003444552364384597,0.0022209515769613126,-0.000768532135159468,-0.005142021331143744,-0.005074173531588447,0.0009152920505975615,0.00943221985155824,-0.0072225790196461075,0.0020821089078811037,0.007395334259889133,0.0008937724881433887,0.003378357984439824,-0.001233247624743942,-0.0015689174441826763,0.0071174843883001935
2016-11-04,0.00859798402957827,0.003601179293985561,0.0009483489422703745,-0.014570025893401393,0.009844270692294807,0.014901852129880157,0.0012469512459956644,-0.004480441886740263,0.00441177299319391,-0.005340576122068074,0.0011821498674898685,-0.015925356221493128,-0.003103028002156418,-0.003164963691297658,0.0023199373733250143
2016-11-07,-0.0016170280370720203,-0.004599122467473721,0.0047190472316337535,0.004972802019948597,-0.003524476410875921,0.0032169859394778413,-0.007667348025931188,0.006868211070458468,-0.000302066889774751,-0.00040045261726027364,-0.0018992204656193858,0.010280905098177966,0.002123147387163468,0.005805703955478502,-0.006193721628717064
2016-11-08,-0.01323884707153008,-0.010256392141655711,-0.013356270657777392,-0.03763638696140453,0.026458629811367117,0.026043854002531674,-0.012198819654161305,0.020867816043941004,-0.01947570482954363,-0.011495535565665205,-0.01040031541639071,0.005935001993794877,0.006666770215398382,0.006673488767392283,-0.009077979366661966
2016-11-09,-0.021644042912007506,0.0005562954135535161,0.001971766870591283,-0.0068502231464361504,0.0014245826967481615,0.012049234959406154,-0.0015317305750159964,0.021930172169979705,-0.0014372733825504195,0.0008248825816025863,0.015149970080594502,-0.006491524805052705,0.0143507765990609,0.01137641663299178,-0.009841644960994893
2016-11-10,0.006478282937229926,0.005148967316220814,0.014890174596592093,0.016283067909386228,0.00968030489850886,0.008582675398008412,-0.04148432756831248,0.033556826598273304,-0.013129928603711372,-0.003985462930598725,-0.006206024601881058,-0.009672662180447234,0.002598443312573114,0.018893679936017198,-0.032633384002291946
2016-11-11,0.000134919227095397,-0.003818527408874152,0.003659618404867367,0.00032787612701986636,0.007891301571877183,0.008884407003344664,-0.007557926948890678,0.006867593954286202,-0.006653041423361427,-0.010559691455380224,-0.0044511321989494056,-0.0017049558270877951,-0.003953052939102976,0.009573620878071168,-5.101052311135262e-05
2016-11-14,0.005788488997614451,-0.005440763124643729,-0.008923128986262057,-0.012467995108193877,0.0059153207650739295,0.005684927332837717,0.014335776269763859,-0.013670368316663309,0.011488985489822481,0.004436633373644664,0.009895730147586154,-0.003722059486372626,0.00244444092324672,-0.006172929127801152,0.011584863358082665
2016-11-15,0.0038069310590570856,-0.00155227113969125,-0.0018943018082401637,-0.001950508131197085,0.002851820160922844,0.0015917880804594642,-0.004767661488728189,0.0005237785403801568,-0.0008008637460130083,-0.0021528099439240716,-0.005953981821844523,-0.003134929069716007,0.0017207511974862756,-0.0010862517814004327,0.00015652012286740532
2016-11-16,-0.00048167458344705073,0.0002688342023926269,0.00013757252794396185,-0.0013563336056845975,0.008651988714736,0.00284467997985784,0.0009181056874085127,-0.008142882107182798,0.002827613377794758,-0.010976905431054507,-0.006065950356495943,-0.008400319799709656,-0.0035862289848820747,-0.0062151290350110555,0.0022043313542498095
2016-11-17,0.014073934827206395,0.014955621382144116,0.014939271973504871,0.009887299677758494,-0.0006899220131898036,-0.0026134680058294965,-0.010844407677402437,0.018284438136902795,-0.0010819536612928192,0.005790945157840642,0.0076415315556859365,-0.0009410285466193732,0.008165496127713551,0.005639603391143661,-0.014652729187747042
2016-11-18,-0.007019538853365153,0.0005137770639771149,-0.00633643302178433,-0.0059940896753951905,-0.007169349915484797,-0.00860390675099848,0.005018779616775078,-0.0014081553782274627,0.0060382340386228375,0.003888462043309472,0.01127430334297668,-0.0014037954403512236,-0.0025083701455421953,-0.007652780328124282,-0.0006821972163492994
2016-11-21,-0.0026165664509419486,-0.002402729278998741,0.007949208978866468,0.008759121397814587,-0.005090189606092099,-0.002793925968296871,-0.002242910716767436,0.005283742331078261,-0.0036822188873460743,-0.0026730447176843515,-0.0009508979491609634,-0.0003941526500705374,0.00184876147440335,0.008111775560729702,-0.00412821256285882
2016-11-22,-0.006203116711495123,0.0012392917324597031,0.0016652158979710875,0.004048340330202049,0.00434490327726947,0.006077608336155472,0.009965273591524697,-0.006633639889000503,0.00788090755734968,0.0036243183854693674,0.0045191428487807266,-0.00021508928415306253,-0.001102371346195864,-0.00859473343609898,1.1985714175611378e-05
2016-11-23,-4.396167489901289e-05,-0.0004749200705666068,-0.002711250991400355,-0.0038037045915144735,-0.0028135430096191973,-0.00473477087145948,-0.003345546264540025,0.004911343096754345,0.0009137154575681228,-0.00048515244704252624,-0.0014199937618201413,0.005774748378986543,0.00042493336949954354,-0.001353261107999531,-0.0017212152029522526
2016-11-25,0.006752897215611181,-0.0030781438727960995,-0.007122098565622377,-0.011391513872584602,-0.005826363078390184,-0.003764687239261418,0.0016814159031319715,-0.0005389278573073673,0.0011294248597236971,-9.911245629602196e-05,0.0008939137078358599,0.0003030024451648374,-0.0030433162459518525,-0.0010313560054073549,0.0020439244598972
2016-11-28,0.004804283410692833,-0.00720545440238987,-0.00541425015982871,0.0020701659801891296,0.004285916409816702,0.004956725767608862,-0.000987696017255665,-0.0030545943295158286,-0.002027874956453308,0.0020399034484808935,-0.00977512759093501,-0.002320702406098583,0.0053314249123454244,0.003926094558896193,0.005090120924539789
2016-11-29,-0.009497107079492917,-0.003330468009216798,-0.0008380136105717376,0.001176293290046709,0.0009711121137983263,-0.0015655630695506672,-0.001229600624038491,0.004847750855312464,-0.004407884454341519,0.0018091138343763278,0.002658691629084658,0.0003313015837099545,0.00274900943711881,0.010671925495860667,-0.013050687061559827
2016-11-30,-0.015682871180938425,-0.0025939538085725626,0.007869358332864434,0.008400377419057546,-0.006313458772093234,-0.0037288084953823134,-0.0026392958182566532,0.011273591954154111,-0.006493934384442452,0.005985330981780791,0.004550361986283164,-0.004466082897110967,0.01229226512574075,0.02166606900771613,-0.007516161942075386
2016-12-01,0.01102558901250407,-0.0068216735811827064,-0.0033389785267933106,-0.0090345617885485,0.0012580011209119835,0.0025566394199853623,-0.0020441454641933563,-0.001908097169171791,-0.00038375095228897855,0.0009076549476656854,-0.008390179144856933,0.004295786365149738,-0.003118918150713669,-0.005222866325976074,0.0016859218437794109
2016-12-02,-0.006882435439849158,0.0003727099644090844,0.0050848888760027175,-0.0020597961236992184,0.009471232817424027,0.013587832892687364,-0.005639021113542059,0.0028830446811180348,-0.008659891765558628,-0.005324109581164733,-0.008259569863859501,-0.007193846563143997,-5.9037462528447465e-05,0.00779964986233578,-0.0028682278842773745
2016-12-05,-0.0030661590159225677,0.0031360219321658897,0.008932996901255735,0.011906194506608736,-0.0030300219515089124,-0.002080614013562734,0.0036167556297138697,0.00048300995484020035,0.00011367519555972698,-0.0014010796471424026,0.0026810089955541464,0.0016715265858738611,0.0037527003972650727,0.004154483910288516,0.0015112953579648186
2016-12-06,-0.0021792891920001615,0.005428353886086928,0.0038526271927790097,-0.007022400795994225,-0.008991610990546727,-0.0049233518098763,0.005763904637362214,-0.0008541122840038644,0.009516235559682677,-0.009537662326349707,0.008913921366496432,0.004297054944471263,0.0023584612758456693,-0.0018392391805299993,0.002021119433315101
2016-12-07,-0.012688567538577795,-0.00039888586507714693,-0.0014978351608748806,0.00824448119393859,0.002564954233328567,-0.0002660548784645094,-0.00595276943411898,0.008661566626786233,-0.011913363329300725,-0.004783200609080511,-0.004290236255729528,-0.00259488403575725,-0.0030012086128508933,0.008355384993510413,-0.003917931581796702
2016-12-08,-0.005276265814776754,0.006437118599403687,0.0010723143426212367,0.0021854918009606883,0.0005292946824347745,0.0027390304018577627,-0.0014306630353385138,0.007758511558670279,-0.00011475725583165453,0.013657528209260812,0.002802416229482694,-0.0023645011811986804,0.008435223677429972,0.0006724307839690931,-0.0017366177786470897
2016-12-09,0.009277393949429641,-0.013659848278622076,-0.012052148966547334,-0.01731808273909256,-0.012486372529471348,-0.01196386715429608,-0.0038656111035157894,0.003658542390756343,0.0025790519109876817,0.004704356082392522,0.005285984127961572,0.008049881618645657,-0.00012005708785045588,-0.0008552322454292221,-0.005797028369121236
2016-12-12,0.0033176614805751686,0.005581752068533548,0.0064852574528817784,0.0005529266685652323,-0.005239975762670642,-0.0031111493671368297,0.01186374260390179,-0.0078053836351723695,0.002041298126705902,0.002197291589507238,0.0010518389349825252,-0.008965643081259782,-0.0015553808831641424,-0.0016923944612513213,0.010608532109958612
2016-12-13,-0.0010713910682879756,0.006717957355785819,0.001793092625236671,-0.006724221855880114,0.0041458668799268395,0.0005326126145407256,-0.002487068745243263,0.00016048455398328786,-0.00046652243294823415,0.005340334401089839,-0.0030514115832840213,0.0030353945590425677,-0.00012896792234654703,-0.0046685327386192105,-0.005815673482157797
2016-12-14,0.0027377783841344965,0.005296435399478277,0.009923038126462107,0.00346233968430628,0.008665618500570712,0.006126354932961627,0.0006112924090619452,0.0006816816071267828,0.0037528255859992877,-0.0060106777572169435,0.003152150961984445,0.00317885211799922,0.0029392226307141493,-0.0006494583200073369,-0.001082299714540015
2016-12-15,0.0008135216618768205,-0.009399307443201683,-0.004383642047144044,-0.0030781989180552107,-0.0017445397447120447,-0.003260492360881168,-0.004199263832939516,0.0026943690183216136,-0.0036966838851003603,0.0038980859180213065,-0.004144273492143729,0.004951850419986204,-0.002771038220076057,0.0004299376347292926,0.0005367014133231731
2016-12-16,0.002740322607597512,-0.0020175676933771557,0.000860354851702327,-0.00546889401522243,-0.004883538449649805,-0.0032418111166941403,-0.0034981510972427188,-0.00031607027860765117,0.001040163848557079,0.0007508100392297676,0.003002885632204948,0.0024765791688682835,-0.001119815824502871,0.0006920703566912143,-0.0051675852491229945
2016-12-19,0.002579694357158412,0.0059384563184165405,0.009443846484931906,0.005629617145610119,0.0022321670587573516,0.004457125580646402,-0.006019005745865174,0.009145613505084665,-0.00835194645090125,-0.010361662081732906,-0.0037310888129608467,-0.00014523730111060985,0.0024247219206203026,0.004419429907732638,-0.008532921768419145
2016-12-20,0.001522565601378937,-0.004516791148989399,-0.007285622926020997,-0.012002154162342208,-0.000833665863904449,0.0008710673550605514,0.0017585131680460297,-0.004076594382915475,-0.003218958520875243,0.003583772943070861,0.0031364919089391097,-0.002847370246565459,0.003997458011802852,0.0011424332374653965,0.0012460672253827123
2016-12-21,-0.003708968346896929,-0.006806310548086506,-0.007788351724313331,0.0004482790913413427,-0.000475838284235463,-0.006521691866339833,0.005163519113806093,-0.005461285378353659,-0.0024164316329595174,0.007686419070370756,0.0018501241909617949,0.0029632042126505435,-0.0038135888061801015,0.005765882339574486,-0.0015201365367609543
2016-12-22,-0.004991102872128891,-0.007042081875813165,-0.006342196714678924,-0.007050846962746561,0.0047254399884376335,0.00580948869921622,-0.005739178357123243,0.0029976684686782717,0.003755117913473283,0.0006893637957916619,0.0007951088043213553,0.0051625198038436,0.0026083933046621506,-0.0039176315305253315,-0.005334398915016831
2016-12-23,0.003088929937212396,0.0030501168619200677,0.0011317759581930642,0.0015984357688339176,-0.004288755657957867,-0.0051965490308824025,0.0013552887964474237,5.4609717178613106e-05,-0.000868894368275936,0.0018118700440735973,0.0020646840992228034,-0.0032671913372750404,0.001064873762138304,-0.0004780556607604032,-6.8964765721343455e-06
2016-12-27,-0.0022207157206209447,-0.007529719971360471,-0.0022174056445233552,-0.000737241982784219,-0.0017824746612235438,-0.0018833391383713954,-0.0021178640708603043,0.004142435910259076,0.0007896139876000501,-0.0008277578124774466,-0.0021197667618047186,0.004940561915294701,0.005055290690126486,0.004034559846110002,-0.0019417362062751882
2016-12-28,-0.002499552042486758,-0.015424669386654755,-0.012395432489079547,-0.006403818422447544,-7.932344206150986e-05,0.0024519211580817904,-0.004043829446145427,0.004307631977412524,0.0009331153315479489,7.090066901321856e-05,-0.00418188779067003,0.010339637719122056,-0.0030542238681396387,-0.004827084595153391,-0.00034065820287673774
2016-12-29,-0.005129721807856556,-0.003894315257775248,-0.0011259593635584183,-0.0005364153956319345,-0.0028018690364115,-0.00456762823514256,-0.002748131688063038,0.005014431716552221,-0.0008477940647813923,0.002750690698525656,0.0015327124151476184,0.002048614460051369,0.00086918350040736,0.004338666938295488,-0.003972258518069368
2016-12-30,-0.007559758601477006,-0.0055016970729520635,-0.005749756396409462,-0.008543790187457169,0.0016770980961792331,-0.0008729461934900693,0.006223123050137835,-0.010475533476449441,-0.0022886174683406342,0.0042566034243268274,0.0022072751836421283,-0.008337893708814407,-0.0007733001621912138,0.000930185164511088,0.013390829870006235
2017-01-03,-0.008321519281878206,-0.004404794194346343,-0.007131171763941074,-0.006596199578122313,-6.92855124214721e-05,0.0038551822724196202,0.0035140148292390734,-0.004426721048986124,-0.0022141521122003155,-0.0017856557770983411,-0.0009087138769194054,-0.0021191275721124687,-0.0027753566331997527,-0.0030399488871083995,0.004300501491747481
2017-01-04,-0.006458060955865257,-0.01039774608426363,-0.01849571707007827,0.00023249012959410294,0.002268007572900722,0.004687902861424611,0.01069107567628002,-0.007338806399958223,0.005144415390255425,0.0056638509779593635,0.001515034955943708,-0.0008306793560182756,0.002913276523312977,-0.006895559317964199,0.009627996344775456
2017-01-05,-0.0038370375427010926,0.007165018477832885,0.00794240024846846,0.0077012725017523405,-0.00547074263615384,-0.0017629484524543653,0.0007527884445931903,0.0014574502853042784,-0.00483092598305233,0.002367530389510166,-0.0004777155586932224,-0.0007569596176133821,0.0050573407680949796,0.004919768354463257,-0.00473090721806771
2017-01-06,-0.008908134369719241,-0.009278711229103995,-0.011340682163905234,0.0007200958164867138,0.003985638479740863,0.0013886076382456421,0.00736530870032077,-0.008151903976108942,0.00716174446208324,-0.0006401178366338455,0.003431673787576669,-0.008298493598608098,-0.0018112767458854258,-0.012121158950448168,0.008943216918465472
2017-01-09,0.009481940795847436,0.014280261703257842,0.005976101679632587,-0.01379876603338476,0.007751533175757765,0.005141974195663323,-0.00562515932807649,0.00595556866738859,-0.002273627265726134,-0.005525686946973586,-0.0040608355127980025,0.006591087332949248,0.003707962265533698,0.008792055153271118,-0.0032360438543035616
2017-01-10,0.006825047001522729,0.004809535480458064,0.005475039510441091,-0.0023449911396629564,-0.005170610974185993,-0.0034345282081874734,0.003659204016904862,-0.007541584799135069,-0.004894149751658196,-0.0033592615916515777,-0.0008906238954615559,0.005602533837790895,0.00015240086961396332,0.0038545400298837696,0.0019269529088340113
2017-01-11,-0.0027307511613985395,-0.007125736624283568,-0.014079014254319455,0.008467545697237207,-0.0024719482087322622,-0.005905482168203225,0.003960706131673655,-0.007569226195230252,0.01025402430791055,0.006973008584377382,0.003000380105964152,0.0033301813816131575,0.007014325250817546,-0.0076732088556981225,0.008341419287124018
2017-01-12,-0.00044458819665980833,-0.0012422994167453029,0.0006960926167808388,-0.0024008785851067325,0.006703856289582099,0.0027410943805522957,0.0017088925277540029,-0.0016298718545414456,0.0008725573687162558,-0.0037076582549281875,-0.0009812231210915272,0.0006954482747606799,-0.007291403841374576,-0.0033401576090773327,-0.0021094484922198394
2017-01-13,-0.01127732076781285,-0.0158636416376528,-0.011190536356949991,0.011388974785093183,-0.00960167904363277,-0.006899542348574036,0.0007236428226427543,-0.0021830905878132707,0.005169166077166531,0.003504020185583501,-0.0037725484403579113,0.00833410324696856,0.010283231251659529,-0.0016039917326580028,0.001882764699130006
2017-01-17,0.0024129890748251425,0.0045518119550465716,0.0029749272617725373,0.0009435537368999302,-0.002386063585092883,-0.0015551949272282124,0.004139842647227964,-0.0039805842398292,0.002345922253884496,0.0012720320291481312,0.005206100990414255,0.000656008807472977,0.002489534118621702,-0.0030919240661324847,0.0006975368328341392
2017-01-18,-0.005424390769868454,0.0028721805576990772,0.003050074260244954,0.006096629772860233,-0.0011737728284653597,0.001820432221390349,-0.000519914972837742,-0.0013034884974559447,-0.0031974003623057214,0.0006652492763171329,0.0035560641124944762,0.004692371648255824,0.002673245080969237,0.005334764243120382,-0.005047079151465528
2017-01-19,0.008049915720570112,0.0008962510726010452,0.0050982945604880914,-0.00922847676196307,-0.004538923768270367,-0.0031774330809964777,-0.00128901773455184,0.0011304209305089343,-0.0013342827518191586,-0.0011338027381326238,-0.0007315266113939651,-0.0051231642935999555,-0.0038398856498813153,0.002904038756316666,-0.00018567843115689328
2017-01-20,-0.008823053433926756,-0.009107039882761554,-0.012987162525340996,0.0002372290040829751,-0.0018423985033381742,-0.0014911752886200107,0.0018043873726343623,-0.0009441451467730134,0.004233031748033775,0.004546018184333184,-0.0006740279055981284,0.0039455196531413455,-0.0013241779255272722,-0.006030809338425845,-0.0009410179102380536
2017-01-23,0.013868143925456985,0.009993396494084091,0.00815999342662898,-0.013587398925221744,0.0034632522055770554,0.009105896981336056,-0.007282914512433791,0.001265984638035728,-0.004290532272197348,-0.003668278362039694,-0.004299859612788137,-0.0031655770006632925,-0.0007723084107066937,0.002346176495236248,-0.0037492270696251927
2017-01-24,0.009079613296962203,0.010180093036708724,0.010025908311617732,-0.008439512813316969,0.005438028045120086,0.004779546092428198,0.0007560661595769555,-2.605377373043373e-05,0.004310469966171371,-0.007094337225184252,0.0023531880721017586,-0.0009054917226704587,0.0024143983381238413,-0.0016872143484752602,0.002072845942441271
2017-01-25,0.0006595840563945379,0.00025658048163217486,0.004323156675757951,0.0011927278585795661,-0.00849394133129957,-0.007567557314850245,-0.004462780883592851,-0.001048879849469627,-0.0026326043553802775,0.00450524490353242,0.0031998552670541814,0.0003647510726641017,0.00896854055859918,0.00676401427280268,-0.0010828995366969126
2017-01-26,0.003058911135391291,-0.007057742822680717,-0.009217599846758195,-0.007259614315176303,0.0017229743274191484,0.002900724551784054,-0.0031475670530469024,0.0021923355718536236,0.0043368536796088725,-0.0015322522702242408,-0.004632645331916672,0.000638645758579099,-0.007211760622853398,-0.007888529535140205,-0.004335675313762077
2017-01-27,-0.0010643235861694366,0.001749229805493557,0.0004767875274581425,0.010707112742046266,-0.0028796888685449513,-0.002325082671267709,0.004652143808443374,-0.0022692086003831876,-0.0008466952968475688,0.002529045598117126,-0.0006415514786719343,0.003598319967006996,0.00592126361950008,0.0027205473768169373,0.004558847581092458
2017-01-30,-0.014831867178319741,-0.021458613254732327,-0.01597894794306746,-0.0031455185149121346,0.010423404161944216,0.0035809463519927347,-0.0014340926391271961,-0.0030104426509273796,0.0014898317351273891,-0.0035637464425953467,-0.003462028758392772,0.0016014913932792217,-0.0016666603381282705,-0.004402553515939815,0.006493559306322908
2017-01-31,-0.0030924836170858633,-0.002088280277552544,-0.0035890100119040117,0.006591941596858975,0.0020805163817189877,0.007036368393646436,0.007402255757238171,-0.004205520839268668,0.009092093166636204,0.0033092806909961504,0.008542095130421253,0.000980665420242205,-0.002295547035768058,-0.010184278719226524,0.005263172479049485
2017-02-01,-0.0024535803368651746,-0.00998729914688647,-0.015644391924834886,-0.0006728205294146473,-0.0008223894085799322,-0.009541670084313333,0.0023867650807872756,-0.00384348657925075,-0.0014733669851792431,5.922266756115289e-05,0.003307382475241954,0.005563956085257342,-0.0012071218330226429,0.0015211215201284102,0.0017344431640246758
2017-02-02,0.005428826203115302,0.004952983766578241,0.008133352979559083,0.001800237246203715,-0.0010884411728513139,0.0022004755393057766,0.0012818523136153247,-0.002980462237262782,0.0021494427437816783,0.0030861789646991385,0.002470884552827842,0.0005820183910530512,-0.003803055221529234,-0.0019191486050184397,0.00012487322120304824
2017-02-03,0.004603996854951478,-0.002329437612387848,-0.0043060842510812825,-0.002050670018771273,-0.005291951442358466,-0.0013071847753550235,0.00473895688260725,-0.00598065424722621,0.00506078799519896,0.011081392023620436,0.008634217972774002,0.005889434497633234,0.007525130391022698,-0.0017382566041945627,0.007191595709049908
2017-02-06,0.0028865938757099774,0.006594160138088038,0.0012735388199823696,8.913760336262463e-05,-0.004937219471754232,-0.0008150627419099567,0.002175437896568235,-0.007335208262823776,0.004644738164448943,0.0007227538729133573,0.003950180204301081,-0.002406058977524399,0.0030630845009989483,-0.010355476124963254,-0.0030916034670084675
2017-02-07,-0.012919345519569992,-0.007251027419812685,-0.010822752455167346,-0.0020065029829791654,0.010107991591667219,0.010154371810336888,-0.0025466859349447535,0.00205490123580205,0.007854878578167988,0.0009791851712127398,0.0013714943710373263,-0.001533580266562886,0.0020832345365632537,-0.00790177382087702,0.0006105893830883357
2017-02-08,0.00901943305714092,0.0034195352579801516,0.0031873506674045555,-0.0034512347181033494,0.00326703312130046,0.003584381503763446,-0.0008241792040138913,-0.0009793159113480644,0.002501401449152162,-0.0016212574323045733,0.005283679322254054,-0.00035507144700671657,-0.0009470925106969119,0.00260477206217454,0.0008404766976187689
2017-02-09,0.0029021263332426077,-0.0013405358447642944,-0.006655923979406059,-0.003397616686909302,0.000723109222229611,0.0001773006562211495,-5.152375820795859e-05,-0.00018302218470975674,-0.001967144016436501,-0.0007474103751277444,-0.002145057033682089,0.003864281074907324,-0.0050196780079494185,0.006155168232925247,0.0006583614129939278
2017-02-10,0.005999229375537554,0.007971822289314999,0.00045284408641955737,-0.004956376823457833,-0.00981664161658891,-0.004940094134240811,0.0025705710552618648,-0.0015435932599408122,-0.0029559817545896623,0.0005319338828639799,0.0008157019268816802,-0.001486077799875088,-0.0007819138421494543,0.0025179546050009076,0.00270322269315279
2017-02-13,-0.0037374501296844253,-0.007069269097647286,-0.0007121816945525406,-0.003422217546626677,0.00196868735830895,0.0053297983692277935,0.00037314736285638133,-0.0008270254475409599,0.0005591256287600325,-0.0014443036270774812,0.001619400862282243,-0.00157854739391388,-0.0020612635533746623,0.0035443297121142323,0.0025450744357810658
2017-02-14,0.004333036137117031,0.0004673922190394982,-0.00100250995838307,-0.0057827763068795226,-0.0011949684291088197,0.0006708031024970341,0.0063233952942301705,-0.005506943166300425,-0.0004059142487917644,0.0006661540448913402,-0.00039523322839683187,-0.0042580411559009785,-0.002147114581811733,-0.0005056839433794759,0.007402732561947211
2017-02-15,0.003849740189409953,-0.0033488213300226204,-0.010761415831002805,-0.012123743292396941,-0.006594025608298661,-0.0016038956754445399,0.0016804462373256755,-0.0024790490745184267,0.0003252356725673615,0.008087071562111426,-0.002339745150268327,-0.0007092278014032334,0.0006908847747905208,0.0007560704943842945,-8.2126171149085e-05
2017-02-16,0.004656223453117673,0.0014084873830391656,0.00019648873041461083,0.006226014412406313,0.0029772615952473203,-0.0007756660111224616,-0.00666813625104649,0.004565040727897856,0.0076405060743427716,-0.002695929651661447,0.0028710413911900703,-0.004158174974202945,0.0008278491367723999,-0.0018708805347541946,-0.004555724072284596
2017-02-17,-0.005548089601513906,0.0017336244126610828,0.002836008315002392,0.006729199753860898,-0.007078687045249784,-0.0036974313506208047,0.010361201218112162,-0.010380615708698575,0.010667656482606666,0.005109229275316754,0.012219193349079728,-0.0038723868893997346,0.0032379617039215644,-0.003430984065193302,0.007101380096338701
2017-02-21,-8.853817003171439e-05,0.005233251199477698,-0.0029219045765340504,-0.009800017218131778,-0.006251157972618876,-0.006094924274732185,0.003757131354205942,-0.00140971420856401,-0.003173283047152439,0.004804126251183904,0.007629385453519227,0.0016683966985163866,0.00593718210759166,0.005882005855898777,0.0004097820208296215
2017-02-22,0.0032333744976566084,-0.002054341006217683,0.0062993975386064945,0.003295704903432707,-0.010576163942994788,-0.005839287407341291,0.003920536841034283,0.0003899117462286785,0.00025145905363224263,0.01678801337999508,-0.0025649023627579443,-0.009603980802227347,0.004823860580725208,0.004723014044184008,-0.00031356752980054355
2017-02-23,0.001940912652823508,-0.002170711598820643,-0.00725840879506164,0.0013157639242323037,0.0047580143439717795,-0.003925404486026932,0.004055992855175826,-0.005902927771670583,0.014838902131881666,0.0005748395958223631,0.006326424109456249,0.0003991644687912116,-0.0005834853105130011,-0.013838734293662995,0.004488752683683326
2017-02-24,-0.0003443838542479573,-0.0038468185344166864,-0.012087880816770397,-0.007970185614395296,0.010758451435918434,0.011136688319040041,-0.005502739057548867,0.00392499449025875,-0.0017005960259754843,-0.012127334385737801,-0.0022359693960616114,0.0005996557984559946,-0.005134406350433492,-0.0007794166480724644,-0.0027601028059205707
2017-02-27,-0.0040951608957283375,-0.0063917285904204115,0.0029242507655387277,0.0041821838099258424,-0.01893827267527937,-0.017339859288549832,0.0132615884966981,-0.008109554244106788,-0.0027783829365833693,0.004430893712378878,0.006795777624184219,0.0029224885117014807,0.0016681461379089019,0.005510151914147724,0.009621950519030208
2017-02-28,0.006550518871034858,0.014606774507451827,0.0025202081321228694,-0.007429547547832319,-0.004018502808498775,-0.003393137220703264,0.011336670262969074,-0.009212586946142522,0.0028853602215593264,-0.004973231601310817,0.004218504944563873,0.0022098538851318787,-0.006006831771819591,-0.005645239888276062,-0.0012030510561379121
2017-03-01,-0.021674248067206525,-0.014285042624667194,-0.02307889673231502,-0.0029152205779567463,0.009356513952763108,0.007776157192312675,-0.010387112017935891,0.004838271342265936,0.005219818334798052,-0.013050092563116667,-0.0016535582369754387,-0.004033646563471889,-0.0009791369161367995,0.00010462780930694388,0.001751625296243591
2017-03-02,0.007392952284716939,0.00686652465092032,0.010072418650080905,0.00609598840737039,-0.005817288690885989,-0.004402842310104031,0.005917270126713158,-0.00797058911774387,0.0028949591785858405,0.0074614248992607895,0.01027968157999715,0.006615805686379175,0.009858974548010591,0.004025468464605235,0.004220083580377567
2017-03-03,0.0031818212126463784,-4.575230977374965e-05,-0.002084377979848671,-0.005171122894186186,-0.007964409262644629,-0.00662537590429784,-0.0009406671678767464,0.0028697837797051658,-0.006841702997648992,0.0023575352170153276,-0.004247404830569028,-0.005097638347846094,-0.0012054579904434166,0.0014536676619745087,-0.003397066738362313
2017-03-06,0.010080783338685884,0.007927933437909485,0.002283555954100307,0.0029458534667105136,0.001159645283423565,0.004182092244800982,-0.0063585202590402965,0.0029900193495642838,0.0053803323401052615,0.0020000401183464076,0.0027919887248401168,-0.002568470196316213,0.0028165351945089218,-0.0027113346203635055,-0.004480424842966143
2017-03-07,-0.00747415459052506,-0.0013065668647560566,0.0010752010618167683,-0.0017805533772199714,0.0023908321686890747,0.0009525287243841735,0.005211986271891214,-0.007796683899885318,0.0018502865693936805,-0.003832021318137188,0.00045671332718491623,-0.005073764935259987,0.002075685791186432,-0.004069543410794397,0.00505841470523473
2017-03-08,-0.0031287883332905475,0.0005556171174751386,0.009754275674130924,0.004550926560855961,-0.005890066925828915,-0.004831367909682999,0.001440545175457934,-0.0013707723964510319,-0.0014954544260281613,0.007091738475173567,0.0037752170984593986,0.004235317381040848,0.0029052087520203573,-0.0013898699165744868,0.00020745478648007912
2017-03-09,0.0015943867060366924,0.001105460527897173,-0.004186842089931767,-0.0048435177689009155,-0.0002490198531961219,-0.0034588782645889105,0.010191835131420683,-0.010044007493808208,0.008125620499985919,-0.004428260889945039,0.003950025153029314,-0.0016432458027075538,-0.005058068069675551,-0.009315398985968833,0.012069871443490749
2017-03-10,0.008092722667873722,-0.0011068422902738044,0.0025837764657329824,-0.004392831680564268,0.0012687705899324406,0.0022642878824316467,-0.003921904798336038,0.0006910573418702007,0.002226801778198696,-0.0017551069382270306,0.0025074052465450273,2.169742403403162e-05,-0.001449252378450884,-0.008098269528980307,-0.00342623302610361
2017-03-13,-0.0060879639639958875,-0.0008059239848214189,0.00032161187387006254,2.3884381734945795e-05,-0.005297785996416775,-0.007789262322347868,-0.002604310425558454,0.002206894525462091,-0.005206029403090271,-0.0009634078899156372,-0.0005520404909637889,0.004715842459308891,0.009057633087252548,0.010146028797870636,-0.005474605119286839
2017-03-14,-0.0038217156422937337,-0.005243669988276193,-0.0070659107998342,-0.007910577695118347,0.007584069901894877,0.002599844128533783,0.0035709019846958644,-0.007462239913617707,0.0008246264213001685,-0.008329277548958245,-0.0027528190566946074,0.0030901733247377175,-0.010506963489629664,-0.002666252444928757,0.007695985441231431
2017-03-15,-0.0025439089176901163,0.0015125126663960318,-0.00881375557573499,0.001238670376389017,-0.00026755613318691013,0.0033007888673780004,-0.0015220217175940932,0.005557172648161565,-0.011213320758580843,-0.004388377300794527,-0.0007325287194563756,-0.004392011718803915,-0.008335928989271298,0.006289990414617752,-0.0037875258150771307
2017-03-16,-0.0068412468416213755,-0.00386314220608734,-0.003306810291850964,-0.002509847077787689,-0.0017867520638139883,0.005005038432703458,-0.015496241689209387,0.009074969852849207,-0.0009512708597161786,0.0025588678542594993,-0.012243408366138946,0.0030023989999061894,-0.0038314894051521284,0.004461103567536367,-0.013080670567522983
2017-03-17,-3.394486140395614e-05,-0.005964488878842546,0.0029115974879105858,0.004493306022111869,0.0016395575803759195,0.00245853994787536,0.0010071227645833908,-0.004967992489373441,0.008359320306751732,0.001996272819580247,0.004874848806356452,0.0023594195638324544,-0.003911885790033227,-0.009226892867466198,0.008639995427145117
2017-03-20,-0.0107980609935816,-0.012843490809038561,0.0028812280831958005,-0.002465963736409265,-0.012567827191286789,-0.01310973730737265,0.006533399099736917,-0.003246914717084246,0.0014297797966701803,0.0018760707128717864,-0.0014324230309966206,0.0024913278494064148,-0.004165059278249842,-0.0011622943038876454,0.003990746702974862
2017-03-21,0.009004610664880515,-0.0014137055850230187,0.004410962722142928,0.0019046616417138272,-0.0036432832977496754,-0.005610685129797673,0.008847709676319086,-0.012305507729793188,0.009914508257096477,0.00015004661951539908,0.006965994268582442,0.00272924945358524,0.003345003567990715,-0.011383923306330711,0.010336915524507441
2017-03-22,0.0005226606225317522,0.001002016648263806,-0.0025216870012583588,-0.0034589347435067413,0.010544012388267998,0.00962235399915595,-0.013234372636688939,0.011238658511611073,-0.009154083987471064,-0.0030335003500376913,-0.009155248136946317,0.001136343538233223,-0.002235113950752786,0.010285935025403889,-0.012754668571418902
2017-03-23,0.00019401563353134898,-0.006483031487702963,0.007915401286137725,0.009339870295714271,0.007956569269421423,0.004589334789780969,-0.0008749820548444836,-0.00036772895937103433,0.0026132200927365653,0.00112882773980376,0.0022537730848328063,-0.0013923155325268701,0.0008612966695733554,-0.00603386059388086,0.0021842071642245737
2017-03-24,-0.0012790254680565085,-0.007896070299273727,0.0020688890618011727,0.003865232017321804,0.007119275734021775,0.006666474472296195,0.0014757273300855251,-0.003942738506630206,0.007574618304811611,0.000766507073233236,0.003259172347557955,-0.009417004659842463,-0.0027793827868086963,-0.0069101679197080875,0.009610381206252915
2017-03-27,0.0003256160550583198,0.0025984898096548586,-0.007002749683995434,-0.001583692452238026,0.002578761213680711,0.0026379887477553255,0.00226805003226697,-0.0005639074980981675,-0.003080892516828461,-0.00296143336903734,0.0029716378367302025,-0.00204906282912314,0.0009528227273797266,0.003813979799755908,-0.00032038828709638877
2017-03-28,-0.00342113159587782,-0.004096161503815802,-0.0035720149134894886,-0.006661176537088536,0.005557686143409884,0.005611544849595795,-0.0019633807098150204,0.0003750320995728801,-0.002201189737490403,-0.011086711958261374,-0.0021666649397053556,0.000323969555421156,-0.0009816365478160114,0.0013388695520374192,0.0005261866846137287
2017-03-29,0.010764053315597781,0.006911168774892293,-0.006184427176936572,-0.004498563844325277,0.002380637235509104,0.0008535844932720882,-0.00377606222238173,0.003774569607051988,-0.005256647371333633,0.0032050582397315577,0.0032678381967498945,-0.004460769075583442,0.004408888646356281,0.003921540436285425,-0.007696156772596835
2017-03-30,0.006692919276552337,0.0019958280428142732,-0.0013426155724046937,-0.00033874541601681876,0.006173907747746578,0.005883596607094203,-0.007821105475666728,0.006189685179854788,0.0002371736309660493,-0.0012480597484397242,-0.003284115838380796,0.0016520218049309188,-0.0038402891774242686,0.0029454534708427374,-0.002293772895038441
2017-03-31,0.0046576719057025975,-0.0031485330311551173,0.009254840631022396,0.0016136268213858967,-0.005032296092623581,-0.007948430600864292,0.0042008363630443865,-0.003921240817699643,0.0006288688274459645,0.010736970132748987,0.0026311000597607796,-0.0014989018182966088,-0.0002445042928916896,0.0001683720654333011,-0.0010594514896649803
2017-04-03,0.006910934601648463,0.006943799434380806,0.004404988883203421,0.005896123489916493,-0.0040451497484651835,-0.001948505796977667,-0.001026909451826155,0.0037035218285675683,-0.011192341748040239,-0.0013379915051082657,-0.006961806692088981,0.002327912575873674,-0.007315059957941253,0.007691206112941905,-0.006405017871849683
2017-04-04,-0.008229175620853284,-0.011402488146713494,-0.007214128155416157,0.0009240239524091545,-0.0011130839829905275,-0.0024758317302742347,0.0021811227964590634,0.00021276937836149472,0.006257314768442685,-0.0005593479657461757,0.0029930652367366603,-0.0024907914359970267,-0.0020027328798046633,-0.004875703659366318,0.00012431756676060338
2017-04-05,-0.0005594362384417446,-0.007905173161494933,-0.009705823217952906,-0.009620287835482216,0.004632891662228885,0.0034189014342971254,-0.006418888479209507,0.005663930134523482,-0.004084869123698152,-0.0042858836334422005,-0.0018887326320788256,-0.00452335497444339,0.0020681940248184726,-0.0018233622381788476,0.0011489540650415206
2017-04-06,-0.002251703962271854,-0.004701659583014777,-2.6377738017832456e-05,0.009588254352039334,0.013493693279704344,0.009872068860714171,-0.008843793779286905,0.010153633731171266,0.0004417586722599116,0.0032999314795951035,0.0030582210645723933,0.001142808671418651,-0.002529756293274369,0.00016957752909145356,-0.006827169378637232
2017-04-07,-0.01075875312491081,-0.001505258831768276,0.004294790786405173,-0.0015542630699600531,0.0004061109842742243,0.002609204430788697,0.009348018662809343,-0.007525826237478427,-0.00025363013839916314,-0.013301835632669429,-0.002256401475127261,0.0009783455465514808,-0.0037831757795925318,-0.0017535063253232427,0.011312862241843602
2017-04-10,0.0011946974512701191,-0.0028051600609854833,-0.006803845071865807,0.0010716519759238659,0.003704324676658944,0.006203312699352148,-0.009091952239959662,0.009054411699888297,-0.0016863861716828704,0.0017001192547657158,-0.004175521877046666,0.000775469719298108,0.0006695228834226992,0.00332686608836299,-0.006499518744348387
2017-04-11,-0.0135026878943091,-0.006696236648468789,0.002782843951079075,0.01172228504714604,-0.0074107618566983694,-0.003151080095535999,0.0022083251473482756,0.0006580219234687346,-0.007677120689832046,0.0008683217229435254,-0.0005513866472770012,0.0020206729161632835,-0.005698651558904363,0.005196765938514462,0.005023438991488261
2017-04-12,6.134041235372756e-05,-0.0033279312015497813,0.005981028821220764,0.003309078615089607,-0.0015433861585009206,-0.0006075233340263747,-0.004623270858731117,0.0024877880604445932,0.004167257892078709,0.0069182423924312175,-0.0010301452874532727,0.0010319714744624568,0.005578350695035444,-0.0019568740751427756,0.0013370024547589643
2017-04-13,0.000798807415205805,0.00146002203514254,-0.0005131598620683724,-0.0029481358416094446,-0.00578866654367039,-0.0023418796828256344,0.007797947138725326,-0.008161318559815754,-0.001711578899550331,0.0013242271757381366,0.0016117199163245607,-0.006206062793608063,-1.0860034851596992e-05,0.00016483503993665327,0.002209180171964649
2017-04-17,-0.00037087129552691115,-0.00019739293143622582,-0.0020737025535992252,-0.004673664466836787,-0.0010066181128928692,0.0003756908709471603,-1.1174694517040746e-05,-5.26279240945077e-05,0.0035930185261146795,0.004925076956996659,0.0023801331373082242,-0.0008141904570853464,-0.003611581140932726,-0.001379387955607106,0.0004935879840585358
2017-04-18,-0.0029978779905221473,-0.0025345474419701105,-0.008929469781147708,-0.010451114733388871,0.008445406875901756,0.005390725312471343,-0.007768486399528717,0.007124590447533377,0.0008084567972995952,-0.004733012283494291,0.0005110692609395784,0.00102472638591641,0.006632179095892836,-0.0020727502013158294,-0.009107127982075792
2017-04-19,0.0006929662630237986,0.00027832222815015774,-0.006001118745175978,-0.013332789421623338,0.007885994223711112,0.008005293503839375,-0.0011613857091203605,0.0016404560855056184,0.00394262828718245,-0.005491730097577338,-0.0010365045388893,0.0025814453704659287,-0.0003008098158798437,-0.0022192598663948477,-0.0003818252195122371
2017-04-20,0.003098064605796974,-0.0011329127863725173,0.0018205171008348789,-0.000213563981328848,-0.005191928624835119,-0.0011382962867040156,-0.0028141836661609186,-0.00043123087378110336,0.004305585710100281,0.003966349549453824,-0.0008151138024342867,0.001803569644746153,0.0011830591195801997,-0.00174023334619962,-0.0005289769017271091
2017-04-21,0.007916393921201446,0.011047028269780573,-0.0012094966021592088,-0.0041198858890643935,0.0031479153276160717,0.005173728699661009,0.005353864090216548,-0.006324488309116244,0.004400184934850499,-0.004194624814459834,0.0027420994796153748,-0.0038804200777920288,0.00026939370870124844,-0.0011755632912512672,0.0064055074520452246
2017-04-24,0.0086153036622929,0.005373841496676652,0.0003803217191264228,-0.0018975441873149684,0.004212287267247886,0.0006165294193534602,0.002817829207753195,-0.002317497500318638,0.005406804781474531,0.005961522811334082,0.00371410374617429,-0.0038749880275566373,0.0061256268928366955,-0.005620380279183725,-0.0046493111404166815
2017-04-25,-0.0001514800259499391,0.004563919989498076,0.0017178810823380603,0.010163174799904594,0.006397599146367172,0.00219878654182364,-0.010361331051347298,0.011793007085403148,-0.009832327492677982,-0.006026458921925731,-0.011132502522673515,-0.0038107058026999006,-0.002092165138892486,0.0075210658017537775,-0.010455877921613656
2017-04-26,0.006448210011629996,0.004221987566433228,0.011909000004290399,-0.0001739397007155018,-0.002056185589872377,-0.005177805467014991,0.005318921459450175,-0.007019697872970361,0.012370948644293594,-0.001888482945863828,0.004243371080627989,-0.0028702917375021033,-0.006453600998477627,-0.015322878058273995,0.007154387351263161
2017-04-27,-0.004501344137530071,-0.003846872546328283,0.003044680882210057,-0.004117577346999459,0.0023938707787851733,-0.0049025742419807825,-0.003907722342506598,-0.000867971597927611,0.0031288814835638305,0.0004543839057740539,-0.006509487345165547,0.010621350583383168,-0.012711060458415885,-0.0054985576526844345,0.003326621215168756
2017-04-28,0.010525352527963236,0.005695138645348248,0.00420130364347222,-0.0005782440348938013,0.0009102308679714815,-0.001645162080510969,0.0064289294546407,-0.003848552058378128,0.011721731774289217,0.004844441038284564,0.009176597804230168,-0.004849457991661881,0.004104324953251633,-0.00785819541342283,0.005057795502518215
2017-05-01,-0.006918595952298347,-0.0033520155890377113,-0.0005356735427337803,0.0011079994304985415,-0.001215320588269698,-0.0016074513466759056,0.010810541418247043,-0.0077180002983539536,0.0013019872674709032,-0.0054308559937386175,-0.004341037420221466,0.0009309252567332656,-0.01705297459192033,-0.009340699083829689,0.003124223979059967
2017-05-02,0.004116344636037375,0.011230621483967945,0.009959296363056355,-0.006860487277958951,0.0008643814971831931,-0.003306221316005522,-0.0015560085401524963,-0.003427153114661944,0.0011354600739403122,-0.009958837869175428,0.009123695842782177,0.002387273046770475,0.009518714323706363,0.011130779053160893,-0.0010047135669774545
2017-05-03,0.0006260860031635286,0.011805642325395861,0.010330309871532103,0.007551807045339124,-0.00802957524615341,-0.007877457770040511,0.0035147296290309656,-0.0009590945217922563,0.0065400106153036975,-0.0013898503928277003,-0.0016511610580523233,0.0020992603104015646,-0.0020959832468234315,-0.007404691802052222,-0.0037603721009319864
2017-05-04,0.0038472931049702373,0.0009981500539071168,0.003674517462434467,-0.01006746147193419,0.0025317389782240976,-0.002595649936357537,-0.0005602568365544224,-0.0044615598639310555,0.0023154255484029674,0.005362380086768083,0.004390304087593672,-0.0010141825368483025,0.0011647395529094775,0.0005425464316951684,0.0034452487469743207
2017-05-05,0.0014177530196503598,0.007171060063844244,0.002765667858801911,0.00805964000084233,-9.67573270180622e-05,-0.004740810160941363,-0.001125989712167312,-0.0018747847844350096,0.00249312574332283,0.00537599170511005,0.004608397766142009,-0.0010318212756103805,0.009264883297657628,-0.0009024495373491213,-0.0011535696442685527
2017-05-08,-0.000765176608762564,0.00552609777582516,0.005095584499299861,0.009608468212720055,0.0118223424773958,0.006275391067502266,-0.0063255240863363685,0.0033967986491918404,0.01065751148094885,0.0012402840263643071,0.003756582562600127,-0.0068144905711625655,0.0027127975445745754,-0.010624270281945888,-0.003926570298158814
2017-05-09,-0.0034350986215595037,0.001996200157192058,0.009151335187225227,0.008587279307059494,0.01572636984558577,0.007768357603866316,-0.0012253286224365816,0.0014655440516899733,0.0018722987759651867,-0.0019063767898311501,-0.006054515845452506,-0.000518466808555185,-0.004446468095822081,-0.007827467356293789,0.004809652088563456
2017-05-10,0.0005726405999441075,-0.0014627072902679526,-0.0013252352422781478,0.0002610831199297294,0.0009020814638025251,0.0001368707908580355,-0.005470150689787076,0.004444002527314401,0.003252174689628539,-0.003986859542442748,-0.004787934802113381,0.0024561543515194116,-0.00132765730968823,-0.006205095162341063,-0.004425372159252834
2017-05-11,-0.00045181924936544583,-0.003839784820043725,0.002351137521335357,-0.0030547703099574686,-0.003320009401020829,-0.007933671275333638,0.0027474421872621976,-0.0004794406293140857,0.002842727463181602,0.0045515188704257905,-0.0002546189688764889,-0.0006883727340010245,-0.0055606711668215875,-0.0015791023689483378,0.0014064283700098868
2017-05-12,0.003068013539663754,-0.00558483514757265,-0.0010249273603065937,-0.002324522390848722,-0.00403347527520157,-0.0029207466193738245,0.006012348864027815,-0.004746941688543488,-0.0006615837495243431,8.345913234165427e-05,-0.0009338063884542858,-0.0006776295567061242,0.004185292479498068,0.0018027146885499995,0.0003004703790817154
2017-05-15,0.0073164236113461584,0.00755756484399247,0.00592529033521366,0.007070340606883716,-7.786181440554499e-06,0.0005275964321575582,0.0032027945925085727,-0.008792382273773946,0.004234123627387051,-0.0009189146542615724,0.0065692817579527055,-0.00561745929383357,-0.0015757798487576148,-0.008554124694997682,0.0034980247317247404
2017-05-16,-0.010754128063837035,-0.0014021025045173469,-0.0028474087552036315,-0.012371843641021119,-0.015528440810025638,-0.010448907904316861,-9.65966921825448e-05,0.0022439829901335535,-0.007572438875969648,0.005213616650288754,-0.008373610698669508,0.006514741954453958,-0.004313528400422411,0.007576935784301644,-0.00533694054606447
2017-05-17,-0.00040836372855565734,-0.00163009587328347,-0.004869985962473,-0.003468962393124044,-0.0017293139904659845,0.002343117116084134,-0.002468376985392425,0.0031641263192431273,0.002733050242594033,0.0032867194868241036,-0.004591758799714312,0.0005153076496521047,0.0016802044933272408,0.0022104823513091573,-0.004901753411028237
2017-05-18,-6.006728310926999e-05,-0.003335522884317218,-0.0023803221444285445,-0.007492828316036651,0.0016047876888481746,0.004831432744109314,-0.0001474463066111183,-0.003954983875072774,-0.001662401264831634,-0.009863767486014037,0.0031499391548359176,0.0013000374196385413,0.0034755418495430127,-6.411949235941329e-05,-0.0009324038260721066
2017-05-19,0.008246274731158555,0.004695743750814718,0.002990705053938842,0.001925757554553039,0.008918180313267153,0.011853514377467534,-0.003181653432499016,-0.002096763407728918,0.004548758989275927,-0.00152951158696033,0.004003197123210318,-0.0010268599649627987,-0.0010481755612637856,-0.0011568533913278549,0.005736105026639229
2017-05-22,0.010046438300850091,0.0045246889338328485,0.0010274819832006444,-0.005854272352440248,-0.006215125464716666,-0.008907805632470726,0.001703608000516553,-0.0034798958257706075,-0.0011932979610173317,0.0053697893110670105,-0.0002789829663780233,0.0029657362716842767,0.004718986497599327,0.0007324717352539228,0.0012393594006237334
2017-05-23,0.004663054904337445,0.008546196060959601,0.009438249377715105,0.006854060427699424,-0.001027253227167674,-0.0016397378876403402,0.006150333980035621,-0.00719349752768811,0.003415548740842136,-0.0006105750719998084,-0.0002497934075221834,-0.003641935303266087,-0.002941307744817538,-0.004639596619620212,0.007291915610961877
2017-05-24,0.0013860861842326915,-0.0012482335576807129,0.0032499694890875774,0.005196139936749779,-0.004199571184651521,-0.0010714652549168391,0.007459056033971274,-0.007288549224556197,9.715948982130383e-05,-0.0011226766885297763,0.001723297099140954,-0.004908184039803426,-0.0020236614932159836,-0.001632185233176852,0.004725936440758787
2017-05-25,0.0007679186548297588,0.004319413961809133,0.0002087489001188136,0.0005608896510373967,0.00263422860724888,0.001077683445367844,-0.0005642240873753797,-0.00018868341556962584,0.003380240028177612,0.0016516368989022167,0.0040431674204048145,0.0009577299989743859,0.0022370328022393937,-0.004438469777220781,-0.0024456288507057554
2017-05-26,-0.0035309158885771927,0.0031909417418811196,0.0005791128525229035,-0.0033294784636593256,-0.005898708084287593,-0.0062579866229641075,-0.0005827519276536999,0.0013200061055083233,-0.000921489662548125,-0.0025224738397703456,-0.006425597216170328,-0.0017730640035426778,-0.001926748524039905,-0.00034459932835198635,-0.004245235526462687
2017-05-30,-0.00036601350854504635,0.003324396525049962,0.005249657713058312,0.00171700152370176,-0.006994378025247218,-0.0052557265388998185,0.0029801259072034774,-0.0032532193325331004,0.0019123358901091331,-0.0022141061719278144,0.0016037939448311396,0.007777923045553868,0.0003902886791544741,-0.0008692502099072634,0.0022980244865493916
2017-05-31,-0.0036520898793733145,-0.010250370612403886,-0.009822754042184084,-0.00706785648760052,0.0034219060942632263,0.0032772158422226527,0.00249444044113286,-9.899964269267231e-05,-0.00018938907894473778,-0.004231636283127159,0.0027387864147069736,-0.003307425696823796,0.0011933364890717238,-0.0011119710445335069,0.00256784810664979
2017-06-01,0.005328640176678957,0.00573779662966625,0.007515620140170512,0.003508362369708559,0.0011370549765635186,0.0030092510555955743,-0.008431417123467315,0.007914427971930302,0.0031117651663985415,0.0003467083014824521,0.0007476284414903306,-0.001757611882717041,-0.005749376024437853,-0.00644045787909937,-0.008407174091008811
2017-06-02,0.0019081734923505301,-0.00038289414363969557,0.002190539729881605,-0.004906873474449682,-0.0034614105469366083,-0.003252269765777083,0.0026275302055179177,0.0023445373497295793,-0.002277413362774991,-0.0007290275960136535,-0.00210002247880973,-0.0038652162905627777,-9.628559986350153e-05,-0.0014081636351624077,0.0006960389433813643
2017-06-05,0.004475503147682858,0.0063771331160589455,0.004633165490276444,0.0024035083351985204,0.010201229968896611,0.006365832111257177,-0.0015704652166404415,-0.0022217796054641655,0.006738941182943418,0.0021157088736626023,0.00045422649291865946,-0.00011224175893145361,0.0046455971108611506,-0.008978408516708832,0.0025651703588394476
2017-06-06,0.0030017322589883486,0.004234256396898841,0.004416291852379137,0.0038584198145419184,-0.008346398128064113,-0.010128232072114968,0.007397120425718737,-0.0047321309329121635,-0.0036635932782763925,0.003596138396667987,-0.0016261057396729625,0.000989180617258626,0.002941659878602649,0.004251537726632138,0.003536681516109234
2017-06-07,0.004523724922530112,-0.006026345398030651,0.00045213262959789384,-0.00048628979904275556,0.0064376629391572245,0.0032962199212995757,-0.009015256977798336,0.01182500113123325,-0.007618656246818951,0.004740213915730918,-0.004703058528667085,-0.004396302446228888,-0.005484933978945361,0.007319372373847442,-0.008564303250820384
2017-06-08,-0.016847580874050715,-0.028173881934415848,-0.028691879700974185,-0.02189338649091037,-0.0005806633268073992,0.0007227207214418854,-0.008375886502904587,0.017044694056572312,-0.023241388483818015,-0.005297085398050516,-0.011255428417654461,0.013649816381975127,0.0071151899911151215,0.024183063541918452,-0.013880666484696713
2017-06-09,-0.008597499607267944,-0.014435665995652026,-0.009878164563063608,-0.006526946462249381,-0.00290232869079376,-0.0060222640768465355,0.0019259681178854025,0.0011094080478748947,-0.0018265913391756153,-0.0016329984799989218,0.0008623878178840268,-0.0005800433526314784,0.006122515123394294,0.0014770730997691432,-0.0003969721408838585
2017-06-12,-0.0008649849570656221,-0.0032269003957668993,-0.005297105036345401,-0.006230070513138386,0.0002716222086152501,-0.0007120277993223688,0.005948803903539504,-0.006916011054828428,0.007601424776659533,0.002140802971103616,0.0034489728563018005,0.003530475339245197,-0.0018341109187833765,-0.0080726606041958,0.007874123565970982
2017-06-13,-0.009189547584579945,-0.0018264405314978248,-0.005990719281596657,0.006083077947237225,-0.012030377260309116,-0.009368088459147573,0.006539391972149793,-0.000603702821107982,-0.0019122255390069784,0.002559416483924876,0.0023720359868759366,0.0025621309626759708,0.003420466924149026,0.003812599021335705,0.002305061299983308
2017-06-14,-0.004535252093813213,-0.003466567839062553,-0.0028575530563804325,0.0009507349761533916,-0.004794562180100303,-0.007815167978702306,-0.007581392782210525,0.006654602875821591,-0.004303776727540426,0.001336016781379801,-0.004017497542763426,0.005007721701459675,0.005690826669305535,0.008044996844424676,-0.005235815757316218
2017-06-15,0.0003740762258555595,0.004251068469857841,0.0045615624394916565,0.0030354149174956304,-0.0032211350828185745,-0.0011312202949504747,0.0004796042371019271,-0.0017670843992764584,0.0009911793528800134,0.01052205003056373,0.0016686848562364178,0.00014068727028591368,-0.005265601206429256,-0.0026675059641927457,-0.00039757189389928716
2017-06-16,0.006394560012484701,0.000893617903719876,-0.0024768329879458484,-0.010475921940045405,0.004800909333364908,0.008107572583765753,0.0018430371098396283,-0.0057379893316507665,0.010639920173655889,-0.003520201328442324,0.005794562617171319,-0.0014328759540513042,0.0030998995595660833,-0.008837929303792548,0.0023646447312673825
2017-06-19,0.0015448125429084712,0.005080927596675449,0.005566762630810613,-0.0039044838147436894,-0.013385715407870218,-0.011982109142979359,0.0024410213514354517,0.0012757076003953559,-0.006032907332347898,0.0065251809698492445,-0.004288993827346462,0.003028136177098831,-0.009923075812432302,-0.000999665616112113,0.00037637300781349393
2017-06-20,-0.0037957517596704125,0.013010481040052303,0.011392372071316392,0.003655892673369476,8.817884102786384e-05,0.001631015962145804,0.002199119390414098,-0.003918123095047093,0.006093616983431249,-0.0032790930139216298,-0.003888242834623354,-0.0030216683414956477,-0.0029065530691580045,-0.007049663486637409,0.005654298264859667
2017-06-21,-0.008497790781850922,-0.003814382214829243,-0.002499772648176019,-0.0009714743733201608,0.009062084953273545,0.005946695572981992,0.00010524587337232836,-0.0016119459218495113,0.0005017929174276265,-0.0037966497361756057,-0.003369737792997196,-0.0021466309368839837,-0.004807762890102842,-0.006886725798011695,0.004246621822046651
2017-06-22,-0.003135082808888223,-0.004979287262957349,-0.007236504642402334,-0.006057670740283935,0.007577324307254815,0.008017532099263347,-0.001179098044769175,0.0012075589458420827,0.0077665323936924905,-0.0014210126196038259,0.002793265107472592,-6.1006908094627006e-05,-0.0021742747724146833,-0.003465899635027817,0.0006605728422670876
2017-06-23,-0.006983397949436166,-0.016442614427343655,-0.011747861862202277,-0.004974687425101973,0.002078519408832827,-0.0029903425244193426,-0.0011636908066003484,0.006416122496225807,-0.0065432063122973175,0.00010140871315007186,-0.002967406229403044,0.0030211282906903144,0.0014192152163737676,0.009474148992293971,-0.005736648445855056
2017-06-26,-0.005521252153051262,-0.009084246621135422,-0.004228766637322323,-0.003134186217351986,-0.0027388669865088776,-0.005190157140540739,0.0009433683627583095,0.001327173539066342,-0.006656984424069066,-0.00868281034582566,-0.004811412501543261,-0.002318111939395101,-0.0022959516206642995,0.01163897059291849,-0.0026783943788457
2017-06-27,0.0021085155391168276,-0.003693380734771063,-0.0034432948264125247,0.003248553358730852,0.008193673558815248,0.00782380997095078,4.224301487072441e-05,0.00022038495260220947,0.005456774579275521,0.003954416774760122,0.004773618005584193,-0.0036174147773692465,-0.0037006154204480574,-0.003705538044497511,-0.0020801415556113804
2017-06-28,-0.004506466069991582,-0.008903905710593006,-0.0011164223875414275,0.005598596341927848,-0.0010649988032116094,-0.002541120149298911,-0.007058929171749301,0.00664474986857962,-0.011119480111170255,-0.004818773456957198,-0.005126325721489412,0.0004530952199777779,0.012444686922315252,0.018388921405743767,-0.005342855156121562
2017-06-29,0.007561656648861154,0.009369165949283768,0.0010064648885878742,-0.0027142751905149505,-0.0057720405843744715,-0.0036639922477993804,0.0019030626305893445,-0.00442823377633243,6.253484089797923e-05,-0.003608360886076836,-0.001861734266447068,0.0014530148596697907,-0.004730276000501415,-0.002906125730896264,-0.0010858507066910052
2017-06-30,-0.003361541092523984,-0.01399798834026375,-0.011022683049746717,0.006166101550809094,-0.00028693732999179314,-0.004583325692791552,-0.0008118316427288053,0.005698952109355346,-0.009682760065729495,-0.004140526272630857,-0.0031363405510515556,0.0027994186158361296,0.001303233256462413,0.01631818903802985,-2.4541077888595633e-05
2017-07-03,0.015491730747256429,0.015112574399933416,0.004698538970832678,-0.0038254348154542475,-0.0070833217680400275,-0.006239350185320336,0.013989732939532307,-0.012951873154648949,0.005336773538608464,0.003359152886864383,0.010614374091265078,-0.00047805292094945935,-0.0018596458662658104,-0.007624319467310636,0.009413846678315982
2017-07-05,0.009778406260612039,0.00540187869958314,0.002942896312690124,-0.006443244577842514,-0.0018068517199256121,0.00031922989799270697,-0.0015665036093445977,0.000352488668283882,0.0006618001133174532,0.006749433955252583,0.00216755723967014,-0.0003134170335952844,0.007478150391826604,0.003231291019702532,-0.004988766563926778
2017-07-06,0.011173957083787956,0.0026549171279810005,0.0025409144819132506,-0.0035664272510766946,0.007272754216214933,0.00566866019950986,0.001495941702627854,-0.005584582987546775,0.0032919822071729114,-0.0052155941279917436,0.0012873923870663165,-0.0009337193860260665,-0.0018255322563134248,-0.004732316982411585,0.00337997257258516
2017-07-07,0.014870687937815472,0.012476849880467267,-0.0010360374418258273,-0.0054723333774269,-0.0014327108276786051,0.002069506249898509,0.007854489432537273,-0.009094128772446055,-0.0003400592757371091,0.0013912092219885465,0.004784871981414468,0.0016146392636079234,0.0007987538910528731,0.002848308556440102,0.003642958053768788
2017-07-10,0.0020585767318799463,0.007720631860847074,0.005728849533754416,-0.004687598253667683,0.006327890740285091,0.0066032300292865245,-0.0023626152916282396,-0.00015339579562559662,0.009356944273000732,0.002234124727028955,0.0007243178948407589,0.0008669941034017165,0.005993082993424395,-0.009510769274592453,0.0011885965503231066
2017-07-11,-0.000983144803148736,-0.0011635253578508968,-0.0049450640511416255,-0.004757613948859257,-0.008021842101018448,-0.0109443639597922,0.004827543170242405,-0.008509888000084427,0.001294527696142753,0.0055555365375857,0.007073116343075479,0.0035366002483034394,-0.003340362049226186,-0.0016131704094292099,0.005308111567305898
2017-07-12,-0.0003027659642776846,-0.005740304556852716,-0.0013270076533742456,0.0013141652422000352,0.01016796640590844,0.009404905137598308,-0.004457720864270301,0.0020031279492469744,0.001949389671443913,-0.0026070669684345542,-3.5348948050990727e-06,-0.005157560137446074,0.009675851127104966,0.001717246853391771,0.0012369153291092558
2017-07-13,0.0025559978115366143,0.00641557577112887,0.0026557791452463094,0.003586744226298214,0.0001098525093382154,0.001082794453434949,0.0005037798237554703,-0.0027979180992575795,0.006312091574356588,0.0008905821918962222,-0.002440952069571858,0.0014156144407034886,0.00041306436042368687,-0.004854368025694636,0.0035001639258728425
2017-07-14,0.0009476557048222569,-0.00039698817348471273,-0.0022126095356419235,-0.003990919005321716,0.0025475003390039463,-0.0023197575044979196,0.0010603710302993987,-0.0035100977116227375,0.005608363965042201,-0.000542746502769545,-0.0005408087531038417,0.00020575645419397483,-0.0024864277401605247,-0.0035040142387741833,1.647427476403969e-05
2017-07-17,0.0018090851832608529,0.01033542082861969,0.006989932335143421,0.002320273703499678,0.002247759758050033,0.0016151003124404068,0.002788673742632061,-0.0024483807705287883,0.004628394001893766,0.00455715851725437,0.0017431188476393221,-0.004799594806804499,-0.0046163357298484725,-0.004642123155493205,0.0033920615531672776
2017-07-18,-0.0029219679249077157,-0.0048661303553026785,-0.00636804335780512,-0.0017264828937201332,0.002257798344676756,0.001024902144869097,0.0004050736883869782,-0.0011991829309118598,0.00419464846974289,-3.5173167878621917e-05,0.0034448472461517466,0.0007341726234535353,-0.0006621079433412301,-0.0037934677620567884,0.0007488639151956994
2017-07-19,-0.011359799045702494,-0.003146726241468004,-0.007925442596817735,0.0035022378707673107,-0.006719562204502388,-0.00154440492777011,0.0050251733492558456,-0.00425549557545013,0.0007463430186258086,-0.0011535807345765703,0.0007031066581762086,-0.0057675510089566315,-0.0046456910084395064,0.0005784025762114091,0.0038570307183222134
2017-07-20,0.0032604961725760054,-0.0010909825498531284,0.0004105917017205253,-0.003190297777748585,-0.003021895569504293,-0.001606606543501002,0.0022394623819929184,-0.0002261475381832689,-0.00836370951851748,0.0025039170511174935,-0.005539665340002919,0.005355540326014455,-0.0035483770983677195,0.0036011752411258535,-0.001209019647646145
2017-07-21,0.0075593719989156954,0.008886198294824756,0.005402487459580824,0.004188917424480176,0.0032240047938503435,0.003511449386751117,-0.00010640557888422775,-0.0030807877842668418,-0.00021718632473969885,0.0023056158858439867,0.005709751351597725,-0.001210593795597209,0.005663553119336065,0.005527426727024651,0.0002667925531275289
2017-07-24,-0.0008745602591878378,-0.009929104540786354,-0.0022573250195226406,-0.0017022444831357561,0.01655200178620116,0.01291663288009825,-0.004889549955186534,0.0035767653458205926,-0.001563615651034492,-0.005852741569939932,-9.447523117382933e-05,-0.003236468016788491,-0.0030075928563712663,0.0018318258563431416,-0.002383647210736514
2017-07-25,4.08887982747551e-05,-0.001994994655584395,0.0008568422450831565,-0.0015020950158790285,-0.0017344568880266506,-1.1632225718760658e-06,0.0007742191397902213,-0.0028240247408167743,0.004144637046285227,0.008805869807208624,0.003516278861694596,0.004873832632240388,-0.0008035782852097051,0.002262505013656369,0.002425972833461037
2017-07-26,-0.014029180904457022,-0.008618785749754818,-0.00889160191701444,-0.00455043860719162,0.00043446174222237484,0.0031246021499716807,0.002657361342685538,-0.003434962193168279,-0.0038242247840973857,-0.004723019775234216,-0.00351452127836307,0.0045685673715318564,-0.002603251508993082,0.0007260679934433245,0.007629710317177099
2017-07-27,0.007460357759646449,0.008966485312314613,0.003532232336050328,0.007232464138381051,-0.00011052762346752676,-0.0016962772691408278,0.003954442767140087,-0.002233001760436806,0.0005109345342204528,5.6849778665588047e-05,-0.0022454612882100242,0.0025753860617782815,-0.006739978822335918,0.0007144426063001833,0.003769085801485555
2017-07-28,0.00047227967710432306,-9.71465447457999e-05,0.0012819080039020575,0.003026135147307421,-0.005799644205645565,-0.002057803863575689,0.005024769571034668,-0.0029083785500384042,-0.0025358706870221904,0.005917728860304316,0.0032934411832104466,0.001272107104801229,0.007708023731394195,0.0035803051224149868,0.003502698092944945
2017-07-31,-0.005483854715953068,-0.00414391697663715,-0.002814055810291993,-0.0038552935547767784,0.0012223838284248587,-0.0005974539728908906,-0.0023884895186661956,0.0004953294501754777,0.004147756536703096,-0.0028556733019465324,0.003915994050368812,0.0044990540944168265,0.0013785239262601914,-0.0023077427396268474,4.3701657218989456e-05
2017-08-01,0.009039276986750621,0.012102803527397246,0.001129332170353707,-0.00027990328804330424,-0.018333804563164576,-0.01628080540303415,0.004384961885768332,0.0016055728857303747,-0.009611186929304738,0.006107371328640923,-0.00651614883657723,0.010844942642337641,0.0002743252881481223,0.013758423984180604,-0.0034869505465336165
2017-08-02,0.006249958495813848,0.009714451455169224,0.004915835301906729,-0.0023784988353234503,-0.007639201034335743,-0.0018189108669320027,0.0027631396902211107,-0.006689857467014425,0.0022843864078917423,0.002120041252823868,-0.0025856662035378987,0.005491351673899433,0.0009094649798180522,0.0007192767234831055,0.005406427482042531
2017-08-03,0.0009176361808797246,-0.0036283507862987516,-0.01004840616009731,-0.008562610130492183,0.00042400422399978136,0.0021625240105515413,0.0053475541742256764,0.0003231150230602629,-0.003846142502866202,-0.003319738489889714,0.00994026086048011,-0.003565602955814523,-0.006195334716868362,-0.004799025888850003,-0.004315016294256977
2017-08-04,0.008112007162989808,0.004367691160366449,0.0006946694826325019,-0.0007342789879650037,0.0077779562404292225,0.005916717139978995,1.389254365183508e-06,-0.006149761992863049,0.016191485333789286,0.00938119814892363,0.00660810546396708,-0.006944080404881517,0.010816638079526923,-0.009825155431640654,0.0029198878329641078
2017-08-07,-0.004131962732318259,-0.004452159137855816,0.00522481938630109,0.00380877365539202,-0.003254594080032705,-0.003703599395765547,-0.0002322847193000411,0.004603317983409066,-0.003462341054673587,-0.0019065879787622947,-0.003013666390140907,0.007278498557888136,-0.0014952642335155776,0.004000662848904851,-0.0033215518539301356
2017-08-08,0.005911584936705629,0.0032875811236606376,0.007782448000290295,0.0042871210376647095,-0.005589460835452845,-0.006666568097362127,0.009174600905974528,-0.010857106415555868,0.003852847121165465,-0.0028733110521832693,0.0015397322698526257,0.002335690679271224,-0.0007543530440172197,-0.0032705375351395,0.005245207490347103
2017-08-09,-0.007155332085383121,0.00213586513639177,0.0006064652892884964,-0.005095921780541312,-0.011102901574919685,-0.005328806094797784,-0.007215294844329495,0.009240799306711255,-0.01627002105250646,-0.0046289921056843425,-0.01785875817258402,0.002907935197745048,-0.009609209261753283,0.0065331209121841875,-0.01397196714246466
2017-08-10,0.00686862556216703,0.0009508687269193326,-6.362927682097017e-05,-0.001103571001770756,0.007609607432273685,0.008859311112495194,0.012245942071274465,-0.013904305713436246,0.013494482764662294,-0.0012978550599101718,0.008000143007124105,-0.002235986027812101,-0.001994153259470904,-0.015541725139729474,0.01215963873308786
2017-08-11,0.00868174228548585,0.009121201229757429,0.005348380213170272,0.002217771980385693,-0.0014298826137305685,-0.002303552571609649,0.0024042648391626245,-0.0005248586777558701,0.0003040559338546786,0.0006082659780130093,-0.001413113827555464,0.004429813859060263,-0.001468297032046588,-0.0026645875109696116,-0.0015297181465094394
2017-08-14,0.00441515562735407,0.011352209712706101,0.01068138621435935,0.003656038623360807,-0.010112780934920237,-0.004416902540184223,0.0010241958396569684,-0.002021040856705775,-0.000562303907091671,-0.0009058721513001381,-0.0006181361461679198,-0.0029221309202391325,0.003906800876717789,0.002501513971360153,-0.0007031118488457508
2017-08-15,-0.0013568358904676085,0.0031045288253664844,0.0012800346312775435,0.0040021345884544285,0.0017148607902595031,-0.0031195355899961367,0.009443213842679571,-0.0066626955054154505,0.007455216643263651,-0.0006120290157768354,-0.002285329138784209,-0.006899034401131385,-0.0018813420574008977,-0.008427980585424242,0.00818375765254099
2017-08-16,-0.01315687192479298,-0.008964345206482583,-0.013955463419051673,-0.0017609797816348673,-0.005311723447301738,-0.008483042685325164,-0.007037852728571065,0.0048334882642123884,-0.0014362233260800123,0.00486489759661028,-0.006759105244186811,-0.0002563422361560007,-0.003462632379179379,0.004229634489441936,-0.0065308731378338186
2017-08-17,0.0052232801852791,0.0029913143851837075,-0.0022735548046412483,-0.002037779252549904,0.005513042786299491,0.005209562640984325,-0.003908933808068668,0.004276511465465421,-0.00047899314545406246,-0.0013620896001382582,-0.005409512754536846,-0.0050397120406653895,-0.0035671879243222462,-0.006279530654284601,-0.002275654033901978
2017-08-18,-0.00039707534079408695,0.011195776413043965,0.004987231100539116,0.008527128337887855,-0.007141899231663269,-0.008565926836723211,0.006656547359087766,-0.007385100594387889,0.001871525986578157,0.004433029401331198,0.004191227317686538,0.0015994203212734842,0.0017378769908531877,-0.004289188237694411,0.0025485225774382813
2017-08-21,0.01447499244164763,0.007786612039276589,0.009853041670741781,-0.0020813949148888178,0.00447172380313009,0.004255962957321502,0.002440284048750749,-0.0005429346619263489,-0.00126329615801655,-0.0004870990293084944,-0.006041641554348,0.005606483160882072,-0.0012842446335668695,-0.002118513044445717,0.003914115819941547
2017-08-22,-0.00950877314437972,-0.003239605954482155,-0.002306333094651316,0.005519542890493295,0.0030308015517702958,-0.003774255107584931,-0.0037182156469260574,0.001120108776128048,-0.004712178424414232,0.004608574982605987,-0.0030344556790312728,0.0009897759016406103,0.004164102392644889,0.006068809612412013,0.002822319132727213
2017-08-23,-0.008291753138328223,-0.011677440989669531,-0.004080524539617552,-0.002632500010453784,0.006944583964091369,0.005222377973901399,-0.0048523293896958475,0.005039144052160529,-0.0001771790142068297,0.0014615784630016145,-0.004527380416890305,-0.0012746457519952513,-0.003458704346189667,-0.0030755179182094554,0.004412811384560259
2017-08-24,-0.010916773650839368,-0.007375672189871882,-0.010293615525258166,-0.0008918277297700998,0.0014284740699008866,0.006927249267055102,-0.003479294204858308,0.0036555837135213657,-0.0006599538164891866,-0.006326465787033683,-0.004149655888723461,0.002846875096138332,0.0001106384531551919,0.0025760477320266404,-0.0005180410713060994
2017-08-25,-0.001746980595742709,0.0016805063690250087,-0.0034964409838435877,0.002028105657713283,0.009020965208686156,0.005990692144175256,0.0003073835545314486,-0.0010843337080613609,-0.0011033186119401878,-0.008525758884089733,-0.0034869128140811887,0.0016608532605120103,-0.008995808318772513,-0.008739279864678762,0.002247628270047522
2017-08-28,-0.0020279262223961065,-0.0032869846788439244,-0.004572963232617369,2.32105132117967e-05,0.010189746463362105,0.008328763666791528,-0.001997841878414344,-0.0034854540856805952,0.0027821209827324084,-0.006313981321737961,-0.0021731103568475266,0.0023716106435344607,-0.004672818005721518,-0.0044167362326311245,-0.00043047727605181603
2017-08-29,0.005714769386945962,-0.0011780212842770667,0.001500440162730229,-0.003539592110731082,0.00045998469145232257,0.001105835272364164,0.005269830946601115,-0.007200587734596942,0.005385925159358043,-0.0007227995299222967,0.004138530415216793,-0.002253700913003548,-0.005551205026706837,-0.007719975542239413,0.007004184300077926
2017-08-30,-0.002119763924904378,0.0005897914535992173,0.003689140890618614,0.0003090579261463451,0.0004536770148959946,0.0019234121733264853,0.005506930437611291,0.00020583358289389363,-0.004205280632169673,-0.0005576901343525651,-0.0025685847065923893,-0.006261616153166802,-0.0028042229782229804,-0.00315147455294249,-0.0004060785993981481
2017-08-31,0.0008861630830358938,-0.006522460779711615,-0.005225123895963594,-0.010261726210699222,0.00740736634835272,0.011131872043409785,-0.005793275581454341,0.005032869470298528,-0.008033512708312113,-0.0091438649600572,-0.0070056864952250724,0.002477718146659506,-0.001257382711608382,0.007153125979395145,-0.001334625608477219
2017-09-01,-0.006892966347674709,0.007967283332317473,-0.0029053158538895557,0.010647962619424536,-0.0029864601003100465,0.0009827602389191562,-0.0011113492385959357,0.001493609480094948,0.0036324319670115405,-0.00781867685884207,-0.0058508699858183305,-0.0016668588783734593,-0.010620098113280046,-0.007096609684620161,-0.0012728104724939572
2017-09-05,-0.0036721766096119933,-0.006579039147672527,-0.004011673373913241,-0.006293835040800951,0.0013373057823286155,0.004222046374337898,0.00014775611519875784,-0.0005541172438535218,0.008576579865331266,0.0013524746062488742,0.006625702588283103,-0.009583289063708634,0.0037538834691211,-0.0012014472122920143,0.002200473120139934
2017-09-06,0.0016745138500696422,0.013262141699988622,0.0055821971142696524,0.009713681473247152,-0.0037240090280225716,-0.005100039279049828,0.008004272095135207,-0.014983406552759843,0.011320759657282542,0.0010735443549122591,0.0036740858489177127,-0.00245140535557164,-0.006139486494148269,-0.014147091577156464,0.006212090145040112
2017-09-07,0.010653903634969514,0.00012696553921830514,-0.002191337095440212,-0.012063861197947615,-0.013186898362067337,-0.00616948152051737,0.00911657850928716,-0.0008960384841537271,-0.001382491203601192,0.002923324793792703,0.0027881850940022785,0.005465161760771662,0.0006570456549975672,0.008671866148691726,0.004647869631174719
2017-09-08,0.009393257029316725,-0.0018633219045852169,0.0009521980597486761,-0.00925745846404295,0.0002992262537819968,-0.0008447801691610028,0.0068886246548696154,-0.007783093996458867,0.005120429161533512,0.006379828495568595,0.010626628391902537,-0.005657259312190858,4.064800155117749e-05,-0.0016296227726449262,0.0029352621563559014
2017-09-11,-0.007952260066963682,-0.013923713348187223,-0.013983624250915584,-0.007245754218264584,0.012007022451450194,0.00945142070343755,0.0002977648839266739,0.0006065912235163643,0.002169042442792559,-0.001620455858993195,0.006148474243705151,-0.005149544722561944,0.00808495810049028,0.00410608247020551,0.008235297768446012
2017-09-12,-0.006199544654960457,-0.010444587713561111,-0.011051956754922206,-0.008713542472288394,0.0063650712138467475,0.006400091231895263,-0.0006330538922096861,0.001978143827519787,0.0010199110027153096,0.000816608669077496,0.002078897473493138,-0.0011200660569650107,-0.0027645533342802956,-0.005002530653745189,0.002147477063205703
2017-09-13,-0.0001791190299990724,-0.0009898659614130554,-0.005670898725295398,-0.0021765125984546303,0.0032197516766222485,0.004470237550187561,-0.006123573777102018,0.004254222475953923,-0.004338390099275768,0.0020898178029237742,-0.005188798025576138,-0.0010408445662057175,0.004212298194131772,0.002348732851391816,-0.009252237454990445
2017-09-14,9.143524651921385e-05,-0.009005954705223886,-0.004142683563878757,0.0005300180281443525,-0.0014314959847346901,-0.002680211212047545,0.001962372845007529,-0.006549754944294473,0.004058432441008059,0.0010093534010486183,0.00802402904253433,-0.0034465866253279498,0.00770727831776051,0.00012453482107937803,0.0074620927847464935
2017-09-15,0.014767409243565021,0.0069461159256559695,0.002836315316839328,-0.00012441852503946487,0.00866798366170174,0.006792411012549024,-0.010378599049603214,0.004835009325713955,0.0064170850975820305,0.0044318783907276805,0.002281169029033367,0.0031301734322803443,0.004813794775883795,-0.0029528628938712363,-0.011600265134361548
2017-09-18,0.002847411268049455,0.00428292833286261,0.005452624311136611,0.007709205504181868,0.007348972830541287,0.007845632051127755,-0.009485131300180472,0.00527456076934015,-0.0019050409564498713,-0.00014568674535484502,-0.0006219066056552119,0.0043933986855469705,0.005544246901792641,0.0020749844939366296,-0.003980629644291522
2017-09-19,0.00340701843920232,0.0029328584427009224,0.004050233111958144,0.0006869886767249201,-0.0036750309643846265,-0.0039069095008467,0.0029866431135096407,-9.637433929060587e-06,-0.005770184936692274,0.002086576443479554,-0.0001692719451469732,-0.002748590730972272,-0.0039306626924442145,0.003421056716000678,-0.003434472596883398
2017-09-20,-0.002204056795349787,-0.0013370082901554392,-0.008053634683815317,0.0007500693378204276,0.00266794926071639,0.0029792102632919034,-0.003879398720260702,-0.0013610776090702131,-0.0031864836587552708,-0.004789788684130009,0.0018371186611980089,-0.004100040768417449,0.0015323685755793655,0.000886867300870686,-0.003007564582229255
2017-09-21,-0.00026165656325870777,-0.001725121751168554,-0.0027864021468296607,-0.0004017137885681636,0.013089743156053494,0.012787468243444039,-0.006214730861436407,0.002053955195074921,0.0007981516506282999,-0.006671676326298795,0.004199875319099187,-0.0005844192997940837,-0.0011022799028163298,0.000226595732302182,-0.0016660183417397615
2017-09-22,-0.015655224175882707,-0.011031695593160376,-0.0065233594909067496,-0.0019981595571314597,-0.009959862280885808,-0.007459842624878815,0.0032584411044286167,0.00016173091308479236,-0.00765140212404831,-0.000801849707080382,0.000946025417522661,0.008676293960083408,0.002679226894285819,0.007232391189352363,0.0012041985005713574
2017-09-25,-0.006209310460706721,-0.0008298006361702947,-0.005898055369623495,0.006028312649212719,0.006948006652667321,0.0052010188599880885,-0.01060847371272231,0.006922328025267868,0.0010652341526669051,-0.003613533872027938,-0.0020661035777933988,-0.0012308199227278214,-0.0005790295911809349,0.0007657682704243496,-0.00887959644742991
2017-09-26,0.0034116380343427854,-6.450343088618138e-06,-0.001530766389920975,0.011901919505398114,0.02114380944775935,0.01979974909105568,-0.0077328183616138775,0.010403584670105916,0.0031469962229864496,0.0014992897617865653,0.002828537085692001,-0.006557319082333094,-0.00850063482789836,-0.008267600459447584,-0.006002186223249709
2017-09-27,0.003503789889851583,0.002475500220301266,-0.000382415837361949,-0.001239259109583099,-0.0025661099648569387,-0.0004906635675601706,0.0005387455082849462,-0.002063329095228178,-0.0005798880477400677,-0.0005885929774990168,0.0026587760985165134,0.001357894093887793,-0.005763428739025685,0.003062648630411155,0.0029350786323736585
2017-09-28,0.010079210964440446,0.002570044315292658,0.009117989163111134,-0.0007910703161202626,-0.004043742533392422,-0.0027921616410924526,0.01288567505051388,-0.013875964195732251,0.008621560980574447,-0.0015563385170970971,0.0075377473612521975,-0.003766202288825601,0.0007331145572814224,-0.010280293006322733,0.012104748262971348
2017-09-29,-0.005390529626109066,-0.002369554688888255,-0.004412350813399024,0.005190877479865772,0.0018630474819156554,0.006723249204404549,-0.007067713525268529,0.008761921707963341,-0.0023264975344322036,-0.001037693890272846,-0.0022076590215366907,0.0018796496169991156,-0.007249439911333402,0.0019176886314527988,-0.005793291025920671
2017-10-02,0.0026785349178704374,-0.004615428036951086,-0.003990986962793338,-0.009207670301124262,0.0029297941827967854,0.004117698909796403,-0.0022861037527936194,0.004325480970446221,-0.0023188134540866154,0.005682725443399258,0.003143573022689308,-0.0005979471933962891,0.006821936196052758,-0.0018027981865266938,-0.0005723497448559406
2017-10-03,-0.006367372492838116,-0.0053322590069475595,-0.005920184950365734,-0.009063286895100697,-0.006185489430867507,-0.003309264925726768,-4.9559849537830075e-05,-0.001240087142592194,0.00017504555704831717,-0.0008846521436940202,-0.0011502285104706882,0.002119695279884451,-0.0019289017036101003,-0.004771854298696293,-0.004261453306259699
2017-10-04,-0.005504367777202706,-0.004390777068431398,-0.0008540578641563573,0.004092372072979502,-0.006414636145602531,-0.004002029744168081,0.0020620734533978195,-0.0024774360376475625,-0.0009204270309007363,0.0029638006090377507,0.002647151702015696,-0.0004916754944250619,0.0041824951513144745,0.0005292026341621376,0.0035500098905005663
2017-10-05,0.0011870755317723303,0.00231154628029156,0.004158537995653855,0.004993679850825725,0.003420152968652693,0.003220879476110874,-0.002998595911015736,0.002939265949001032,0.0010213729397963278,-0.0005178603391985169,0.001792969895322144,0.00026683120103011544,-0.005560226741340704,0.000294382051216191,-0.003683992746615688
2017-10-06,0.00636386314956062,0.0027461641493980614,0.0017203846961600603,-0.003841245740397417,-0.00726966426894144,-0.005562473846985455,-0.006315189283733558,0.0027003790452459374,-0.005461921250199728,0.008163505524247208,-0.0023170366685832,0.009317441094624125,-0.00126946752176553,0.003940642328151755,-0.009881371732523033
2017-10-09,0.0018666893546060964,0.0013076428268748827,-0.000667069079133445,0.003507811162619382,-0.0011775419448283222,0.0014096188931460086,0.0013858474201463326,0.002312045068089544,-0.0027432200003741415,0.0028525456478570746,-0.00036755132535599717,-0.00031516199089416663,0.0016497235470685073,0.004361158648561389,-0.0008299709369087721
2017-10-10,0.005928586834949917,0.0021710546044184987,-0.002085406292497943,-0.0052624689118017905,-0.0029239915875211354,-0.00035988389663645375,0.0009614058038455054,-0.004301282279541319,0.003368906990199927,-0.0004631873479968658,-0.00027704814044827455,-0.001023825394595565,-0.004570943655902987,-0.004526417917090833,0.000514663164055712
2017-10-11,0.006826421118028426,-0.000519092242841662,0.002916540992825764,0.0019724800019240013,-0.009016849996314916,-0.007286604496755486,0.0045959255598236855,-0.003575192375803768,0.002810233205585,0.0005032745973061249,0.0041950351541143295,-0.00029633442173789264,-0.004377921363546594,-0.004366634843946565,0.0014863537711863632
2017-10-12,-0.008484846404771679,-0.006684482339328119,0.0063271556301515985,0.0031240227071566602,-0.0009478370724579112,4.902729398652901e-06,0.0006971629775097028,0.0021246285566869803,0.001303840605814862,0.007612532546012382,-0.00033753079573529965,-0.003502943058952471,-0.0017002810243650335,-0.0026973878899942097,-0.006448605139532333
2017-10-13,0.003822111079498272,0.00451634234119179,0.006514289886803615,0.005689728095749513,-0.005137042684341025,-0.005747123513477844,0.005557547958440268,-0.004487484027854369,-0.0029955104984922126,-0.0016809993213730335,0.004675086938824294,-0.0007593706665519424,-0.0011279473263008733,0.000592519707350597,0.002615756022521984
2017-10-16,-0.002892957422274761,-0.003910465649183939,-0.0033913678387691385,-0.012501394316845988,-0.0031836935103013277,-0.002640871871097714,0.002218614561289062,-0.0036246202364674184,0.00779270475658807,0.004152944018567467,0.005841283323059138,-0.001705138099748163,0.004870390422455759,-0.003780952385991088,0.0032808619486020263
2017-10-17,0.003414759638703271,0.0048118314499613485,0.001948886277480486,0.0018554176080821658,0.003269673747549595,-0.0006009536146813874,1.6469686046030607e-05,-0.0003307108598113813,-0.0038365015015392272,-0.005737220175291882,0.0004744471270278633,0.0003522627737948675,-0.001182238669462407,0.0025009052746629286,0.0005437157543157434
2017-10-18,0.005987693330075319,0.004179200850989118,0.002831514693433948,-0.009308470014930618,0.001194662923317072,-0.0004459249584396085,0.011853796952877915,-0.011267825848614427,0.0026905196107386425,-0.0025001937157662687,-0.0012142041405369312,-0.001874854403165188,-0.0067074136322477305,-0.0034998290009622263,0.012492583229042602
2017-10-19,-0.0011713128990302468,-0.0035953186597340063,-0.004035175661140886,0.0018305852728596446,0.004920058897466789,0.004812117567491392,-0.00023962494258442102,0.0004107150112580638,0.0006242588700428068,-0.007909542184891516,0.0008251533390936424,-0.0023107645289629636,-0.0005502613168044375,0.0008100928695018326,0.0012766707593368154
2017-10-20,-0.002339658424715141,-0.0007198477304659447,0.005886150783595482,0.00040448817189604226,-0.0013426533958785262,-0.0011266565583998162,-0.0007589153950711609,0.0004726851966351444,0.004029740284029823,-0.0024197749646338446,-0.002411304954298296,0.0028923846434251222,0.0011775382274061994,-0.0016934523621595617,0.0034286184666479677
2017-10-23,0.002905587167781329,0.005945357879962729,0.005897047537765848,0.0066838982788765405,-0.002348826771126267,-0.0027428568543719084,0.0023227270522419687,-0.003175420635026016,0.0007118579291423483,0.0015870380510495134,0.005078065453288113,0.0015332675279093912,0.0016220226893455842,-0.00139726094824765,-0.00018427742060349306
2017-10-24,-0.002008098313911036,-0.0037681593565062066,0.00556230012809085,0.002232127864882464,-0.005614573948596291,-0.0036765476737411814,0.00273818639438973,0.00046697758085741115,-0.002575271611166937,0.0011458242581196846,0.0011539888698309346,-0.002831396112070676,0.0046019826830210435,0.002864662453018624,0.0012274774492594337
2017-10-25,-0.002222751724339897,0.002021290038793791,-0.0006613255278041768,0.0014787497527256831,0.0037547876682335665,-0.0026247822905324154,0.0016315500083810357,0.0030017882776751355,-0.006797953057311661,-0.009774769401101429,-0.005898817744203843,-0.002432240105170338,-0.005192658024174943,0.0074234035200159195,-0.005838594086341675
2017-10-26,0.007686485186048345,0.006684813818649136,0.005161837509649051,0.005095057719480546,0.003928889490018875,0.008128531439739572,-0.0017587380718385275,-0.0011102846677920782,0.007925423898022123,-0.0008415264574648303,-0.002683139972357373,-0.0006970208917537824,-0.008727753676893634,-0.011603811303445939,-0.0019572310954090446
2017-10-27,0.0004929653348388543,0.002402239287237917,-0.00460715962419316,-0.005819050426359324,-0.003356985341125083,-0.003588036261883573,0.005520021476695582,-0.005061705783362697,0.008436646259871602,0.010201597215690517,0.007431117497600068,0.0030754388871476798,0.00833625900062894,-0.004163038903819915,0.004607929813611454
2017-10-30,0.0045535353280405175,0.004403413748290567,0.005756149756903104,0.007341231253081068,0.006236998303348132,0.0013951671249021135,-0.007344079853371318,0.006368828890072046,2.5647919891385457e-05,-0.00532415474819227,-0.0057876665027497476,-0.0035958470093156586,-0.002441293102864556,-0.001005675339113735,-0.012875441445149748
2017-10-31,-0.005547287957574267,0.002486136446700188,-0.00644899002550729,0.0030191164004079,-0.013544837686079517,-0.008989614108915939,0.00557376235996479,-0.003595596301563722,-0.0038548290965751044,0.002820214228235266,0.0025778856756479432,0.007566335487007711,0.004012552302635525,0.0034403544384104564,-0.0007076590891701238
2017-11-01,0.013139129536850924,0.004694463182993619,0.01760569846588925,0.011984991810504886,0.003500398028039714,0.002415105456258413,-0.011278998103897486,0.00916898147747285,-0.0072561650669612345,-0.00876122835770005,-0.0071886233464024596,-0.010371923866261743,-0.0008537311327798337,0.005201596329317534,-0.014786135386632034
2017-11-02,0.002930305994856405,0.0051518625136109854,0.006105550961755384,0.012229499119720197,-0.0016273085417000017,-0.0021087358493155663,0.002029106504150732,0.005387107217658475,0.009462783658316662,0.005365137231208489,-0.0015295614467593513,-0.004774679036534852,-0.0046737848172532254,-0.01255948627531219,-0.0025531348722165528
2017-11-03,0.0047908753478671465,0.005838435049302237,0.01199283065272611,0.004480421579674187,-0.0011044632020808186,0.004624269073011842,0.007632619203430746,-0.0096561067065459,0.0021578714221835715,-0.009257028176989503,-0.00012394504327197572,-0.003221885233796667,-0.010330638116071652,-0.0052479689290349405,0.006902288938897758
2017-11-06,-0.0031652341265308386,-0.0027713344969584833,0.0016988422104903594,-0.0013032045156547772,-0.00922268247510076,-0.005786658500501687,0.011357659138963921,-0.009673770745701077,0.009520306910836043,0.0056732501829303335,0.0072030626718168796,0.003242620606786731,0.0033346667921179633,-0.007486166713493742,0.009163946743073696
2017-11-07,0.006076120714422384,-0.0003443765827286199,-0.0017909796828698835,-0.0015507674147568844,0.003449352238453648,0.00383170823127901,-0.0008313726495466048,-0.002842732505230463,0.012634678843530908,0.005053288045154624,0.011196254392481144,-0.003021451462568917,0.011181522020119294,-0.006031776074291501,0.007301761066376836
2017-11-08,-0.01316993223977982,-0.008047846883480328,-0.000783351733285074,-0.001669529658851465,-0.002461027007302597,-0.005158140773987593,-0.0026748704668522628,-0.0002721925292607126,0.00393991609330034,0.0016310600601658846,-0.006986814050035522,0.0032273239519773986,0.004245249712160845,0.0002626569590686821,0.0039424944949489815
2017-11-09,-0.005999098136172787,-0.008563078364954246,0.0015393882976734415,-0.0046187196130395205,0.013641076791180838,0.005409500341929152,-0.014456379034257606,0.00720794872307497,0.00660028465133638,0.0016009515788305896,-0.0007359315150138407,0.0017026994242332254,0.011640288585216367,0.00025486145599779584,-0.0025242835818112654
2017-11-10,0.00810645733168539,0.005055792690099839,-0.0031018247077243847,-0.0008640881895746106,-0.0012445842926423283,0.0005870861968651029,0.0025269434598896136,0.0017997685560419475,-0.0035318755105848755,0.003255533815866307,-0.0033752439549038006,0.00388579325592141,-1.9004788910989564e-05,0.0012596261135361332,-0.0006461481819537817
2017-11-13,-0.004530339535005095,-0.0016436153597112007,-0.0001277161895899104,-0.00098217720810356,-0.0025049703759259774,-0.0010533390413424882,0.006640957192036234,0.0024123106252050856,-0.0020314382525786156,0.000870016417698744,0.0019786091178556147,-0.0068285394047195545,0.0016893280808086386,0.001814552998602803,0.0023959312324400932
2017-11-14,-0.006533019193725578,-0.008427525977798648,-0.008570801753169623,-0.004897301180352223,0.008880283667390437,0.009808045791976111,-0.007467785359618057,-0.0006840247908211862,-0.0021635323047676457,-0.0014624464898372663,-0.0029879989836625012,-0.001766165186102845,0.007981909205206535,0.004548984344669782,0.0014158444128822474
2017-11-15,0.007804128216767004,0.004195859908678663,0.006289967869340073,-0.0038882556973901233,0.007155841935217344,0.007566045157955411,-0.0037328466238654608,0.004245896318905601,-0.002860340319684929,-0.003817583676569959,-0.0022534544019253127,0.00543585434025241,-0.008930452684776975,-0.010806271163197555,-0.005390460597016537
2017-11-16,-0.010320701514729417,-0.005237138091284779,0.0034567755541304347,-0.0033653299781425394,0.009876949533580115,0.005675893090164428,-0.007983624158851002,0.008113189421348463,-0.001297692898224712,-0.006419618288174453,-0.009953990139677594,0.0006242180536693009,0.00022483733873845425,0.0021805866373349444,0.0013741463186048683
2017-11-17,-0.004579762296635755,0.014253546089148098,0.018379880330322444,0.0034085586928150253,0.007111185429213141,0.00420733427344212,-0.005397679222161306,-9.783980149059845e-05,0.001195888681206762,-0.0006748849639893221,-0.0016173590036082704,0.00040579048837590705,-0.00499436827638741,-0.0007424530765390595,-0.0040732559199491425
2017-11-20,0.00935475432336566,0.00572056582049941,0.003360934521529191,-0.0021492357814754774,0.0028603092091171655,0.00353581475698953,0.002655033079000987,-0.003655633367359668,0.0005417817063178374,-0.004012947410646384,-0.0010052329971962978,0.00014661417208064464,-0.004020965853456288,-0.009155655146364204,-0.0039181753975675825
2017-11-21,-0.011356088083903326,-0.016377090034097496,-0.012376156898264792,-0.0017993013661640467,0.004870152294674954,0.005317559410126141,-0.00651531457980673,0.0017491862380900002,-0.004254266776650309,-0.009786128957953576,-0.007257634632729984,0.001913663811853078,-0.0007134584684795634,0.0020343730482680457,-0.0013515010107192664
2017-11-22,0.0022699588923846908,0.00722395298141841,0.006980567359221079,0.0019809485463299276,0.007618153067709604,0.002425874591320404,-0.0006359638665679847,-0.002948667185708362,0.005587303976167782,0.0016245104591748024,-0.0030165969540578317,-0.007206610371565695,-0.0018706658215317,-0.0057781081992246165,6.000479797135978e-06
2017-11-24,-0.00997448043070942,-0.010558614251045631,-0.005275152758092926,-0.0076421060369132685,-0.007283911987227795,-0.008809305461149495,0.002414371798311616,0.0035916239439102884,-0.011151972865122562,-0.003918963852207355,0.0026241647910021353,0.005563325757674088,-0.005265484237691636,0.01011204141032172,0.0036560805781998052
2017-11-27,-0.006624002752168175,-0.0012654099680871368,0.006562325020288435,-0.003397857776634714,0.003357615480018966,0.004434950161760889,0.001631521627392712,-0.0026296440401408216,-0.004407512199072438,-0.009144333404605215,-0.0019431585201730734,-0.005365100218749808,-0.002525657334968583,0.0043357778238756525,0.008059490325108734
2017-11-28,-0.027451536488537133,-0.014025096490524096,-0.0030900554881853034,3.580672050854626e-05,-0.0032296070882088606,-0.004738759410570226,-0.0066743083734981615,0.014805395103243111,-0.01766296452676254,-0.008052271121295801,-0.0061371255741713565,0.0008661238746052013,0.006813518341240948,0.020669869695371806,-0.010301049119713726
2017-11-29,0.009730524189230826,0.002017017779340718,-0.002267164498276761,-0.00789800877539069,-0.006878708823525856,-0.00584135521738037,0.00766323220131911,-0.005984590849512675,0.005697733197347557,-0.0012919589354765141,0.004388104703910748,0.0005603571547670911,-0.00103313918436857,-0.005383568670784944,0.0031935253848438955
2017-11-30,-0.013297426550920585,-0.009522869554768483,-0.004502931448600434,-0.0025998404814170095,-9.341723147148211e-05,-0.007174539694835416,-0.0016026604722440196,0.0005727042511673801,-0.0006344071883089301,6.081223022291185e-05,0.0006915781129435943,-0.007342832196070315,-0.0009462298498943535,0.001258395033574936,-0.0028124976728211267
2017-12-01,-0.029753208004494082,-0.011707422902893169,-0.006612146830684426,0.005046723821467274,-0.0007869568668513627,-0.002249324374301151,-0.004954243440501055,0.003898957535568193,-0.009169423454000548,0.000995403844779494,-0.0037412457919259985,0.0022154437813948656,0.014750484285073567,0.020344291838223588,-0.00022587898088313458
2017-12-04,0.0068491292347216464,0.004670938072941092,-0.000385088402341258,-0.0025968729783927367,-0.0005593125404545823,-0.001427192296843763,0.003238210577614656,-0.004375472719180545,0.004681734009318608,0.0014396882138099486,0.005149941108388706,0.000781963136995651,0.00316310438141073,-0.0030111156272961902,0.0012353504694311125
2017-12-05,0.008708870360338596,0.009063855163332852,-0.002518264133554979,-0.014285180299517362,-0.0005614789581939368,-0.002327539354782612,0.003823235818111714,-0.0009711661091144715,0.0009691256746627158,0.0007836122575937826,-0.002588257339716671,0.0019009037845584304,-0.004077061339709737,-0.00106712361833079,0.0047991533909224615
2017-12-06,0.0022390660484815613,-0.005330490898135268,0.0010902553376010019,-0.003962909820123761,0.003485514963544758,0.002299540124014848,0.004663768707056098,-0.004896407149038582,2.196142232003184e-05,-0.0007838947757567881,0.005300405476348156,-0.004915491155486902,-0.007666276917040805,-0.010816677957943438,0.005450570324289181
2017-12-07,0.0024635057688949663,0.002432547107531949,-0.006362096505577793,-0.0001266879918275705,-0.008030934111338997,-0.004981464076400977,0.01095648260137162,-0.006340698890202464,0.00019025868219033353,-0.002532155346390261,-0.0018504468765801032,0.0017041088873239268,3.440477744693065e-05,-0.0011657234021986707,0.013174544461122938
2017-12-08,0.001699300694388914,-0.005705362539118339,-0.006885414582891611,-0.008615579401659367,0.0025713128096079146,0.0024137187004694637,0.004927370770395701,-0.010261632687241465,0.008550549401136736,0.006419095917661194,0.006659137447663765,-0.0033126208384770873,0.011789565604898447,-0.0028789612621452796,0.011402178645449054
2017-12-11,-0.0024066532382772845,-0.0060069589533693875,-0.0022943452124366687,-0.0012283029832135194,-0.0017598666316927718,-0.0009488101853343312,-0.002901970474320731,0.0035434497687773818,-0.01048922833938142,-0.0005502235652978,0.0002912714884268807,0.0005951519730237108,-0.0012064460843341199,0.006806566919800952,-0.002123166223668396
2017-12-12,0.0038226713834005614,-0.00693926137984395,-0.012061759794052216,-0.008297951502582506,0.014555356334663384,0.01839898439877557,-0.013385703819623057,0.010913967821698215,0.0008509210369783693,-0.0026248864300994768,-0.0031960202758661935,0.0005931523039509278,-0.006813518554996995,-0.006586430748434584,-0.010737474083256973
2017-12-13,-6.779809213269469e-07,-0.007679806794682753,-0.007574609868598618,-0.008651729048157041,-0.0017568572070759342,-0.003567116664044764,0.00018599198380948867,-0.00023910399484495214,-0.0034219395589037476,0.0026129456717406763,0.0008297444762876754,0.0019738866170517146,0.006312469351913473,0.003966176543273348,-4.393974452765459e-05
2017-12-14,0.008787659957822654,0.003085107569682397,0.003212188812426686,-0.0038842903995828185,0.0006528174090419505,-0.0016300165309173498,0.005066411150798595,-0.0013660237637168286,-0.0012757669404629517,0.00027135857687125495,0.0012773208404344098,0.0009596673128120323,-0.0011199521104190858,0.0004964179053280754,0.00025115259659436
2017-12-15,-0.005978463682270197,0.005768265142899567,0.008994898445164407,0.00639179322980025,0.007894788608623235,0.006622203874873982,0.007656273264604021,-0.0007337671344405583,0.004161805156561956,-0.004058126258096825,0.002111310116769613,-0.002198524837275273,-0.001929534004771527,0.0005314182912724823,0.006641840283443331
2017-12-18,0.004625577620907284,0.002514114321662622,0.003655623998113258,-0.001585695898830236,0.009671054523097822,0.00969211371448032,-0.0036907373876436333,-0.003196549547911645,0.0015959086710076813,-0.006680810695664621,0.0007563550846012342,-0.0006711624468683985,0.0016788580701990515,-0.0005856056711729708,0.0006702035439735878
2017-12-19,0.008247862585852084,0.006285493736744285,-0.003296842087863172,-0.004775047432703858,-0.002362253017965785,-0.002191060549740784,0.0038623498588110285,-0.005208091658909239,0.003858310493572492,-0.0015362963600993231,0.0056482779622697675,0.003819342855369506,0.00281936452687529,-0.00239628796306666,0.00361028437840919
2017-12-20,-0.012712728959537716,-0.010503851383644137,-0.005369482258164593,0.0033650509775315614,0.007843624102353541,0.0034140285721320526,-0.007394779382338376,0.010565780234751531,-0.014689383463049165,-0.003418068626068829,-0.00622445484286501,0.0057955243999876374,0.0025050927269447995,0.010595904012607786,-0.005917083845575633
2017-12-21,0.0040664762185764255,0.004851264298306263,-0.0006292552118886408,-0.004172384433418347,-0.008756064356445839,-0.004959196151280162,0.003971174097766814,-0.00017126708718222814,-0.00040086039138811664,0.0014234681043481245,0.0005029223776865737,-0.0017114549965178945,0.00027036853462528154,0.0030891955193833257,0.0018173676356834454
2017-12-22,-0.004738309222264403,0.0003232867100156273,0.0007149289066313652,0.004713167001795948,-0.004653231124676233,-0.000809508863650718,0.003363535240313928,-0.00182697256168747,0.003188735173835022,0.0023899891391035736,0.0009874868878943011,-0.002474324769479519,0.00011588975948562954,-0.002250143737148341,0.007125668576704287
2017-12-26,0.005697148872099839,0.004815270665535165,-0.003174450146421229,-0.00747938562650495,-0.006363857937972131,-0.005953094838628839,0.001602947989274134,-0.003610387436118037,0.003933663384177263,0.0019596879967475724,0.0024592190623153043,0.0040682572162085515,-0.004442025867713228,-0.0034157619781798516,-0.002927125203958397
2017-12-27,-0.003018442562873241,-0.0036174815134112025,-0.0025143948090151137,-0.0035941762067983937,-0.001909272430538489,-0.002599576303957701,0.0021789752316124012,0.0044017905854062366,-0.005315810216999265,-0.0009034948903065637,0.00014871095463724624,0.0010564563782233692,-0.003136870951597689,-0.0014931150368202918,0.001930189319553308
2017-12-28,-0.00863778672606337,-0.009611124574236171,-0.005597966721491413,0.0011716681376777944,-0.001796355337912955,-0.0010756449674312,-0.0050655148236842616,0.0025631902280055492,8.664071463317102e-05,-0.0018359886354372022,0.0020833829047460254,-0.0008306320256674209,0.0020990428010724286,0.00043532665349014284,-0.00754994382873411
2017-12-29,0.0022686666601857645,0.00014126655890282953,0.0039799233988373605,-0.002568005971326684,0.014693534320214582,0.011955991438262268,0.01052234751996548,-0.013967720422709422,0.01510057384960125,-0.0008330131014893192,0.0030082969503851384,-0.011471837006111648,-0.005623389696760808,-0.02202526803771508,0.009301053506985747
2018-01-02,0.005944211940333363,0.0008317017840378702,0.006850200775365711,0.005248318331655616,-0.0032476982186828763,-0.001314544818023075,0.006281815693887727,-0.007271341434042121,0.0018462843686306925,-0.0027449204262724497,0.0010970948015066812,-0.0007374141196585067,-0.007524541192989037,-0.008808255210729442,0.0004739129807099919
2018-01-03,0.002648266329840003,0.00028024020650612314,0.0013150930418636513,0.00042138155041039334,0.007913318063660928,0.0014215971245819918,-0.002884340421191949,-0.0019471690630220692,0.0019463195459510933,-0.005615027052081436,0.005434272982573006,-0.0023247126257587266,0.008773416342302455,-0.00045803461281324065,0.0005710265012259148
2018-01-04,0.005887795374677475,-0.001603408640267888,0.0017406230572741465,-0.0025742258253335067,0.007482640741349027,0.0037197998930995737,0.001732245120107891,-0.0020418954573543265,0.00423089420406895,-0.000719334631827823,0.002737905007777727,0.0009494192739065658,-0.003176225739368732,-0.003029321520059332,0.00047319419855774633
2018-01-05,0.0066501659744459445,0.0039908627527519315,0.0020290002729489685,-0.011629506752875107,-0.00825804812664766,-0.003751260686006462,0.009252120370206106,-0.0079043611040076,0.001706314202335555,0.0013000496802372766,1.149208558339724e-05,0.0030525795366357737,-0.0001434908066081618,-0.005365823483283538,0.005033332492585472
2018-01-08,-9.363452833970227e-05,0.00256356380835375,0.008878491254018558,0.006761225227974437,-0.0056412444771286275,-0.0063654230441627276,0.005502626083339131,-0.0047919253691930345,-0.00457312345462184,0.002016031239633082,0.00398297975333925,-0.0027206369148697596,-0.0042563584424199444,0.004533049214141874,0.00033682558417981673
2018-01-09,-0.00044136606958207025,-0.0009152388857009703,-0.0030999444343892367,-0.0015127388340719266,0.005802648598481812,0.004712696370828227,-0.009676817255830292,0.006470458601024562,-0.009365823930682535,-0.0015463812662822166,-0.0011130244265672006,-0.004426096205131506,0.007738909991188918,0.012574294452896833,-0.0047202913137110595
2018-01-10,-0.0023873194601801585,-0.00034468722507429404,0.003389207628290059,0.004397266694563079,0.011337686035228726,0.009652686363839697,-0.0007597553920659795,0.00039743661966811124,-5.832227616029556e-05,-0.006630459860771164,0.0008105379432718392,0.002848181141437681,0.0031627087521029027,-0.0021475576208056305,0.00173357032426996
2018-01-11,0.0039588306990676215,0.008041619793974837,0.007917315551884106,0.01068658044160347,0.005065705311148802,0.005876504618109862,0.0021582587634884267,-0.00592596878281669,0.005660209561408588,-0.002773898880198831,0.0015464023111025045,-0.004406504666758474,-0.00863330344117688,-0.01066177943807713,0.002980712561861615
2018-01-12,9.125805531994338e-05,-0.007278486816162619,-0.00810442007194518,-0.009783149853288759,-0.008939819293673953,-0.010667582867305899,0.005167445244311964,-0.008441457255888907,0.0037361164436925335,0.0034068643934953994,-0.0003297645249530721,-6.715524445788639e-05,0.00043778381369942703,0.0008422251102333006,0.0015713524874737435
2018-01-16,0.015314098243345052,0.01222572071893146,0.009371375386841093,0.0012908902875690509,-0.0049133096335457985,-0.00852824896693999,0.009531413771130474,-0.008633330613583602,0.00018766478562572044,0.006177867976570204,0.0009586771558235229,-0.003438663736497141,-0.013820729262016601,-0.01098500209638143,0.00292745590830677
2018-01-17,0.0010467438240388278,0.004926319417567975,0.008145516082104622,0.0063328517545565505,0.0004653718908925854,-0.00559490205342884,-0.004416910270119939,-0.0023129427408529056,0.0026335793379387274,-0.0021081862749698275,0.003033161823216309,0.0022450695311468168,-0.004236365892986425,-0.003844229454697719,-0.002781819581665765
2018-01-18,-0.0007969653544651241,0.0031118428747561374,0.0038314901089508673,0.002792991082052927,0.008601112735917085,0.005782932301888801,-0.008493272502865237,0.007145643409383169,0.006476627661349828,-0.004697093682282195,0.00011874841121002795,-0.0018027532600134299,-0.002893443657308316,-0.005165283386704032,-0.008136572464165643
2018-01-19,-0.006352385338796122,0.002746930982647479,0.006582039067696423,0.0019699971339872347,0.0041545880075827,0.002828956620605845,0.002892404804093633,-0.0036153151861849043,-0.004695965567750665,-0.003925500446919167,-0.003971410332651909,-0.004724184013209539,-0.0027806313057345136,0.0008470754233311892,0.011158261846082674
2018-01-22,-0.004805360984927911,-0.004971575933546002,-0.008838480255978205,-0.006386909015132522,-0.0007573241226834747,0.0025005335121303174,0.0017661999039437553,-0.0007480879046586016,-0.0012201938104624364,0.003879855926260584,-0.0026116274998018167,0.0007496385245362744,0.0001735478788485196,0.002838166554589285,0.004397140443828962
2018-01-23,-0.004785305627454809,0.0005821457595792663,0.0041125226957756285,0.0032093470754242636,-0.008132792623371072,-0.009617465490303167,0.0033380919273111685,-0.00494504110995538,-0.0037750147479217724,0.0006143072145637866,0.00366245432952488,-0.0026184999864001823,0.0018402022813049541,0.007716954209647615,-0.0022317944225804694
2018-01-24,0.004048218145449377,0.0017847035051037786,0.0011185495212869363,-0.002406711415606165,0.0011553978925948542,0.0003188299153934833,-0.00589675347145159,0.0021999928918953896,-0.0013560589230748794,-0.011183902326089692,-0.006679874941299757,0.00017301740380813485,-0.010256341512370488,-0.0030099401755902004,-0.007173584468682109
2018-01-25,0.011975321686275025,0.011536001880156382,0.00949207197368951,0.00865005409627412,0.008835215566615217,0.007368602169025777,0.01689682519300759,-0.01649150558298113,0.011257158772084263,-0.002685624151823271,0.011618383622969802,-0.008117760343970971,0.005197263710340139,-0.011609720947820845,0.013289208162936748
2018-01-26,0.002573081092767259,0.009728242555748964,0.017559751628458097,0.012183368394916827,0.0004690646611501762,-0.00027227707642721484,-0.005462721619026644,0.005131490152863146,-0.0064110979477601205,-0.0031488954144523826,-0.005523748234186911,0.0016977967444829012,-0.011283194530507168,0.0010341497983745035,-0.005156315705753902
2018-01-29,-0.004865397257616012,-0.004697332214845614,-0.010635102845405836,-0.009849822470302414,-0.006797496538127887,-0.010872516976574195,-0.005598161911473397,0.007385967356815458,-0.00020477914599444438,-0.0010085676162591324,-0.005650624308297932,0.008765938480806153,-0.0024842490308696636,6.227166157458594e-05,-0.00680596282128938
2018-01-30,0.009848774116022852,0.00010244524266593167,-0.008996623442142256,-0.008140151760539567,-0.01126262199953915,-0.0062735577654734935,0.011600146799150574,-0.011107506164810783,0.004274969638232645,2.59747139950868e-05,0.00012360899103040692,-0.001496458538435175,-0.008789627004657154,-0.009879088522267853,0.00547439121790023
2018-01-31,0.004388700448962455,0.002424122225777741,0.0008861857396987346,0.001981273486590201,0.0028327127453618766,0.0025094652482052916,-0.0026498235511641897,0.0017305398646162537,-0.0041455128419071886,-0.0005601904533468164,0.0036187322558742037,-0.003588680176163807,0.006811451219417725,0.01319932096873385,-0.0060663111387768915
2018-02-01,-0.0008350407016203092,-0.004154759652479353,-0.0031936839378498595,-0.0024390466719524558,-0.011034576379882786,-0.010128021126875376,-0.0017119523620550137,0.0018475999978038657,-0.006646176794206527,0.0027953825694265015,-0.004845854263892654,-0.0016671665422546937,-0.0006578354689650602,0.0020683139438140985,-0.004519351358800609
2018-02-02,-0.005087182897039591,-0.00876213916945005,-0.006867289411530177,-0.006353129761396452,-0.0033484304643578502,-0.005394328515167728,-0.007625765865853718,0.007195252729292709,-0.004226456168507552,0.003932971585069875,-0.0063226508256802455,0.006184903162540015,0.005559785739707862,0.0029252073643837168,-0.00540603991845668
2018-02-05,0.0006360615057716384,-0.004540813017741901,-0.0009347645558678581,-0.00018167586038432548,0.00795371219454579,0.01164821624811378,0.015652392516759255,-0.017041801430758088,0.002602601838149615,0.000551257317676631,0.00508167939144066,-0.0013049889360913476,-0.007868163235786704,-0.010618913712267395,0.019313339233820944
2018-02-06,-0.00355438866173286,0.0013139950447690289,0.007005881041104242,-0.0022584280445712554,0.0029800481887174895,-0.001685480861999237,-0.012489566951579063,0.01605027835231558,-0.007827570128084351,-0.0064153285646352115,-0.004775781399100244,0.006212897216034368,-0.006225227381188362,0.0026517811721443172,-0.005813143314817987
2018-02-07,-0.019057499570087476,-0.022408994435554365,-0.0030234966421109066,-0.0048144092410546575,-0.006114246683602043,-0.011584560850710652,-0.02410686864194113,0.024218809282007224,-0.011865362514977561,-0.0010440340813585337,-0.00931295886221237,0.007011486907679672,0.00799611490008795,0.015281538730087797,-0.018572918607837458
2018-02-08,0.014908544431181914,0.011383766457172595,-0.006534722304296558,-0.011136918297929023,-0.005846606590002486,-0.0071506652736019975,0.013676872507697974,-0.009867721825111225,0.007366621055957015,0.00930440496370734,0.006143293194847711,0.0005918191879943063,-0.007080307768778381,-0.01520862713599249,0.00530385243393226
2018-02-09,0.009424103269160202,0.007753193974526882,-0.0021985393571547877,-0.01042552251392296,-0.0032197438885271153,0.005863003426912516,0.015371231917139362,-0.016415942794741824,0.007276324894860221,0.005457114465701263,0.007868539014152336,-0.003989673468916374,0.001610811108717549,-0.007443086117963075,0.013702861286512939
2018-02-12,0.0030920956469921834,0.003693357507762265,0.008883416723353646,-0.00015161660940428553,-0.0022169486771124805,-0.006890589877927218,-0.0012996723024880936,-0.00040935038452995145,-0.004544504371025858,-0.003096060447556398,-0.004392617417800661,0.0006398472294905149,-0.0016023853234481736,0.0035824038722964153,-0.0004838082606101685
2018-02-13,0.009150332069361933,0.004612928499274284,0.008787327165302842,-0.0030890319372172317,0.014292690096081544,0.009337604979541562,0.015424325010594736,-0.01050397129753336,0.00813111208859455,-0.001489746382596014,0.003421235504843304,-0.0008690667224554877,-0.00507257606023832,-0.011294861149891824,0.011682753800801388
2018-02-14,0.01039184209976911,-0.003426998794929208,-0.0021857739326478394,0.006232937726313064,0.0015412055372208359,0.008266359668138351,0.005802861057663174,-0.0034159060986309175,0.010068735859540814,0.0007562590317286982,-0.005045025038376057,-0.007475424017433476,0.0007713630620261244,-0.00720517882132682,0.00762855923548523
2018-02-15,-0.006840562460318812,-0.003320259751631747,-0.003590788668252032,0.002688220621282613,-0.010333878067595155,-0.009176868897631217,0.0008587203942869531,0.002061758268458675,-0.0030148895296006287,0.004633972971416625,-0.0025875998708572733,-0.0038903442720984254,0.00032553760354947774,0.0018246067956092845,0.001640081083482575
2018-02-16,0.011769657501761345,0.00391471332592536,0.000676085529940587,-0.0017967106171876178,0.004204957232622,0.004470627825411152,0.003992332665037482,-0.007461964904413819,0.00970354451617668,0.0012220888209478371,0.013357023501250995,0.004408732663879736,0.0006390057585314995,-0.010577679586083752,0.005708065973934303
2018-02-20,-0.0030752757546429585,0.0017030771951515302,0.006171752789064117,-0.0016069076549030386,0.006178821656947957,-0.0009144001453669307,-0.01248799879821814,0.007129657819325142,-0.004385148815965282,-0.004678705800108053,0.0016026443017353007,0.0030180742074071027,0.004181999988270787,0.006861065165221751,-0.009742719183967635
2018-02-21,0.007367554326531486,0.0009909468958750516,0.00036642091335446054,-0.0048350269006233616,-0.004689389869045187,-0.003526572705201864,-0.004398478842195992,0.010360202332118394,0.008095055908457847,0.005081656414640415,-0.002153643155342806,0.0026454601479445855,-0.0020776880874845585,-0.006702455629598803,-0.009161706342478454
2018-02-22,0.002299993443314126,-0.004923743196284786,-0.00970982240801955,-0.006484437404557647,-0.00397568548906896,-0.006054932889862297,0.014679037741437275,-0.012409701350463312,-0.005529833161958009,-0.0027456837438518383,-0.003241505776188822,0.0004782272586001538,-0.003112599772258303,0.004476617062027574,0.011998009027442587
2018-02-23,0.0024789656373183956,0.00490093989065613,0.0022584016359083834,-0.012022385778648309,0.004266179133392255,0.0034824571621644047,0.003377376365857004,-0.005086591769583125,0.006346751459216456,0.0022702056171153475,0.006246837646455823,-0.002263994280178671,-0.0014359749893903691,-0.005269817848735037,0.0012106502058817801
2018-02-26,0.0009588396754572938,0.008052561330279196,0.004648271265275224,0.006095517053031869,-0.0008396614404564302,-0.0027419540278599518,-0.0027932826303383226,0.001995989018116538,-0.0003341112058297853,-0.0022747820177050626,0.001283521705922443,-0.00170785112952666,0.004227647278226597,-0.0011219972526184709,-9.728378778029075e-05
2018-02-27,-0.0039740543794799625,-0.005168367210018569,-0.0007116325170010117,-0.008375423665937647,0.004587593023512797,0.006122841509839701,-0.0035923390198030637,0.002260925793038468,0.010182766383354153,-6.570839594112997e-05,-0.0007572750778158353,-0.0017056503164543466,-0.0009217778152163262,-0.01005215406983676,-0.002326965024825569
2018-02-28,-0.019154414574421633,-0.01604391766682866,-0.01553807024749923,-0.008050225243938055,0.0006367171568037282,-0.002004532276088769,-0.012471375710190767,0.014988263163215899,-0.007818460659015581,0.0036629973404428036,-0.009882254496899412,0.0057819746898109875,0.010107331762850637,0.016046717894993553,-0.008804275144526605
2018-03-01,-0.0006128166627108553,0.005441613819975837,0.005788300551369616,0.001108550528953943,0.01742994884728791,0.012987003270039071,-0.0051964276565941644,0.0007956432246750498,0.015981130844670052,0.007599661003047866,0.004925620864711305,-0.011815527517354093,0.002188480535919647,-0.01442784314458001,0.002144897679376391
2018-03-02,-0.0015647012153781272,-0.005790264970508209,-0.004746386852423213,-0.00534035444676309,-0.009903924576645639,-0.007827101439334787,0.010924121678918155,-0.0058057598761309115,-0.008572047373837606,0.001700863570602596,-0.001028726728307304,0.0004790377069478508,-0.004913969677154807,0.004260059577954642,0.00885570048814156
2018-03-05,0.00642802127289557,0.004541054354236148,0.002172274631216685,0.0028250549987430627,0.013784885724506481,0.009755672861696124,-0.0016482368515455328,-0.0010428170004871335,0.009453517185568769,0.0009656520527374472,0.003997046955648547,-0.005957278796386769,0.0059176208006084755,-0.010904989272469648,0.0040746114496008805
2018-03-06,0.006372519256587842,0.004548639455716727,0.0013066114229415846,0.0003424668049965833,0.0073394944509446065,0.00930981610221567,-0.0069193565622257,0.00956078324188042,-0.0037190037537359654,-0.0059198154051131775,-0.0077598129088968905,-0.0013414631745793642,-0.004994597326006025,-0.00262737534394799,-0.007252056248655707
2018-03-07,0.004431304723590879,-0.005198896601887028,2.7155886058889732e-05,-0.0033109809468598195,-0.0013739282404967444,0.0008364071571775824,0.00665153829381269,-0.0037942393163667796,-0.004334293003382178,0.005319700222954511,-0.002004448590646995,0.006757214069897715,-0.00963064363395136,-0.0038490179967359517,-0.001386802784297505
2018-03-08,0.01392599752679888,0.009439276595241781,0.004335832615562791,0.00042385622911679695,0.006273770594452445,0.005053113886838288,0.007427792705728416,-0.013371079027696128,0.010307594013013836,-0.0010204827689457782,0.01228459946054972,-0.008358151900114822,0.0010311287417352523,-0.00856992011648119,0.007976005503844811
2018-03-09,-0.009523379929119405,-0.008665347119651052,-0.005080893372286658,-0.000532525304158352,0.0011779719529627832,-0.0024762241984996065,-0.0010554107519738605,0.0027893945065019005,-0.0025147056270114557,0.0005249117712022829,-0.004947763453728918,0.0005745331599982496,-0.0010189999700816587,0.0022062650093522982,0.004354035218309777
2018-03-12,0.0064719008040684265,-0.0010385460079429636,-0.002165077467669728,-0.0032265725158995475,-0.006400479582891976,-0.0016491158990034577,-0.0035650760936036677,0.006963949387988285,-0.011135264750814788,-0.003395974190291676,-0.00576002870189414,0.0016255314643903295,-0.005311988240469212,0.006197046708300571,-0.005943712717381375
2018-03-13,0.0013157364699000569,-0.007204143870784092,0.00220994717209538,-0.004621473060331692,-0.004311903804979032,-0.005027788335912459,2.2579236154395953e-05,0.0037387433669024204,-0.000840865318328467,0.004610840412383925,-0.0043945250729967855,0.004000957809036515,-0.003797428041482745,3.063128986196704e-05,-0.004767528789979311
2018-03-14,0.0041368097884481765,0.005896532362802981,0.0029841370104338066,0.005052904287542736,3.655920312364922e-06,-0.0028689575891713806,-0.006587735666899465,0.0026286412430497176,-0.0028879412764683003,0.0012595020531550485,-0.0014036435802154126,-0.0009236299720271337,0.0017615724779808375,0.0014013826285239862,-0.010286936487430441
2018-03-15,-0.008056460813495224,-0.0064080145147700435,-0.0052193320759102374,0.0001621541207901746,-0.0009252334362631074,-0.0002448403101043073,-0.0011100336110817376,0.0038089078076709746,-0.0024562211423251,0.002648951811312726,-8.100081930871366e-05,-0.0008991396141124685,0.010016216402487756,0.008487381514650415,0.0012067115567434969
2018-03-16,0.005998230104975661,-0.000984292843826248,-0.0006756201793976877,-0.0056364349443035365,-0.005282695143882428,-0.0014755956103513525,-0.010640352349475623,0.008782547137129535,0.0017528705461227166,0.006503453074099167,0.001271873754546883,-0.0016084395662498523,0.00444986374383774,0.008348134302703536,-0.008486790015223329
2018-03-19,0.010672873051711109,0.012264534931012903,0.010102097658132,0.006627643632138836,0.0026574410696860225,-0.0014033291585124166,0.007680318638251899,-0.008153959120320261,0.009848105289255378,0.005277188359788182,0.00506182813795687,-0.0018027237896570303,-0.0010845594068080234,-0.007034607240697848,0.005062515782804334
2018-03-20,0.0016302382681680884,0.003287000465261936,0.006421590719386327,-0.0012388183742008474,0.009130159195817285,0.009170940010632228,-0.006706344019820953,-2.6970496147491873e-05,0.002308428235549635,0.00233058972303688,0.002254697376615842,-0.0014264750953304028,0.0033584171776855367,-0.0005619170133959726,-0.004344915221702371
2018-03-21,-0.020618274199277573,-0.018890451542960582,-0.008005381602618699,-0.0006932541023216415,-0.00665717942417067,-0.003676858859325484,-0.02166657933337893,0.022003243925929165,-0.01180423165416156,0.0061696445736099895,-0.010863912547571235,0.003623850452877206,0.004167360229073368,0.015583462435698104,-0.017939593318060377
2018-03-22,-0.004921591495952959,-0.0073263627871849365,-0.0075697789582925175,-0.010933052639094382,-0.004195336657757809,0.0018190893371212886,-0.01487880451905534,0.008628342682943995,-0.007050120942751505,-0.0026493919794774203,-0.011491944886870853,0.0008911291772154932,0.0008525496235359913,0.007648415358357568,-0.010229314397156377
2018-03-23,0.01444845984514262,0.01261844537555082,0.0023877902506097195,0.004634365210387627,0.0003242853987431467,-0.004428503011842869,0.019413728858432237,-0.016143256593128322,0.007900133833493053,0.009678886079824476,0.007745978341725622,-0.002676145995520504,-0.003615524909048989,-0.00741623083848756,0.010769205412144111
2018-03-26,-0.014965625723855963,-0.010864004657217801,-0.008618876299394597,-0.005748883974385482,-0.023695565259805023,-0.01821577601808406,-0.007865812146391945,0.010001650017341606,-0.007625078263597665,0.0013731749387648328,-0.0034370255137602425,0.0024679619513147417,0.00603879678118994,0.014689568878711859,-0.006562420106281379
2018-03-27,-0.007349066672548749,-0.008746883966867711,-0.011111614467435896,-0.0011840015183671158,-0.010541895215950595,-0.008938363013908688,-0.004683619964837122,0.0058891278176209675,0.0018274074141520884,0.00538356950460624,0.0038435660376102336,0.006353018323359709,0.008535755634931697,0.007559007814213893,-0.005362975960455058
2018-03-28,0.011665833452380878,0.005084512717759865,0.0008733600513756573,-0.007851344467721842,0.018141365748667086,0.018399974065574868,-0.00043254015465646334,-0.004396283475513563,0.011208543597162574,-0.003499465942948154,0.004736769036601302,-0.011377787618824926,0.004647542493618132,-0.012484151356056659,0.006222786913579318
2018-03-29,-0.0026690216796637772,-0.00166238378384723,-0.0014655567738063764,0.007656174323515029,-0.011737317407464885,-0.011661576707982022,-0.011136463043494535,0.010899962055041498,-0.006791673582993461,0.0061194563960105045,-0.006960092788104534,0.005576844972132764,0.001601099803607415,0.01011748619981134,-0.008387773321780265
2018-04-02,0.005806021760585315,0.003593038406710913,-0.0004107444185674925,-0.0013404833604699264,0.005028046502215595,0.0019278375703267112,0.0032819943783959794,0.0007595096342717707,-0.0014874889126236246,-0.007965736996516308,-0.0017894927620722804,0.00016768631942150683,-0.0036168418671997556,0.0018253656169562506,0.005837809438872934
2018-04-03,0.004730680013189489,0.0023870409460234054,0.002632119405720711,-0.008626808921332538,0.008229848529395161,0.01102448244481824,0.0019048193448796755,-0.0025243986034877777,-0.0008812540347706271,-0.006224049996427403,-0.002128158909154172,-0.00011619837419732382,-0.009803868508397845,-0.004798729144656648,0.002743729769332043
2018-04-04,-0.0037085959294013236,-0.005591673513434155,-0.002731418540441795,-0.001218413392131289,-0.0002504674295274092,0.0013659052455641334,0.002410771883844358,-0.00138993215113733,-0.00606660652651384,-0.012153090916470299,-0.006390109369556419,0.0031725318268002577,-0.004968641587249277,0.00014591674986522054,0.002513439991761822
2018-04-05,-0.007015684569392819,-0.004423568455031579,0.0021303354333015705,0.009599195263070948,-0.010183042990091243,-0.011029425777131958,-0.009423765430312944,0.010184791364431504,-0.002276274948580296,0.00679406897861063,-0.001419747229740729,0.0030199692314858643,0.006677900607505406,0.007963434437689473,-0.005305186381157519
2018-04-06,0.009842454975700278,0.0059650342218657785,0.0013305764503347551,-0.004931143640694404,0.0035844257867934048,0.0015724018428775926,0.0012090153987751595,-0.002002951423094216,-0.0012205566110644523,0.0016658975095653456,-0.003718849147266471,-0.00628413449305394,-0.004703239331539455,-0.0011374716281195452,3.2600262095470144e-05
2018-04-09,0.010214048593912962,0.0039572163225334335,-0.00019912919161658646,-0.010071661231125253,0.019015964598125174,0.01841218218175852,0.007408973702532424,-0.011664724259471753,0.006735663447728066,-0.004978747468497781,0.007878623809810973,-0.0036291490281996734,-0.0015759117741783561,-0.01235684066421783,0.008332175115595948
2018-04-10,-0.004966351539979968,-0.010209875678938034,-0.013054652691738562,0.003026234680975398,0.012365281554593167,0.008294944606527297,-0.010864568122525791,0.010112640935549172,0.0035138736505825412,0.005209861604946203,-0.006818548249114055,0.0006558170716067519,0.00018234046741025852,-0.0026290715801627193,-0.007407805087684612
2018-04-11,0.01845214506801011,0.017762762604305246,0.0035095424693862756,0.00035636017010614186,0.01488435608996054,0.014753493991413524,-0.0029390119696873496,0.0020818458974608267,-0.001937916122427114,-0.00613979446707901,-0.0007762858378136976,-0.004829457175129469,-0.0024392113149165045,-0.0027673124422417294,-0.004178742505626014
2018-04-12,-0.018368607331944425,-0.013123123494549143,-0.005989818250510292,0.0049802522987339864,-0.0043643954169397,-0.0017932407121537472,-0.003118340261246033,0.0015922593636053704,-0.00415786254540404,-0.008825908911265683,-0.0074355843367930365,0.008889141941453118,-0.0036046674947783288,1.0393290705412034e-06,0.0008646084187913673
2018-04-13,0.006654857546539683,0.005559553225243521,-0.007351754887013633,0.0017141974464410566,0.00017566280435078914,-0.0064391914113635824,0.0050864101972998114,-0.0009541273264424676,0.0015067899168521633,0.0035800251696749327,0.003795581087075662,-0.0021069122009144178,-0.0036873260080393273,-0.0013591465767610004,-0.0011940876146211091
2018-04-16,0.0018526483313618738,0.0005735974672830147,0.0013657431207894574,-0.006179340701886822,0.009409100510296243,0.007552207828549655,0.005349946595375962,-0.005382457957887521,0.004375917685393631,-0.0021574724376884017,0.00040034279423574286,-1.6979418442754704e-05,-0.008714316787093055,-0.01364372984238943,0.002857470821483238
2018-04-17,0.0014274351163493567,0.0013653409915992906,0.0003203223182870603,0.0023078145443949025,0.0015058544808653417,0.0019088858497107093,0.0004969687051173547,0.0006599914077539038,-0.005181665737776195,-0.01460099497251695,-0.0020833093528383837,-0.002183401128410214,-0.00557804404736055,0.0031602344416012977,0.001182049879774159
2018-04-18,-0.0073563660482567645,0.001317561428820736,0.004172752650256276,0.008575464803214243,-0.0066184891918770385,-0.0065344222086576205,-0.007072336427058801,0.009405384007513003,-0.007934487148843303,0.0016117188758043317,0.001134436646361297,-0.0014346696308326816,0.01207147095278162,0.014462994677025942,-0.007493029193173179
2018-04-19,0.0001779925521446027,-0.0031685182316399884,-0.001581417591839252,-0.003877605682674815,0.001147608855044342,0.0013737116974329338,-0.0103601273738693,0.008343526276026816,-0.0014728243327616298,0.008604435148533238,0.0030373605432381916,9.934464096130694e-05,0.007839818482766403,0.005273793691074055,-0.010206826821841916
2018-04-20,-0.011700841452950911,-0.006175125623280792,-0.005221477936679397,-0.00016985215660206016,-0.003039321739221046,-0.004711986032510367,0.002770588718627237,0.0008227887731887756,-0.0054930575452026165,-0.00243423022891024,0.004194556387460953,0.0014129140940146669,0.0031829249104136227,0.005661924157421394,0.0024730899079555366
2018-04-23,-0.01239453424648904,-0.006619031545502135,-0.0026616790264890854,-0.0020241052690427586,-0.010841020890822811,-0.009709051772378352,-0.010100995062625366,0.012089421417181945,-0.01008608333973314,0.006200759061209489,-0.007933340934053377,0.0003426842504087469,0.0022513244406286576,0.014340687612183793,-0.00753330810437987
2018-04-24,-0.002641198849659101,-0.002361332564768957,-0.0034095416510896534,0.0008875985552009792,-0.0038838436252868064,-0.0028503383604357247,0.006540001925907956,-0.0038622410177882984,0.0028394254907048166,-0.003390118302781635,0.002804652145940387,0.0002961993486149956,-0.0008334668568018241,-0.0007090196278474914,0.003673089007793861
2018-04-25,0.004542153055443836,-0.0037872526781546623,-0.005948390335263285,-0.009904703124545375,0.008665556675549605,0.010734479342364496,0.007108104659084898,-0.0067236471737276505,0.004351297683979095,0.011180758883111338,0.00013474829461168885,-0.0004065666752464279,-0.010710118743628972,-0.009980051851339164,0.006175204208843023
2018-04-26,-0.0070795526530156895,-3.111544620111985e-05,0.00048124151975589087,0.0018284195419699238,-0.012593351008964047,-0.0023028296250228878,0.0010275455407511888,-0.0014873885949729963,-0.004398846828148027,0.004835623921034608,-0.003213641024121315,0.000976362581536089,-0.0010186974896803905,0.0013668753798877584,0.0010985757812838114
2018-04-27,0.007700348427002649,0.0020866135711596952,-0.00044992751596029633,-0.0045020074617077785,-0.0020377881948527507,-0.00036608132059128603,-0.0034344189571211504,0.0016970286412603527,0.004172627600327425,0.0024433521356461143,0.0038645683217174813,-0.006462778771955532,0.003732712798927956,-9.046908328382789e-05,-0.004071841958052682
2018-04-30,0.0008421040535282992,-0.005656141702542421,-0.00439091523438667,0.0012134708393919372,0.0011875761206020683,0.0013457277329738731,0.002000183390426172,0.0015691995970188019,0.004267622512321955,0.005425081110218907,0.002544187433374977,0.004826307786571365,-0.007023171166703713,-0.008896390092756133,0.002174371901739757
2018-05-01,-0.0010850725400482174,0.001304650272183953,0.0008053880729908204,-0.003299759205444121,0.006362761713336206,0.004203042546518915,-0.007133418641779191,0.00676650500732816,-0.0005209565279585285,-0.0033993252139855033,-0.0014433593567990894,-0.002745786351622749,-0.006857420355556268,-0.003118036172623187,-0.005263283976423554
2018-05-02,0.009384286635423022,0.004830349705756154,0.006323985368990739,-0.0020753357932167095,-0.0041482534685034975,-0.002499439995994451,0.0004998549687916581,-0.002167193242380989,0.007742216166302426,4.972850284820727e-05,-0.004992750776804286,-0.0023719045711280175,-0.0023579559356783322,-0.0017547004774556823,0.0019020490460830005
2018-05-03,-0.002593343034233763,-0.007962962495696412,-0.007871163757230678,0.002429897465636991,0.004493884618696379,0.010263390493793257,0.00140992279004536,-0.003460697625783691,-0.006406027598195873,0.0029337334557056408,-0.00978423606188736,-0.0024784777020347,-0.0008448679076736576,0.0030495163233890225,0.0016076209331155975
2018-05-04,-0.003884660953904333,-0.0008296603649844362,-0.0030710349049364915,0.0003482225310969629,0.005353950074149775,0.004357581133088389,0.0010753260961072196,-0.0005672432437562459,-0.0002614357541085221,0.004728119864953489,-0.001437279820596325,0.0034588399965093165,-0.010616220016562787,-0.006722682013222941,0.0018551235926430164
2018-05-07,0.004838547012278292,-0.0013501354013838044,-0.0027935110242432813,-0.0016644728253660868,0.006557310944821728,0.003537148904027351,-0.001732652315902835,-0.004281711041730988,0.003692544972607476,-0.008183652420406255,0.003759187550093196,-0.004589202383854518,-0.002082381072514862,-0.007785847366086122,0.0014599807539273707
2018-05-08,0.010948827428819382,0.007290684941162269,0.013289647955537144,0.009237927181224442,0.0030198935148498863,0.005201116389929261,0.008712784570196376,-0.005197510432306229,-0.0028165838355325296,0.00088047767818368,-0.004614531712089967,-0.005301869416899347,-0.006145867041097674,-0.004136301442923485,0.006369567790610056
2018-05-09,-0.0023418243770183048,0.0012613977603547506,-0.000129303867848405,0.002964286166919488,0.008069550074743694,0.0075176986045565825,0.0006515004048232558,-0.005225359300534103,0.011694383939079699,0.0072705769738222095,0.01156540078948371,-0.004283823774928016,0.005661927533760576,-0.0024255214492619427,0.0005204876708474089
2018-05-10,0.005705353824457907,-0.0029505405773917037,-0.009046848524146384,-0.002536211735068569,0.004567245797509597,0.003853071729741218,-0.0013230971127195746,0.0021150545970383882,0.0009900818059813716,-0.004863444415791741,0.0008537563032530794,-0.0020415502414760606,-0.0011610747932849315,-0.0023981868295346403,0.0004729382335903055
2018-05-11,-0.007032060192481149,-0.011062436430863893,-0.009157705397861806,-0.0014625345648992118,0.010748762882341998,0.007910496077389376,0.002715785339835611,-0.0049225016112707486,-0.0014206050065369625,-0.0022459280325306205,0.0012411432043491367,0.0029014370015065143,-0.000383190833926691,-0.007976723977285747,0.00974920660684871
2018-05-14,0.00598399476593522,0.007088336774168036,0.009433031793524487,0.0021711944009138937,0.005044826543696079,0.0034266751457707775,-0.013210744738876599,0.015071727289635184,-0.002000941576579468,0.0002635597638239593,-0.0012420429045728108,0.0007683458712711205,0.002321047591214024,0.00977329725329855,-0.011231721558735131
2018-05-15,-0.003208126128578833,-0.004592537666626701,-0.005069312495968463,-0.007221450914798756,0.010149487415034327,0.007393586477486856,0.004293913667739414,-0.00214251386864457,0.005055495025319875,-0.005276022729970615,0.0014368396290083104,0.002474363903670249,-0.001218054669048744,-0.006929769301351975,0.0013340960564830126
2018-05-16,0.00738926512792321,0.004821965540835516,0.0005550510930683282,-0.002526033058390506,0.0044223318661276885,0.0014998473798320086,-0.0047857535492980136,0.005878866432489596,-0.00578624835573141,-0.0035643536522616008,-0.0027794341613242364,-0.003270581947562213,-0.002313994610251239,0.003259264445547436,-0.0031974215076690854
2018-05-17,0.0007995025774059192,0.0009262111414375114,0.0025332783361287133,0.0002811740121415445,-0.002529762579204556,-0.001422175309602674,-0.004455888798032728,0.0033353543476732023,-0.0013596010665145974,-0.0057958812013938115,-0.007197816425197213,0.002718879827671321,-0.004424035544632922,-0.00042422438201607205,-0.0018037265634323334
2018-05-18,0.0014165898100152782,-0.0022332210060652096,-0.0029086696965202417,0.0006928118318453034,-0.004025909027348109,-0.0026641489589570113,0.007061821552910079,-0.005832904639015042,0.002828543441994677,0.0007624522013754903,0.0017388690470604776,-0.0005177958775971839,0.0024072593229599207,0.0007295518828370649,0.004531142669474749
2018-05-21,-0.007871290751015874,-0.011894453361514361,-0.010663460325055045,-0.006077049105423152,-0.007520657453891153,-0.004509894002685738,0.0013651702790129965,-0.00043609584469092924,-0.008500171258863874,0.005755308320493678,-0.0007603306357100732,-0.0025201358411173326,-0.001564667219632825,0.00559257059414528,8.615065167916734e-05
2018-05-22,-0.004141554250024255,0.0007044060434261506,0.0021972085263534816,0.00011456927512106077,-0.010630807259811158,-0.006284155906967298,0.0006797607527993752,-0.0021103483557117692,0.0010165622620738734,0.0049326941672108255,-0.0014219360633466725,0.002512427220421743,-0.009218436211075735,-0.0033244488386293355,-0.005541299311692314
2018-05-23,0.007393053158375004,0.004425122721828643,0.006348031772554951,-0.0016532485627200725,-0.00023749052937230004,-0.0035993091904035655,0.0019383358305460402,-0.0009566389068051291,0.003999123453826601,-0.0009791507412466238,0.00207289970721204,-0.00535699716326082,0.002503925409932333,-0.0006309189150423623,0.0021583779154720458
2018-05-24,-0.006838698550674123,-0.0028216606558591744,-0.0025355019545549784,0.004839522028897478,0.007044710758267934,0.0044267355011231415,-0.0052914667155529605,0.005502376530722554,0.004510801270513444,0.002343047200492409,0.002042928255443716,0.0012388971050338357,0.004051540949302165,-0.0020021640587866967,-0.0056824677874612525
2018-05-25,0.0018672599581558886,0.010824739692724173,0.01699554663736781,0.015905167228841492,0.00952585880129735,0.007580913703711443,-0.014173288769672039,0.015288816654880393,0.01196586870590183,0.00810443086115472,0.0008135285461247574,-0.0028489047112806552,0.004229245350606775,-0.010494589107370111,-0.009353329811493168
2018-05-29,-0.007167191968307436,-0.00531087468616941,0.0035542518031122447,-0.004983270724312183,-0.0019656596853463845,-0.0014710161181916166,0.007964779247536913,-0.005551868247936397,0.003024515453306691,-0.00044496103484815974,0.0070971170280274675,-0.004472451783834801,-0.0020923365428838093,0.0017641407157861031,0.011188943457154222
2018-05-30,-0.003655006613630025,-0.0002861218131319527,0.002769768845379124,0.005464096920088573,0.006231507071599005,0.009263425281958048,-0.008402661674790722,0.007608460151344621,0.00016465784996039668,0.006233993900883349,0.000302721702264511,0.0023072017639095823,-0.0011622990769475697,0.0028861090222260964,-0.010882193789285627
2018-05-31,0.007791573000539702,-0.0020099905678426077,-0.0040685346607355535,0.005899742588762315,0.010437627095759407,0.004803985997458758,-5.039927364189692e-05,-0.00021651611575693522,0.0087718999233805,0.004998184465538031,0.006256645550585634,-0.0020826172891856383,0.0016383335312107547,-0.008905210517945853,-0.0008494874455110251
2018-06-01,0.004340655170096842,0.0040534297737550296,-0.007980134412581327,-0.007700470666598937,0.004931705596806855,0.004454241770942677,0.010332066133075704,-0.008554127157667332,0.0022652391105763437,-0.0017844382676350619,-0.003269034241541382,0.0026288180203989566,-0.007957098073879483,-0.00784150367151254,0.01029444880080645
2018-06-04,-0.0005081605264376223,7.124826232355729e-05,0.0010660097786678183,0.005074771731106524,0.008813582813029039,0.006637969122775651,0.0016327714088196972,-0.00514224368828613,0.0014317985986453106,-0.006372606314713946,0.001155757319028998,-0.004189642121001174,-0.0027931443316989235,-0.007937385379946545,0.007335473503118903
2018-06-05,0.006658916088496204,0.006735143110076593,-0.00315920660289237,-0.0003249846982133527,-0.005686244245988261,-0.010025186309959171,0.006205336373168186,-0.004035655498648391,-0.008201917876324303,-0.006231001267684288,-0.0011541888210629663,-0.002373605729009026,-0.0017405903266526843,0.0011141977658014647,0.004473604986155504
2018-06-06,-0.013707143657109344,-0.008760865836462038,-0.004166640878192691,-0.008356543847175489,-0.006936479206532081,-0.0034801475863805668,-0.005000110834977872,0.00569667718217655,-0.01002282175590763,-0.0059796487560946935,-0.006494063146963942,0.00167034839281211,0.004184701456340263,0.012149294256582843,-0.0028338814617577925
2018-06-07,0.004604667711005579,-0.001620425713885126,2.4178759730429742e-05,6.229906451138412e-05,-0.0017841123230581796,-0.003915462977390936,0.011304838014961911,-0.012376198228254656,0.005188473385412966,0.0012497039992204573,0.004643548314219504,-0.005488376296218583,-0.004431538375288622,-0.009105483716073472,0.011074408467265307
2018-06-08,0.014168584648494516,0.01030009075474658,0.004444650648935669,-0.00032720004835084,0.00043329910280077684,-0.00226120952114046,0.0034384172994186197,-0.005137195116292395,-0.001993810953068587,-0.004165455677616349,-0.0026288158733659963,-0.005569502428684099,-0.0043660448980289675,0.0016780465507798786,0.0031489913640991934
2018-06-11,0.005317598154621078,0.002313133129014513,-0.0033919280546621145,-0.0065746576621249124,0.0015990549635873626,0.005139306187731456,0.004920920877112846,-0.0034678272004242316,0.004934139564324785,0.000668585826643945,0.00021172728179955818,0.0015966390832752634,-0.0025446477905978803,-0.006378165748932168,0.004600468797975965
2018-06-12,0.002996323336544662,0.003760250497688797,0.005184463243982728,-0.0014650820519842432,0.0018921932598753,0.004135409352006939,-0.002266525216456693,-0.0006475282205718347,0.004029622954545499,0.004382979074005216,-0.0010672873036035122,-0.006194013785228539,0.0032751490117656832,-0.0005817808083389411,-0.005524222346715252
2018-06-13,-0.004289503386206806,0.0025383017874334225,0.0034668209120238525,0.009198236505981922,-0.01019566723935143,-0.0071094423957971005,0.00037255743931944446,-0.0010017582050151604,-0.0022270171196822636,-0.0029353721749623245,-0.004291695851733392,0.002069047921884036,-0.008286833101536266,-0.0030430278287084615,-0.006246944174803369
2018-06-14,-0.004162022885349076,0.00023814348681279023,-0.0023897768940767086,0.011331518324917179,-0.0030919276790817947,-0.0004808995927930471,0.005050560400433461,0.0003915286914120161,0.0012808096218398918,-0.001154728436161568,0.005494825289951301,-0.002671824702205416,0.0033269426184853452,-0.0018543252722351391,-0.0022251174286324464
2018-06-15,0.007259757841102384,0.008723314673923913,0.009135308950002861,-0.0022140688613025384,-0.0021146219538385833,-0.0007414655196971859,-0.0033690887228672796,0.0012247271739042676,0.002476933765112623,0.0024158860477781798,-0.0030607939495330694,-0.001982786633344862,0.0002670842238584766,-0.0005289350200940796,0.0003237768087179522
2018-06-18,-0.007248667550565364,-0.005085066519708382,-0.007833709394789749,-0.003892862968256852,-0.004956690133182748,-9.323445526262858e-05,-0.004392759034510495,0.0048978769173359865,-0.007691071154262635,0.00012174272791532978,0.00031307602440155697,-0.003065151680211367,0.005676843333649154,0.006216134218375148,-0.003239867822288643
2018-06-19,0.009004220674478126,0.009742620432726945,0.012028867043234623,-0.0021693304786368287,0.010129798447047408,0.008367171929944956,-0.0056176132953602576,0.006620325215850799,0.00015282169680006733,-0.004231846349227576,-0.003236516805318592,-0.004324712194893002,-0.0006729201020759822,0.0011433986410503685,5.204382702686441e-05
2018-06-20,0.00023344403757388776,0.0013985980701892876,0.003986587501966194,-0.005239959505690347,-0.004029561036547846,-0.002384279781561283,-0.0021737559738060955,0.009926400225071077,-0.003716288563940061,0.0075566841574506985,-0.00211198034608595,-0.0021804842998797277,0.000739936215297294,0.008666060914046432,-0.004794625112722569
2018-06-21,-0.0009591623660854383,-0.0021490462124632978,0.004311794210521641,-0.004873294396705832,-0.0038577341008621978,0.003455134714460218,-0.006813593788336786,0.004687605250506891,-0.008489807016148336,-0.0018971228049266499,-0.00930996647938152,-0.0007988879770376027,0.0011574697134427226,0.004752534536565328,-0.01043917953008761
2018-06-22,-0.016999542467898244,-0.010443526205384104,-0.008739977780300523,-0.00984566707395912,-0.029093784327018705,-0.02001741679408227,0.0037775792539650153,0.002691242561757172,-0.010778501970414954,0.004067954423580052,-0.0038758924911073637,0.0020137963939106454,-5.838637900597299e-05,0.011759660815202314,-0.006215682780447434
2018-06-25,-0.00811224229957294,-0.006794327569098161,-0.0035460518975617087,-0.0013778740588945315,0.016547857183083384,0.00738307028315467,-0.004504778625134044,0.0031894365371141252,0.007408185775146719,-0.007561558305088114,-0.0013193191093587827,-0.0017123630366872632,-0.003110880853190148,0.00010696601446071345,0.0006586825640402254
2018-06-26,-0.008783649946994317,-0.009777950240419692,-0.0020941584246436645,-0.0010908759001875892,-0.007532127485773985,-0.006535409879146637,-0.0006676745964399444,-0.00038308249676680464,-0.002638687976167049,-0.0028338266296463518,-0.002905225549106008,0.004006154102173396,0.004594622710781399,0.009604334281246255,-0.002703168085186114
2018-06-27,0.003945684422572994,0.010901532887029374,0.0103558369779645,0.007797383760719555,-0.004785159199879478,-0.006119904688167764,0.01285076538555649,-0.011897579829176781,0.004946294593609694,0.0017448622953851935,0.001191547609843413,-0.0049603231124792325,-0.005566442711536612,-0.005409744605477247,0.00983933051283898
2018-06-28,-0.010134935358291478,-0.007065741656924491,-0.00993778271379659,-0.006545295166802437,0.007897626485757921,0.005045257864653087,0.0014287648252210728,-0.003419997038784795,0.0056566790756423894,0.0021208186878609453,0.001792911620707239,0.003143725880966626,0.0044472119001298036,-0.0006595897051196765,-0.0017664798299285836
2018-06-29,0.009061855173772504,0.0023732165493578544,0.0016735889883744927,0.00019887224947508827,0.001416709139431897,0.006843971340460236,-0.0038354655036481784,0.0058147589779940076,-0.002360837090757661,0.005856953400845142,-0.0013221188333666341,3.759927301585312e-05,-0.004998147452617899,-0.007081013366583936,0.0002489422211907567
2018-07-02,-0.008789507121180564,0.0032070201737203373,0.0030944375780409673,0.001732190303531152,-0.004251985522693255,0.0006159222408348404,-0.012567954033322965,0.014263050533371248,-0.007703482814650945,-0.0060608106797845895,-0.007439882513906371,0.004709923334009363,-0.003404853609660818,0.00828620387962934,-0.008848340619064598
2018-07-03,0.004089503601622453,-0.004241516004494481,-0.0120319061537329,-0.002915743982238995,0.005084842272372849,0.006440916257951266,0.002322340483289731,-0.004236022811820819,0.00800666929710658,0.005281158118794888,0.0026481349921151365,-0.002858845677890881,0.00044038500284866895,-0.010341436145356835,0.001642093839930951
2018-07-05,0.007919527972961958,0.005105949143004219,0.004477018853818397,0.003702939121926657,0.007930299843405438,0.008102349197405904,0.005669908294089465,-0.004163296231606592,0.00973845202998671,0.005659473419684308,0.0052780750254203534,-0.010134156894706852,0.0020527959745736124,-0.007292373040292357,0.0042084904685548005
2018-07-06,0.003802810413884787,-0.0057472561549240225,-0.002893240374384924,-0.010657064870222704,0.009064443961120328,0.004500982935730261,0.0039649723990597425,-0.005039053675231547,-0.0009680126071252917,-0.003632420735105216,0.005556482852549954,-0.006182016477097108,0.002639398847884748,-0.001268395046324599,0.003854620070866275
2018-07-09,-0.008753285345428389,-0.006817942512448478,-0.007462895535655392,-0.0012448976312087298,-0.003239652278755681,-0.0012167749786572018,0.0085216917893629,-0.008549421356260772,0.005953128623352727,-0.0011178423396846478,0.0018003202088512007,0.004780028438308292,-0.000827886344670096,-0.002502364720473775,0.004873946735820606
2018-07-10,-0.0018204605756933692,0.00620531299083462,0.007535001244775871,0.006152968212570872,-0.004718998571127637,-0.0006462122526769195,-0.012456377533937898,0.013699974918072507,-0.0024647159582992725,0.012336023764121552,-0.002814898689786769,0.002374732846093963,0.00018250404559242654,0.0045812509459652925,-0.01107415375835272
2018-07-11,0.0026388141524054326,0.004102575261251702,0.0024341479032424893,-5.224798442682484e-05,0.006985702374131266,0.00786328176586496,0.0068572179790749085,-0.008019464918899984,0.010478087840799443,0.0026358508797144453,0.002882281040855289,-0.002541668699996275,-0.00463039959188953,-0.01772758300622716,0.0003853938029173031
2018-07-12,0.0010650276276365895,-0.0021856375179517443,-0.00443796451673216,-0.004146908265184634,-0.0014672461500749448,-0.0038289397209922867,0.0013923641303716222,-0.0008341113886601749,-0.0012507957031978492,-0.0035578053852929822,-0.0006207988122253719,0.0034184516338899118,-0.00033937494703026923,0.0016459125348973662,0.0015232250711136846
2018-07-13,0.001886041653569209,-0.0006181860413084013,-0.007699822434961184,-0.00229658154657981,-0.007124831092734477,-0.002537006940614745,-0.0024109703452337428,0.0018622210167603816,-0.005370386788119606,0.00033817790796693975,-0.0019581078514981382,0.002397939851990135,0.0028992969713630195,0.008489902506832726,-0.0004967509272813383
2018-07-16,0.006114006331962254,-0.0014751838403927846,-0.0037256804912096037,-0.011652314721181518,0.008792778958875622,0.012363642534217713,0.005317946887319374,-0.004633497061049468,0.007111485088283038,-0.0059056496748304,-0.0010635524320530467,0.002167954728697079,-0.005079191192608367,-0.007020707617480094,0.0071508049019337145
2018-07-17,0.007454657259829206,-0.008965488356003314,-0.006697565322069927,-0.013167852529385213,0.0006274688224775747,-0.0004369366397782874,-0.0007860240159726709,0.000709715160120636,0.0021352325012519535,-0.00022644503571960482,0.00024014839368550383,0.0015597469356566957,0.004595611126577543,-0.0009898113879139368,-0.0009540998706824987
2018-07-18,0.0017427139455014795,0.007021705637411599,0.0066537796625812185,-0.005564573857206218,-0.0038196797509190963,-0.001959329185577131,-0.005900564516173197,0.0040283167611392225,-0.00012710748165768422,0.004352473892855029,-0.002817841146386566,0.0007454271800058656,-0.001659230165100441,-0.0019427683069272545,-0.00698542022457354
2018-07-19,0.007539657536025423,0.0033745613932637877,0.0018502095002217575,0.004322654529860307,-0.0026899828326404124,-0.0016774071676228042,-0.004191154113581031,0.0045612166463552565,-0.0030753280255489276,0.0020924821265037624,-0.0020997359681020093,0.0022591976896012447,-0.004888808585251899,0.001907762485319626,-0.009952106926865807
2018-07-20,0.0068945901096599,0.003600337096657427,-0.0008791638965706065,-0.007986124565227742,0.008212403573386148,0.009272271019232215,-0.00825237134432311,0.008065274196660538,-0.001090256650979783,0.00017090582120022181,-0.0022940285946401566,0.0005244110052399357,-0.003480459151542736,-0.00039555012917504495,-0.0025440339559363537
2018-07-23,-0.004675622665413947,-0.014076003816303476,-0.009635449174994133,0.008996395374617813,-0.015230441156822663,-0.01724529452015281,0.002626930600956404,-0.008991558626633738,7.860439816810387e-05,0.0038052826417261983,0.008647378285225167,0.004147781802451548,0.004126527096921165,0.003218706354434829,-0.0013156444990432843
2018-07-24,0.015215479699390643,0.014919353209869295,0.008881608370713705,-0.0016570544326004214,-0.0012248528522542821,0.0033359755781224854,0.00988597976776831,-0.0069611850734932436,-0.0005161738725308783,0.0019411049117188679,-0.0055989483869404305,-0.004441421479350425,-0.009823717536922114,-0.011749206037695364,0.007676937037475292
2018-07-25,-0.018907754736523237,-0.006741211943430585,-0.017741259678668343,-0.003714310952604969,-0.000535197025139841,-0.0030441617309319158,0.0009741110115478895,0.002608920813015252,-0.002316112804204639,0.0010587955775124983,-0.0014667835473258532,-0.002669250481284356,0.00958378991946249,0.0034170699205778405,0.001181892250687008
2018-07-26,-0.017361610047049482,-0.022927857949270734,-0.02493661012539252,-0.009546251699702364,-0.006646459040382344,-0.007418363097595504,-0.0018710479559894992,-0.002573661241825894,-0.0038690623666424347,-0.0012953961221814038,0.006832974699915455,0.00455287100941641,0.009301653463299666,0.013675015421118568,0.0009645617723254623
2018-07-27,-0.010926273957474529,-0.008239506761606246,-0.002671368377569831,-0.0019038983795382422,-0.007545304626055058,-0.004670801563302057,-0.004223156647214699,0.00066644481182381,-0.0034345349999064436,-0.003504636675232145,-0.000411214392671493,-0.00039668503485111323,0.008876954206768371,0.01109623224034485,-0.0032725996358198804
2018-07-30,0.0028695927138223335,-0.0076220872574265,0.001082276526023213,-0.0016279070862797364,-0.006800701197826288,-0.007241345847528157,0.010835887268926262,-0.011062017029951387,0.014033996138279698,-0.005636665467461065,0.0026548853255102846,-0.003021468669726737,-0.00801171832742244,-0.009062559993576982,0.008066797933645136
2018-07-31,0.009195218540872917,0.013839652230561649,0.005347655151133578,0.0029371463642091614,-0.000477860115455857,-0.0014632257025182635,-0.0011856474181486934,0.0026472837586839658,-0.00036847425282463203,-0.0012849763440870962,-0.003610741302391398,-0.0034273953567533527,-0.007586514902006504,-0.003222216412530033,-0.0017268628549030485
2018-08-01,0.012186403159921836,0.010824252948588254,0.0027664939268394833,-0.002452065444938473,0.008085198815984768,0.004139100022069836,-0.004878984825680152,0.008792315448775227,0.005936756873661743,0.0033613430939586544,0.002171647716059231,-0.0036564708500486072,1.5214415137255674e-05,-0.006909407288515683,-0.008474640545481199
2018-08-02,-0.012062754234289447,-0.01680701287304711,-0.003547862178620248,-0.004216695620365269,0.0010494133940488345,0.005604518626322369,0.009762010014726649,-0.014932400614749288,0.0006435415138696617,-0.0038735670247613493,0.0028433090957836315,0.0016455043846014638,0.0048951973475715865,-0.004895125891229903,0.014478217660218992
2018-08-03,0.0061125817414288824,-6.095756141872178e-05,0.006344921098503067,-0.002450068090420228,0.004925793585320331,0.0017493360278417875,0.0021817523096309952,-0.0034721485590975916,0.00038964003681333354,-0.0074035959500295045,0.0026765148619293275,-0.009894403142810603,-0.008770288174226756,-0.002874005336535408,0.0013816005107271808
2018-08-06,-0.000431600892016726,0.0006870772465906519,0.00936727820542125,-0.000276871587438653,-0.004076403563678804,-0.009800012015672006,0.01019530868636161,-0.012141262867596597,-0.005435960196759375,-0.011503996246900237,-0.0008627238819832286,0.0021531959647306874,-0.014121913991983983,-0.0046454303540609376,0.010456760811424713
2018-08-07,-0.0049258410547343605,-0.0012565928711943796,-0.0018649698430549195,-0.003131270997519328,0.0005028382600080537,0.005815597583722975,-0.007967424215695379,0.012836293700262211,-0.0063449530125311475,-0.004999953486252785,-0.0034360504597250752,0.0021945382694494595,0.0029907202663097933,0.006840324784886683,-0.011971865845712555
2018-08-08,-0.0008222284944328362,-0.005839696638402619,0.004976248105721685,-0.0014289874937905558,0.001828131734045369,0.0035753663054246196,4.7888155596849044e-05,0.004619754632117955,0.0038178621644589994,-0.0006216938174884931,-0.004967410220288289,0.007869662814052962,-0.00464251469613163,-0.008304752467244839,-0.004852874568157932
2018-08-09,0.01021356196074453,0.020997175880154414,0.018584182796222776,-0.0008580902256570145,0.002447247148592638,-0.0003811044447557246,-0.00576677609704423,0.007189060226496166,-0.003310431301704788,-0.002723724110038129,-0.011934500799815163,-0.004500458204995428,-0.004589206146519064,0.0029650054578727993,-0.002563725261099148
2018-08-10,0.005267973678596195,0.010460196583126613,0.009990843123226886,0.007314531545233203,-0.0050024354256526255,-0.0073855497123841785,0.0024724914836906507,0.0009820941998341668,-0.0004473474244936996,0.0050909739219848794,0.0021541505052503985,-0.007258658337441702,-0.0018170778945653873,0.00355123839519194,-0.003010533194838688
2018-08-13,0.006338867413573658,0.002083910666936953,0.006244841348685377,0.0014845686276591238,0.010219209574883406,0.008969270516719505,0.0007220298877553656,-0.0013426942242291086,0.00513934341562071,-0.003211683071522346,0.001057133816314392,-0.0033772689672042847,-0.005069271293609127,-0.004130126136013194,0.0017744251630839444
2018-08-14,-0.014796008178693058,-0.007890949991457879,0.0036955023683484453,0.010798647969532388,-0.008865472856748045,-0.004591838688546748,-0.008109758572406,0.00952266331762303,-0.0026219734859043373,-0.0013069092766394624,0.0004004047988068419,0.010056522104032536,0.00016687037009580248,0.004277102773569118,-0.014847367900885408
2018-08-15,0.008107665729381621,0.003696872700187887,-0.001607450260676508,-0.0004384168044787853,0.000986193435628233,-3.50036734945618e-05,0.005866709834138522,-0.001863773386897363,-0.003625346432012313,-0.0012830028391388713,-0.0029009105315256946,-0.0005162366582123108,-0.0004101613146259746,-0.0019033361183831065,0.0035508995082869036
2018-08-16,-0.0014956621753610668,0.0029311206067163514,0.005351051121866655,0.0036471671589826254,0.0026761854234024765,0.0031326844607758833,0.0049189151844090525,0.0014786756077974396,-0.0010765153404995325,-0.00835064535515373,-0.0041889069197144435,0.0027297200041737834,-0.0011272322636872428,-0.00011550439675267195,0.003700300305595885
2018-08-17,0.007422344034266153,0.003002432915519238,-0.00250462564708864,-0.006872551251702773,0.006989737812356161,0.0030116412692291106,-0.0033379318299205465,0.003807088285032433,0.0003696806016456212,5.52545271069356e-05,0.0030785392748320403,-0.00029117231298210304,0.002323255704325133,0.0002739413861523373,-0.0003432256870518017
2018-08-20,-0.0033703720588774116,-0.008019398204119014,-0.004841216694323292,-0.0037443390813890268,0.005315178827730577,0.004785030499376697,-0.0039728416376093485,-0.0017440174828521472,-0.0009197201926615887,-0.011024153207540322,-0.002367486358918566,0.0027672737635402213,-0.003921723643942336,-0.0004569239424082657,-0.0010543658492522096
2018-08-21,0.005015418159974982,0.005451878520919724,-0.004596984613814961,-0.008566762461039644,0.011107322062438451,0.010219038381277223,-0.010720961643533027,0.008510665441053365,-0.00186766395553653,0.0009139443589866502,-0.005076544887186132,-0.00036871248749752075,-0.00501110382246871,-0.0012754379793737949,-0.010531801498709147
2018-08-22,0.007110104577301367,0.012452494186925423,0.007371207441812952,0.00014195016213882066,-0.0028252254227091266,0.0026346080525875715,0.0015164845396269094,0.0013880916282216567,0.0010431517547212013,0.00762142853360257,0.0020723265203410873,-0.0033156191457699544,0.0023187390132798713,-0.001204748816899118,-0.0001426963569263061
2018-08-23,0.001387821395215893,-0.0029895078504373705,-0.0023938420408532663,-0.006189613680804092,0.0020381088661529027,0.001250816184628065,0.008388538210631341,-0.005505669198130537,0.007445951709129875,0.0011387862937548999,0.0034522719931746933,-0.0036679447524326702,-0.0016973220090283798,-0.005394077555033879,0.0039689882386065335
2018-08-24,0.003146745967239509,-0.009200586124378372,-0.013387863876550443,-0.010978979839853084,0.001847361220502588,0.0013163499133789142,0.009222439925942585,-0.012030624752700066,0.008641051812846419,0.0015073117367272407,0.0057676495309664025,-0.003579196140316481,-0.001703195814100741,-0.01330827572398984,0.006281120016273803
2018-08-27,-0.0017504712507249733,0.0005430621056499353,-5.727949069761896e-05,-0.0003463688294411656,-0.0018554286526282784,-0.0022474152389304557,0.0011994227549724694,-0.0019290962908111585,-0.0006292593797403271,-0.0002263946869909191,-0.0008725008411216544,-0.0007163880402498359,-0.001280204747991918,0.00042832471455536356,0.005577500880699946
2018-08-28,-0.0010139451681985888,0.001577440141586851,-0.00014927146860367038,-0.0005806204239273314,0.0012437328804664276,-0.0011451894804067634,0.004239131821638035,-0.004920145964402963,0.0022610808158588457,0.0006069272639834403,0.0019457328238306737,-0.003670788893732949,-0.0034905165558255817,-0.005754435665843187,0.0018772424400421732
2018-08-29,0.0037895386650126104,0.0028198221597484216,0.0011350383523057207,0.0018647646361660839,-0.0009297630301796354,-0.001797814693882814,-0.004616722105986629,0.0027676635732234115,0.002932127586849448,0.006750964075840648,-0.0015621845571888743,-0.00022336960481177202,0.00260957602727509,-0.0007491898662321484,-0.005929697517342519
2018-08-30,-0.005165731065720694,-9.415463517676703e-05,-0.003933740323764984,-0.00399208319435364,0.008442057540516421,0.008179972650133491,-0.009845222825251354,0.009472104001928607,0.003739136784836931,-0.002870383317203966,0.001209219889386463,-0.0008656785711568572,0.005573943127625508,0.0035943855514353465,-0.0077102599374143516
2018-08-31,0.009242243114247692,0.008844746709899948,0.008715225758520318,0.011730968986280337,-0.00041459005309491155,-0.006345044823117667,-0.0007303271866172228,0.005017708962756811,-0.006195268988623622,-0.006097626129727852,-0.007549993517566498,-0.0010346522451456506,-0.008049006413644961,-0.0004297587198332574,-0.00427889007094108
2018-09-04,-0.0066409191861045635,-0.010550213901886209,-0.0025646585251304695,-0.006938405180950244,-0.015119536844640938,-0.013556940404050862,0.001978958465205772,0.0024528979938731165,-0.007930176998412435,0.0025851856799489746,-0.0014192184279720613,0.005032706325936323,0.006548860612932665,0.008175405735284025,-0.009792309224204872
2018-09-05,0.0018933860305864227,0.013795391944462899,0.018477031919546947,0.012994144739591774,-0.016296857911667104,-0.011989870817816882,-0.003433854233338493,0.006600574802977239,-0.003039538081710788,0.0007532264680374873,-0.005499458737611129,0.0019334422018801541,-0.013905975037003155,0.008842718010027452,-0.011501830394716257
2018-09-06,-0.00949705629933208,-0.00747706037698508,-0.010468220759837985,-0.0008067253846442786,0.004253159377539635,0.0037801572787960194,-0.003607168455221311,0.0009745202279261228,-0.007992200059655808,-0.003647336527998521,-0.00652378668860794,0.0008969608318073448,-0.0028313485397479365,0.0002921907448880196,-0.0028598542053045947
2018-09-07,0.005449559695516948,0.010546223438656724,0.002912811169970515,0.006822418554423023,0.005387556725589744,0.0002347509766919459,0.008606786131032912,-0.006801938497379425,0.0014569451475808196,-0.004529305416055717,-0.0038469867665897584,-0.005024553378704788,-0.006275944846936138,-0.0038799646825522748,0.010686649882492221
2018-09-10,0.006860826054879057,0.00791847916108742,0.0060595141117470155,4.606580144889301e-05,-0.005835798416651405,-0.008126885967604414,0.009755056145393123,-0.008203529963317172,0.005126757746908565,0.0018660071921505982,0.0012676406905220144,-0.0027638206556134305,-0.0006327671383539776,-0.004647294670145387,0.009237655656598233
2018-09-11,-0.011975120122437712,0.0017497199853534241,0.006699487550901998,0.0031454847581626156,0.0036419310557742504,0.008233442811107293,-0.0028639900343535476,0.003392505357410999,0.00020124580377353987,-0.0064494351140063485,-0.005735966371320808,-0.003420658420432593,-0.0025438217949074545,0.005161542744122982,-0.004632916250990751
2018-09-12,-0.0007685332374222469,-0.005371153529009461,0.002188961486530626,-0.004814441571731937,-0.0016582086890785898,-0.0036738585707016148,0.007519843273642968,-0.010429345455260662,-0.0007544759337283409,-0.00427108255052182,-0.00028885625447792104,0.0018499421172086397,-0.0025165304811149087,-0.004137844995833927,0.004883735372576345
2018-09-13,0.0009160637565321711,-0.003876853585714099,-0.006856849549259596,-0.00158541500270908,0.001906845015190805,-0.0007617827689450346,0.006235566348308817,-0.0038818867319835386,0.0007941480526341815,-0.004195354975250823,0.0019251307357040868,0.0026051776830688794,-0.002297234259633235,-0.0018170140822882416,0.006202927809577238
2018-09-14,-0.02404040207385667,-0.01790549268541583,-0.0046812548437391655,-0.0042257318657531635,-0.012442966776533667,-0.007484806190151337,0.0021525637647224413,0.003468927003050719,-0.004033739074695852,0.0025195636104371234,0.002386912099053333,0.01038117177564138,0.009414240401731472,0.012632542647003166,-0.0015843096037177224
2018-09-17,0.001049682099070894,0.001031754069643382,0.00594406439857009,0.0095127346334211,0.005342353232285377,0.003148908053176768,0.006361819053648851,-0.01077009037534637,0.001360194691639019,-0.003221306593472011,-0.0017184725652327742,0.005490511336002089,-0.007681578170388715,-0.0068224113297436564,0.0026676232885145157
2018-09-18,-0.006292818684915337,-0.015829647928819274,-0.01297546528026721,-0.0030894883019636525,0.005172810825382727,0.005685836578876075,0.004254554625892816,-0.004067819690407711,-0.005239222691316695,-0.0013113677112272042,0.005328301976189,-0.000992099858989634,0.00481099131507838,0.0020557953203369397,0.008764564221680178
2018-09-19,-0.004842421047488428,-0.0030390119310949766,-0.009050672850824837,-0.00927615033349481,0.000126770582325326,0.0031215391705409056,0.0005582963888324851,0.0002312998638425625,-0.0017096795641290928,0.0001147181291486065,0.003958173133104672,0.0011426037321809156,0.00011937013611443802,-0.0005315843819416553,0.001992569590066112
2018-09-20,-0.0013287087917588456,-0.008989743430737909,-0.006188411011478021,-0.010062974237551387,-0.0031796691470281527,-0.005681721482594151,0.00597085910873335,-0.00704717706444143,0.0012747059325219669,0.005508952914153404,0.0027765202764862083,0.005297070923808245,0.0021972587718893004,-0.0028950743723890524,0.006798028176862767
2018-09-21,0.013140771243320883,0.00637818362669756,0.0010109358718629231,-0.007905526985325683,0.007623217701601134,0.008801376756210387,-0.003990792545146248,0.005580769313969718,0.004747345853511155,-0.006643276093170348,-0.003945368012954739,-0.009228240806230113,-0.011954044680778377,-0.007885658763784147,-0.006816655535704106
2018-09-24,0.016144940067996386,0.01794678817665237,0.010312195305526805,0.004960875404273052,0.00903674965160527,0.004346363721481165,-0.010298286936808464,0.0035379438159455325,-0.002249395002177143,-0.0036505025580832965,-0.006584917294389573,0.0009516771696785995,-0.008446702535619074,-0.0023082623185074723,-0.0020540772247449354
2018-09-25,0.003473550653710325,0.0035712597081489104,0.007368185141209654,0.005391934152550221,0.0012675579961023559,0.0006268164892864244,0.0012059699020853642,-0.0032467714361862,-0.002872170144991885,-0.004251123231618302,-0.006236873234798547,0.005629125035727843,-0.006183207363021752,-0.004089415238553454,-0.0004106843900050358
2018-09-26,0.012292139869038451,0.003959710998097237,0.006862002554405387,0.0040482879456470704,0.0026207619657293213,-4.631296146351553e-05,0.0009154294549236842,0.0005717634545553923,0.0015071372119844942,-0.0019703135148825207,-0.0017298070313562074,0.004077991613508845,-0.0037546665999784756,-0.003779930062997399,-9.740621472336319e-06
2018-09-27,0.004995045266487415,0.008394431930572504,0.00801211329562617,-0.000670870669208965,-0.004944547662198519,-0.0050894599084029876,-0.0007805386540648512,0.005663554067756465,-0.0017959617271805055,0.002249075134606127,-0.007898613496576345,-0.0001945914261406419,-0.004144723456248205,0.0014652462629215924,-0.005410343515745915
2018-09-28,-0.001736298309083219,0.001743593168876574,0.0029617661060770727,0.0007866929905407634,-0.005770664357455945,-0.0017522125979056351,0.00520755979896144,-0.00626498758716269,0.0019461825525470275,-0.0017780664314231706,0.001864971978901623,-0.0038743916949434236,0.0015357260689900908,-0.0014607134466695154,0.0023494140942631656
2018-10-01,-0.017561318307879242,-0.010878769815798882,-0.009757840247253877,-0.0022263443055789596,-0.012720877021518799,-0.010338645984973562,0.008730030966974034,-0.009169410845666342,-0.0028405724236476226,0.008154685225702021,0.0015717529117189304,0.011249316553213961,0.006621694667440025,0.004287149504819286,0.006111021397171432
2018-10-02,-0.002212107002340879,-0.004004639142899261,-0.004780773209267581,-0.005806508129384398,0.010397020995946905,0.012616842066867955,-0.0034509315231955467,0.005353289813025131,-0.0009068980735118144,-0.0009973204645353324,0.003348724293464236,-0.003775752491276575,0.00631122514370536,0.003623895796329598,-0.004201792637688241
2018-10-03,-0.007061145110822864,-0.0015121902207537348,0.000895380482024111,0.0024521450444697397,-0.009325868615984556,-0.007926706299763518,-0.0005687608605738168,0.007992974097531667,-0.01653378478954146,-0.003519344616230334,-0.007912326024264683,0.006633801917715935,-0.002343223498569731,0.014422643757074454,-0.0026039664150524526
2018-10-04,0.005065204155610108,0.0056037983043388,0.005408960938089497,0.005918296289442534,-0.010622244597706419,-0.008842999853495131,-0.006035524811983993,0.006600669630094108,-0.00605165641271968,0.002035484822108781,-0.009441871882413768,0.002682889085740124,-0.0010861720362324969,0.00723157053205554,-0.007618165550581233
2018-10-05,-0.004386612500302871,-0.007962477316155823,-0.00651383682584528,-0.005619928988470373,-0.01509709240315633,-0.005622565261053723,-0.002032816228304364,0.006666951491208786,-0.008818133643533111,0.004839572176416073,-0.0009539518672315186,0.0024035149737822283,0.004018754323086871,0.011874971986044052,-0.007024622321522613
2018-10-08,0.0004955020812445329,0.0009632721054152601,0.004077084646551286,-0.0017725819325730254,-0.006723771106956701,-0.004045547915182657,-0.006225546213421017,0.0043702625200483115,-0.006497376473149686,0.0015035970711429277,-0.002852508539238287,-0.003028472019083271,-0.003603835275990429,0.007959537851240699,-0.007592878483855984
2018-10-09,-0.008267444558713578,-0.008309764094724361,-0.004540398341548884,0.005710145467466156,-0.012131997876542823,-0.006705966600026755,-0.016309249022061576,0.016628081536062683,-0.008894813546699618,0.005006234309117154,-0.002238731064100278,0.0037027743023209762,0.009527010856948518,0.016403126650303634,-0.012357681019269068
2018-10-10,-0.005603453469810246,-0.008458915511098676,-0.00019110324477612968,-0.005037026341612861,0.012583879151645602,0.016354993051027295,-0.014484882199195186,0.013499057234640103,0.0036688973137960525,-0.005270249535800964,-0.008797456348790714,0.006654910605402166,-0.0012799951337770545,0.0012345268805834982,-0.00859750046844189
2018-10-11,0.009375860144575435,0.0009253322580161736,-0.0010891148891919661,-0.006010998402253213,0.011732403462455661,0.006896901735567387,0.015351610317453608,-0.01891239479235623,0.011940613964021305,-0.004154504129708664,0.0016922897100308245,-0.0030018277825530635,-0.008020341005009176,-0.02162802680672718,0.015407722151965366
2018-10-12,-0.007711464824161512,-0.007313478196235294,-0.0021907497780383105,-0.0021895085397905236,0.0003565494352143891,0.0013837277978225172,-0.00937214451906005,0.010918508576857399,-0.004070861158875211,-0.0007861270252179887,-0.0024418429714651484,0.007302986190394871,0.004592308532733609,0.011833920694990386,-0.006296036188428295
2018-10-15,0.010346524856928423,-0.00042907548199676987,-0.005599510668508154,-0.01283681356897665,0.009931548129961117,0.01126223446649472,0.005954409286655398,-0.006882429342210606,0.012550712809184461,0.002944480008785586,-0.0007006283166407154,-0.006156688989954261,-0.008991572248642703,-0.01896365516179247,0.0031451388611858956
2018-10-16,0.0021596769604220745,0.001743999967229526,-0.0013106904444478438,8.901918850478304e-05,-0.006100304047431427,-0.0016164205080966682,0.004096053777157645,0.003541257173977279,-0.001626428688194122,0.0032895864823500177,0.00238691541066984,0.0007929449504893403,0.0001829236286977785,0.0050182832150957955,-0.0011913507604636216
2018-10-17,-0.0009354852454945203,0.004598610511326526,0.00795134843511268,0.012396788818553715,-0.013169946729182046,-0.012017581440337302,-0.009996392473424147,0.01683976928418513,-0.012257399985216917,-0.0005265285801131815,-0.007541322663165907,0.007440734118443612,0.001193597262961421,0.014032272538016267,-0.007459422827267232
2018-10-18,-0.006973953744452148,0.000383606506742136,0.006052620127390655,0.008626757271518026,-0.019280683769718015,-0.012566136479789634,0.008686163874182673,-0.0055929975544097565,0.0019170958331520783,0.0035204741071610235,0.0007541328027465934,0.006261615046530475,0.009041774313531781,0.002939535009345965,0.004203783520703589
2018-10-19,0.014363450142237114,0.0030505698267720436,-0.0010424447266378692,-0.0038887390236793037,0.015282858893813912,0.015480792427394502,-0.005375276069363846,0.0014742662276028464,0.011003315484412947,0.0013040692442380577,0.0010957961037259504,0.0021868888988604207,-0.0013755994824863256,-0.012715237073438145,0.0016566963662148857
2018-10-22,-0.0074147715833995835,-0.0004688207375480565,0.0014526853119728644,0.004321149865952047,0.0028881310395391675,-8.612069919588551e-05,-0.001607965179342686,-0.0009166787201265224,0.00554024252938268,-0.0036653734118394007,0.0015908467666700928,0.0026410140310018588,-0.004046385806997628,-0.005693329041414592,0.006151092278451645
2018-10-23,-0.006090051967129598,0.010652817696193532,0.013288802698753814,0.028904885050255118,-0.02802739098482282,-0.030455540619269778,-0.0195623477297014,0.022913401305739288,-0.014704133979274763,0.003967416581467299,-0.01950780984014424,0.007856843872223213,-0.005412234722873364,0.01725562695258129,-0.017477055008730764
2018-10-24,0.00809413510804838,-0.01445246069236998,-0.017448019348633437,-0.01041458915039424,0.01175338665920681,0.01447748200396421,0.002069797887561257,0.0023056768005727465,-0.0017633873039991955,0.004864970757155879,0.007863780103030758,-0.004611736083684646,0.003139465836408374,-0.002551212251205765,0.003412621054180137
2018-10-25,-0.004880787980043854,-0.010386353171114703,-0.003799119076449335,-0.004032594279722922,-0.00586055153551032,-0.00913774508118521,-0.004496193601450147,0.0024885872958462785,-0.0075144251196965235,-0.004235498638456744,-0.005980075513497641,-0.0004048025089310736,0.004964136622309212,0.013990224645781897,-0.00424219749952902
2018-10-26,0.0008494342855392308,0.003680679339234298,0.006527785672298721,0.014458483264720323,-0.017585244921538647,-0.01642411242677501,0.0021539639183984615,-0.001695948733003885,-0.013322526413387312,0.0030073121883381435,0.0017490018518920873,0.0069451398500160804,0.0008277507962587242,0.00949551914517059,0.002740662971372835
2018-10-29,0.004869050165691516,-0.0005923791060183856,0.004686995656198328,-0.01608008990182512,0.014682690491659826,0.019020555666321392,-0.0025081743000946004,-0.0019403177264487627,0.0009610804542780696,-0.010277575550054508,-0.0076352694410393145,-0.011061921805386558,-0.009743725144759581,-0.005007104586500725,0.005470430549035857
2018-10-30,0.010432336511707515,-0.004894562486430159,-0.01947572376618876,-0.013217171810512341,0.006638182943420503,0.01053774758348376,0.002313581510702032,-0.01125114441807207,0.0031129412297951757,-0.005613915008827761,-0.0005592587547406996,-0.004105340371060841,0.0024567826131446672,-0.009344166192894344,0.006562601607228744
2018-10-31,-0.009913188235982414,-0.03883665955754462,-0.028439122808148365,-0.04337084645471911,0.03244037596357421,0.029565947394100605,0.0011255350205771498,-0.007457914596970075,0.020273991273201314,-0.003302351460134672,0.014771415080239974,-0.0008309062012964302,0.0016917062852484892,-0.021227905227560004,0.0011568076392165713
2018-11-01,0.0003453363236284193,-0.006079820289492915,-0.0063259647022999846,0.0025701638281219186,0.012285366964866677,0.0048062834953286416,-0.00416668136823644,0.009555095763058876,-0.002762528229713709,-0.007768049198886894,-0.012124112303526224,0.002871773950588412,-0.0037107464627016053,-0.0028686128547675506,-0.006928316323509712
2018-11-02,0.01108521195215881,0.017389296746222947,0.005809521574206006,-0.007528856554202313,-0.01692122766131995,-0.013037502157615158,0.005904137487748629,-0.001506321583455468,-0.0024786183480113248,0.0006109832058413976,0.00023824201988216238,-0.0069734642945531305,0.0011289015790272626,0.010308752166494163,-0.0017609954668076592
2018-11-05,-0.001451477122640439,0.004493517481639878,0.000849956175596629,0.0011472227454140385,-0.00659512490336478,-0.007349256413263655,-0.002945976916567037,0.0027875346209634217,-0.004638981441226387,0.002360740275806083,0.003365774429505376,0.006960766286253811,-0.0035477754042529354,0.0009200205301175494,-0.004603188611018177
2018-11-06,0.009827729420302623,0.00596833390157131,0.006783906551865679,-0.0038546848299041477,0.0036592612476313534,0.011188718047586015,0.009852433359091485,-0.010915131675267874,0.004793753012256104,-0.005036882785143202,-0.0022599040300401406,0.00040230908381656827,-0.007822687442727004,-0.012149713740203866,0.012183911506473376
2018-11-07,0.0014234093933369442,0.012686643555042076,0.0032895027554282205,0.0020463559428398987,-0.00526412769852507,-0.008283424661565019,0.00965853597159375,0.00017817380133991565,-0.012108371296030544,-0.0072754990711652225,-0.007707857005113509,-0.0009519024628253936,-0.012741280017481,-0.0017898923325139079,0.006744757704838318
2018-11-08,0.007432179266381787,0.00885290918087554,0.00954032286782631,0.0005415297413698221,-0.02649024456097958,-0.02364416691298546,-0.0013478507378337674,0.0013506955355281902,-0.005904192215459136,0.010144726769793755,0.0019374575206426107,0.002839083090741646,0.004426328924799225,0.009535604338471193,-0.00297774363493746
2018-11-09,-0.0015105953482215037,0.008778238843278593,0.009115276478956479,0.000908049374729103,-0.014901737756672312,-0.01648213908652358,-0.013247568278983816,0.02050752930774817,-0.011259879088647983,5.5061014876183964e-05,-0.001741464942554857,0.0026141518644788204,0.014334701282088016,0.01754089916656975,-0.014243180636100212
2018-11-12,-0.006840083985664836,-0.009435612097708266,-0.00651872197216131,-0.0037927191412804044,-0.0025206798580031187,-0.0010990049974342736,0.005409180664288121,-0.004241058049704579,0.007314064996527999,0.008493559534607547,0.010899045635451908,0.010438460903467527,0.009504999888282798,-0.004754636354956627,0.004583649010615193
2018-11-13,-0.006472171117486906,-0.003835255157314107,-0.002282008303415021,-0.0006751840357734872,-0.001907728310194803,-0.006263309881460001,0.007141778860546401,-0.012761677412861073,0.004317508233153307,-0.00040233313323090325,0.0041066091900125844,-0.0017617473030689668,-0.007470550412472042,-0.00773562600287526,0.01003739540453606
2018-11-14,0.0032064688697810064,-0.002515101108380895,0.00023657740618862784,-0.00252784261961787,0.014018644473666266,0.012139956962753492,0.011025217231747847,-0.009489916870872576,0.006567661160930554,-0.0076353783399346654,0.0035877421387203387,-0.0075917569545069785,-0.005594441635748775,-0.011097896975704725,0.007286792631334825
2018-11-15,-0.0018091313666152241,0.0030296608684482417,0.0038301853321514494,-0.00622510439659113,-0.009247501711904098,-0.010288722123719398,0.00027367646111845965,0.0002669869342432508,-0.004438780366351077,0.004506175358395817,-9.70130936572642e-05,0.0013790149260011614,-0.005392831287126632,0.0034468460212221065,-0.003553010869314916
2018-11-16,-0.01060956905815236,0.009229663779311574,0.010495572402361398,0.0075090414059960815,-0.03195397520617991,-0.023708471508536454,-0.008276579412733404,0.013806488830145448,-0.017261717707242608,-0.0024758426423585975,-0.003008169600047135,0.007372530115534659,0.014156777339454226,0.027795295168996866,-0.014998905726856651
2018-11-19,-0.0072711796700658336,-0.002945803824888002,0.003623748262871991,0.004715315486274022,-0.006922492611017034,-0.007557489335302141,0.008316946517055357,-0.004688845082812849,0.0056824622496244905,0.005376257761921041,-0.005012162080247261,0.003192159351237466,-0.0063983388810934065,-0.01050241096615725,0.0038809541443774655
2018-11-20,0.0003592613711368587,-0.014634396121989024,-0.01910578764865351,-0.01301595551112934,0.019541442374779585,0.01759063217550193,-0.007448231112712425,-0.0028005710066506748,0.00902108590527033,0.005259756744043862,0.008878256588388629,-0.003645429608557708,0.004460929120474612,-0.0094360698900465,0.00109909005525256
2018-11-21,-0.003175536286836991,0.002720486718734228,0.0015106570685099055,0.003311204841894635,-0.0012190290278044093,-0.003421572530914433,-0.004453280900231996,0.009281748707278645,0.0005822029336024302,-2.0035764957005136e-05,-0.0012153635053848428,-0.001158929075960556,0.0011275624134478484,-0.0008473624606546871,-0.0052111278602157115
2018-11-23,-0.0002871679050014007,-0.005103640985737086,-0.008634283320474489,0.005487431381222949,0.0024921862208592436,0.0026022427531120843,0.019817313935873233,-0.01661621382431414,0.005587674882609702,0.002515105686139787,0.00809139631494187,0.0036256075826634226,-0.0005686068908494855,-0.011461085122775251,0.020158931097114648
2018-11-26,0.008068276483606298,0.0070771547772599495,0.010460677444960789,-0.0021964296255609864,-0.0038050496811548934,-0.0006093648913938648,-0.0006034125270640899,-0.002041475870268667,0.004876082222113611,0.004332226647975723,-0.001860266906351573,-0.000826684924742937,-0.0016347063715857059,-0.008892885426953233,0.0009362600171618145
2018-11-27,0.0038314942374120878,-0.00037113534872637924,-0.011577740224523427,-0.0013256553090775572,0.01843339710727046,0.012360675276330906,0.008982792728727637,-0.013920158271152245,0.012004208787127355,0.0003487361206112663,0.012760874511061858,-0.010032857160313956,-0.0042077687591534525,-0.016125201283916812,0.01012659954119608
2018-11-28,0.0008546724534651551,-0.0025092960346384096,-0.0035160412470336493,-0.0051980183829348605,-0.0007512469542918865,0.0010292428697102544,-0.008633440813913778,0.00495299103171913,-0.0065472440928577985,0.000703739184389409,-0.0051741544638917005,-0.00316175636456486,-0.0036164849426437314,0.0030372046075408015,-0.005789140723541465
2018-11-29,-0.016545880965225628,-0.009841091340884555,-0.0009618003074195423,0.006358630782684321,-0.000723419032883674,-0.0057043923434525814,0.0169049737944402,-0.013399858103283525,0.0054648101519102765,-0.0038484214056036673,0.008293352322532897,0.0004784723583170407,-0.0021895156885466385,-0.007521682585655075,0.016202959987531206
2018-11-30,0.0007328409520530738,-0.010382293382830646,-0.007362564608206464,-0.002015766315985053,0.005522289423558596,0.010138653094620243,0.0011112119798949629,-0.004858730342494068,0.007563294845091117,0.001036902529453711,0.0058637908574051545,-0.0020814944373396104,0.0018504825076517527,-0.008566206866789165,0.0007079602026787979
2018-12-03,0.012663895804982995,0.015619428448730939,0.026848481332609572,0.010060488594279271,-0.017237039786817707,-0.014709114548168568,-0.0117908515323037,0.013034558183208193,0.0023945917281032597,0.009205483965283406,-0.006917477150941653,0.0037593441563178523,-0.001770479585170303,0.0006966247336649828,-0.014015839247039238
2018-12-04,0.018784302430870883,0.013799752743510382,0.009091691117123888,0.004124704253104598,-0.006502167724685562,-0.007658523744306749,0.003501320207607679,0.0016634392864504945,-0.0007382853025905364,0.0054968662545260075,-0.005599857266378128,0.0053681423365583006,-0.011934151853217913,0.00011229678295438927,0.0015622191510733224
2018-12-06,0.0038800062618659995,0.0013500263938850052,0.004538835662578518,0.003239538437370716,-0.021745528541656046,-0.016142520548749418,-0.01945162841056606,0.012093844982571406,-0.006588566144586366,0.007655944277864712,0.0004502080666064015,-0.004254226070241373,0.01204546232987511,0.013377463579654969,-0.01983958359394815
2018-12-07,0.0033742106227329896,0.0006717895461297915,-0.004924336286724496,-0.003528081585823642,0.0070247299575143685,0.006237048113655122,0.0058470144746750954,-0.010473113000576732,0.008338498196436932,-0.002895723653348629,-0.0011609060952932166,-0.004371040183195064,-0.004480956774272323,-0.016107080703817285,0.005130175961401469
2018-12-10,0.009674794761910969,0.007691243958883309,0.010006763301853848,0.008280744031520425,0.0035229007772776683,-0.0015147436679776582,0.0015887210453005849,-0.00017051838405178748,0.007854930569340302,0.0031012547507346397,0.0016701288921507906,0.00355130653413483,-0.0064515976249503405,-0.006267432433346668,-4.7102745373199615e-05
2018-12-11,0.007212310220229811,-0.0021352824599239068,-0.005732944502757669,-0.008186951236981606,0.015025084614395367,0.011609176909994471,0.004862650683307809,-0.0048064724821688404,0.0024265320586095897,-0.001550727285602493,0.0027910163665576856,-0.0037210273082025954,-0.005896757966594667,-0.008698718120407093,0.004292740582190022
2018-12-12,0.003008153564956024,0.013791764251699803,0.009063040547825169,0.006352472756496763,-0.018483309374149447,-0.014944075264391048,0.008944724112019672,-0.012167224384168663,0.00033489022658766965,0.0036927230200230927,8.108388988854742e-05,-0.0005980782090055127,-0.00221985083646495,-0.001815501284425286,0.005921412817514143
2018-12-13,0.0005178879332093447,0.009735685787689768,0.007335073838233255,0.0039350159454532956,-0.021210791837106578,-0.02070474912075806,-0.0029813338856741374,0.006270027541019543,-0.005464209568754194,-0.0004842922483868882,-0.006551062191389345,0.004816103508791135,0.00024345204197612214,0.009019349906116761,-0.010312627052930163
2018-12-14,-0.01636738794329827,-0.008173015957065387,-0.004755990272805318,-0.0017575020625594587,0.002681212947158444,0.003462217851905605,-0.0026290165048145006,-0.0014307884183157107,0.0026103131075148646,-0.0032615808724452203,0.004408936204243513,-0.002439867714667039,0.00727654383006477,0.0003139732348990225,-0.007319942713642617
2018-12-17,-0.005759329902476553,-0.003955057457392608,0.00010451482399189164,-0.002633284468900071,-0.0009223341309356224,-0.00019784946616512814,0.004310618871875772,-0.002247646919725423,0.0003520693375981157,0.0012074180710082468,-0.004526375696992823,0.004025172818010442,-0.0009400010172358949,0.0027375297800801956,0.004272497081076915
2018-12-18,0.006833570168034122,0.009916994852867879,0.010165077133177203,0.009429819784384428,-0.015935484183149252,-0.013018777257739443,-0.004579292252277038,0.002062441654583594,-0.00963261608263875,-0.006684202951761585,-0.0071108007978066615,-0.00132483503377814,-0.00539065563869499,0.0054782853204982315,-0.0031800062294301094
2018-12-19,-0.010056568176182824,0.0034413144500281077,0.005735940328879615,0.0029464727828116856,-0.004645717635315693,-0.0038049238387203414,0.004413364231359993,0.0007470679126192828,-0.003778961506322117,-0.0008157391512390762,0.0020014841767268046,0.004777245673665352,-0.0004981609443981891,0.006539809816113972,-0.0019451896054494284
2018-12-20,-0.0034588155059282304,0.00856049113120868,0.01038228789117332,0.008865050432175368,-0.02790916248255013,-0.02389003025750801,0.005265459753846569,-8.886390639480449e-05,-0.009798763381154492,0.010462595266929818,-0.005353663224771231,-0.002018183079472529,-0.0030613658719652534,0.005318369795738041,-0.007530056039750311
2018-12-21,0.0023557748819646625,-0.0046716558807201325,-0.004648765606794121,-0.0037777816570505746,0.012461054695975061,0.017953934140628038,-0.010399479994795267,0.008243406747784161,0.003615075281761637,-0.005371568448400754,-0.0014459863792629646,0.0012926627324967854,0.00032106937053716714,-0.002564024884433174,-0.003450581150911451
2018-12-24,0.0020423681824960974,-0.017657414590201925,-0.022027793327131354,-0.013843858715932945,0.02220703930920472,0.012996750404470458,0.03309317905384531,-0.024402751976743155,0.009219804525122922,-0.0009581822563556053,0.00350495709425111,-0.007359354871155608,-0.013835649934526524,-0.021963323057941877,0.03446887067858981
2018-12-26,0.0006227384390262419,0.004262601801492497,0.000382371649364761,0.0044393955227650505,0.008327764847024705,-0.0005341869134937848,0.00722910349060291,-0.0073649808540265545,0.010270093297011205,0.0009541111531020472,0.003830974135227409,-0.003983850383686215,-0.0012545345489668406,-0.011523969993259414,0.007955759271630497
2018-12-27,1.3435815340200746e-05,0.0013844412662810624,0.005221859443401608,0.003693434781847604,-0.0014478746670490497,-0.00014873512734337162,-0.01388084982473234,0.01179908704606327,-0.0008349521736448961,-0.004473614102126036,0.0018696094105258624,-0.001915465189733463,0.0052120237106231294,0.005118875257829722,-0.01817972635235219
2018-12-28,0.004748905005125308,0.001739873976286956,0.0009138255102051724,0.0023534827530624696,0.0037564439720087295,0.005430518943244547,0.005077252280517881,-0.0071332066231455295,-0.0003891690208127248,-0.006488795619981887,0.001938477062361864,-0.00586143612954952,-0.005748817414970402,-0.004725025241309136,0.0025756244571956697
2018-12-31,-0.03041746458177587,-0.022531144569617148,-0.027750182515800893,-0.028766170310062834,0.02154789395153168,0.011655872975327011,-0.02989761200028413,0.02453421662435323,-0.009923244236063458,-0.011064843634754323,0.0006196007895216942,0.0025530734803296453,0.010105398119422408,0.012637168005028272,-0.007122610150357083
2019-01-02,-0.0010937191170342676,-0.0006232709396727498,0.00847087445745901,-0.005195921532839461,-0.01888456025405258,-0.007892232752604162,-0.02671616502638622,0.028976968667675154,-0.024410854402972318,-0.0023205392528339325,-0.0173727505891257,0.001981293901293724,0.012451722936963689,0.026879641112540487,-0.017399767141891807
2019-01-03,-0.0013193008738357145,-0.022567220761014667,-0.02153911451844335,-0.02319579910712496,0.018000892218098072,0.01615949138104423,0.009323458961486873,-0.009962673038050707,0.0031219132158552716,-0.006209059349148262,0.00956559625880787,0.005785522507630307,0.0004068725366637542,-0.007761183683833269,0.01593707178752161
2019-01-04,-0.004472236723921132,-0.004417935088306528,-0.009982193116686576,-0.006858717862346325,0.011166497708326572,0.012539366140173196,0.0005309573806369788,-0.0026638563181534715,9.901300934868004e-05,0.0024095893359273052,0.005034132528605548,0.0036696095274147238,-0.00011356757999411021,-0.0015122761434690057,0.0075756595487331355
2019-01-07,0.0096419562568421,0.0020149192971384636,-0.0025954994768789437,-0.001909865454632939,0.002427533965800392,0.0045573970757718275,-0.0035140794772400355,0.0009930098816688746,-0.0059309643282612415,-0.0005590882178787195,-0.005439992933750975,0.0013214766247284862,-0.008170694703115192,-0.00014072103266089125,-0.009237230861509741
2019-01-08,-0.006030554940501293,-0.017465408089665194,-0.010174726112950441,-0.013914188175275434,0.0067893613651194016,0.004090114841378186,0.012702383163182097,-0.007877678554325737,0.008312768533882547,-0.0025214174681746724,0.00640186233911391,0.0025415325926957093,-5.918757586798051e-05,-0.011428633290925038,0.009762871116280459
2019-01-09,-0.0047525272033103645,-0.0009986584669139137,-1.4770449421634777e-05,-0.010277747159990015,-0.009391535542473482,-0.006737085448954492,0.012016537575278203,-0.012428648418843755,0.010553314972916944,0.004535190213618085,0.007353422201655973,0.008369621552717362,0.007044989591627825,-0.008143895957588566,0.004725745557923064
2019-01-10,0.007305718666163374,0.00910184251695077,0.006097372448528945,0.0036478520367621238,-0.00558649346192302,0.0003860779772308596,-0.0021123706913882406,0.00679692104399,-0.009073949643278931,-0.003125751530937684,-0.0011020392599652724,-0.0005237079584157096,0.001823474714337013,0.007725178349000826,0.005420198640731342
2019-01-11,-0.0009644398198240308,0.006730791213728568,-0.001951155928547727,0.00964145840308693,-0.008090180141915218,-0.007303409268015045,-0.0002494642188173458,-0.005509991215123752,-0.0010150215916010594,0.0019196025305098369,0.003608088188833094,0.0010088915870527836,0.007473153833809352,0.013540223648607115,0.00021824145394758014
2019-01-14,0.013887711053859312,0.004097567662307778,-0.001998822615876531,-0.005670823109223169,0.002087521387228425,0.005190284605141334,0.0028919113126451308,-0.00495095405269463,-0.0019490068221456732,-0.001451039721523416,9.909627192382104e-05,-0.0021277759114666974,-0.005569225597452104,-0.0024901578598750217,0.0019154426508513362
2019-01-15,-0.007962907779840987,-0.009378483910198557,-0.006137653786219201,0.003325604802571016,-0.003822100966164905,-0.00581350942157524,-0.0016557261437708604,0.005756456972161787,-0.009117657861619855,0.002899360636138564,-0.005501272330397523,-0.005904217722853667,0.006070879261406468,0.014131139327859173,-0.0076266306237307065
2019-01-16,-0.000342334739867862,-0.004718866204577055,2.8159631273219285e-05,-0.0006337147382573828,-0.0026152681554895006,-0.0021401693227278066,0.01046405170702483,-0.004883436459095969,0.011164613525363494,0.0034000221761436526,0.008709977534253024,0.005225466466511111,0.0005646344749609487,-0.005651643163470441,0.009491531160325398
2019-01-17,-0.014757942694106322,-0.011113119952794612,-0.0034984249440110048,0.005878229767180816,0.006416411490293071,0.005936829809224404,0.016891168020306737,-0.014893881941166682,0.007463743672129642,-0.011677142201306317,0.002069017699900406,-0.0048826243685718,-0.00450801028993612,-0.010571552665540777,0.014673091351970074
2019-01-18,0.007874884076126186,0.009120712133749296,0.004921992296624177,-0.005120150901714932,-0.010330261488093087,-0.007816355921636486,-0.010285520639817792,0.004553874506721775,0.003149686205927567,0.01099069752277721,-0.002951792517535289,0.00555376147922821,0.004878824166593824,0.004102731284691276,-0.011861502173983213
2019-01-22,0.004213306995563561,-0.0026762038068969024,-0.006492836577020713,-0.01610974190934652,-0.00032240251521431507,-0.004772012340195406,-0.00821907775176278,0.01324797957401492,-0.004030725867482876,-0.0007867407636360645,0.00315018857034713,0.0006660491285593291,-0.002459709762829192,0.0024620765166003694,-0.009958345312011467
2019-01-23,-0.0025798735989488557,-0.010494700405261478,0.00274268882716586,-0.006354486046687266,0.008265044280215291,0.014313308648269294,0.012492048666818082,-0.015687996708857267,0.0027275348227997374,0.003111114100433285,0.008575007062368844,0.005915573670738052,0.003903028084858296,-0.005678387155650605,0.010436223408852884
2019-01-24,-0.013871932596043086,-0.013015638399597332,-0.006632183354296635,0.009433912317094766,0.01617907485426107,0.014617459946978509,-0.0012470287311181997,0.002514507501276065,0.0029313833206470845,0.00012433772800809692,0.0038544996798007096,-0.0043161846631184775,-0.002637686267104958,-0.00710811146511367,0.004842566200543434
2019-01-25,-0.004326405843391049,0.004742477988280387,0.006317431100218828,0.0006539309694201247,-0.008255236993458133,-0.006814052350526007,-0.010442677113110161,0.005122948156745818,-0.004733492885660937,0.0029766141238693157,-0.002116612940593708,0.003347891432862825,0.009901072606050757,0.014617392196416076,-0.003513087382189164
2019-01-28,-0.0034635923780199297,-0.004026042500713539,-0.005944167232295982,-0.012090903912762827,-0.005801375210797324,-0.005513163245650321,-0.004955606714988823,0.0031227835023181602,0.0023919803792986478,0.004039176211270867,-0.00031524774532747167,0.004490562671309526,0.005923707171131538,-0.001271484654688777,-0.0040260275138020865
2019-01-29,-0.0034651783212817765,-0.00797041813658694,-0.007568565766713265,0.004353884515233539,0.013623177941204176,0.012505073845173763,0.012343908962132381,-0.01110153620743032,0.004308888195220761,-0.005767450820669987,0.003193983548454734,0.00014434107487393266,-0.006204287864321813,-0.010339370537915322,0.010222069450620526
2019-01-30,0.0025667177553647964,0.00020208727794829122,-0.005342867647575889,-0.008519953168244986,0.00554590112327188,0.0006250502683429245,0.014088067831868265,-0.015238199784340798,-0.0006977339992253386,-0.010738940096537008,0.000957697130802385,-0.004384410965686539,-0.004781822737765345,-0.007130471201406491,0.010151239267897716
2019-01-31,0.0002304292782603806,0.0018655822000788799,0.005914286443675801,-0.001880118942514016,-0.0011651388730623334,-0.0034082510849151966,0.003768785465194573,-0.000786151719114844,0.005612500827088328,0.0035358282344514188,0.007949568032047986,-0.001998014878115163,0.0023445243033231324,-0.0033484625792465387,0.0002500958407820952
2019-02-01,-0.00135501152679611,-0.006359733027156063,-0.005483125630318665,0.0004679288512187806,0.0036493275993477077,0.005689582914237342,-0.006219396401084263,0.001048857041085702,-0.0029536749823483813,-0.0003188852107287622,0.0017920964385440222,-0.0035594911911160767,-0.0031921315831975137,-0.002217418402656818,-0.0006341639191870148
2019-02-04,0.0034255012258999017,-0.0027885896637609275,-0.004769981191598917,-0.014740389867605825,-0.0017967224615761841,-0.0005808837293082938,-0.0008712416309249304,0.00309399793186119,0.0022316241002265586,0.0013839255633536045,-0.004951580185294952,-0.0033847015493308043,-0.002607659930827795,-0.0009994309233737264,-0.004540358682225885
2019-02-05,-0.003305402595066966,-0.0014928325679169007,0.0039026967051534345,0.0032345344993438313,0.0004304635577500683,-8.892225024431926e-05,-0.002451408970470745,0.002779381339712207,-0.0013018369043627201,-0.006076634963306349,-0.001989853758686174,-0.0004891807312595573,-0.0036953928832048335,-0.002430062950136213,-0.00386343920908632
2019-02-06,0.01144858024974775,0.012327137285763666,0.013875507686505108,-0.001589990822935896,-0.018254633998817955,-0.012775537071832889,0.002145597442106657,0.0024647578478790722,-0.002508646448867293,0.009325444808418905,-0.0035902581571422756,0.0008608026664949243,-0.005951104614953956,0.0028277241097902804,-0.003312866604630646
2019-02-07,0.00983674945499946,0.0075427328307328834,0.0018848699788138273,0.004365750767139962,-0.0034835569251475077,-0.002171496737522826,0.0009755991872998333,0.0016607010796330646,-0.0014023878267756186,0.0037642579460492663,-0.002004303598501062,0.002859952316111073,-0.0012501217208115145,0.0004861897028622783,-0.0066466763384841025
2019-02-08,0.0026270738913406473,0.002361079019651123,-0.001481588813657979,-0.003182768925395908,0.0016286481790121988,-0.0005728302722111138,0.003946807213672053,0.002281900911521412,-0.0014656826002783637,-0.0018248335138848545,-0.002699770687800627,-0.0011090494791917889,0.0008651082606301662,-0.004380622647936591,0.0035854574870211675
2019-02-11,-0.009557013252055165,-0.009554758149243735,-0.007982131985733689,-0.006593729810253789,0.014539800359815445,0.014290212580450452,-0.00013519572819589015,0.0008313204997461125,0.0017542822156195806,-0.006254602756626234,0.004758201810233386,3.268821714915576e-05,0.0015547048659470628,-0.0037065092874018074,-0.001063755822125867
2019-02-12,-0.001872036789428623,-0.0024049838475996765,-0.00686774093363712,-0.005236460432324168,-0.001680772414449094,0.0006137135641963564,0.003964088619548747,-0.0009871639667008618,-0.0010469893932891503,-0.0041943745628658866,-0.0043454936833449195,-0.0030806249524926166,0.0015048791010509072,-0.0018976530112138675,0.004289335421048048
2019-02-13,-0.0005951262542628873,-0.002432243620377549,-0.002637866335711701,-0.003139458217635032,0.0064710595709710815,0.000474516664128743,0.0020844162912293466,-0.00045459587814290444,0.003167720571731145,-0.001149623424993402,0.0021743152767770384,-0.0020824005945542577,-0.002064746156631566,-0.00798043933086186,0.0015348030476306509
2019-02-14,-0.001641068499856178,-0.010988285402368026,-0.010604531483182928,-0.005712886800666301,-0.0017061514948417391,-0.0015376744228634883,-0.00022142649307148668,0.0033633108765613907,-0.010203242927788483,-0.0017468017995253549,-0.007655958002195649,-0.006109207419458595,-0.004170800712229281,0.004545169535584275,-0.0067348271371790586
2019-02-15,-0.000674032785763958,0.0037685177378549498,-0.002762163079092013,0.004196212036915329,-0.00042503224560423237,-0.0009862937108379493,-0.004770401316132574,0.00882831483252218,-0.0040044763742801415,0.002987826460803417,-0.0031587280495562584,0.005377061987312801,0.00441404839856238,0.005290954400499603,-0.0035318838885061874
2019-02-19,-0.0036917249805303387,-0.005921337117874951,0.0032971846576374344,0.00100345497190298,0.0028648701764462077,0.004666971315079252,0.0018855630789599948,-0.0005868210040812345,-0.002670371528844988,-0.004889848637735028,-0.0003292813848684506,-0.007791777352810716,0.004526315533973815,-0.0032116135170870974,0.00203480168838253
2019-02-20,-0.004326993944699577,-0.0016433688924848765,-0.0017679051121548383,-0.001992350078769493,-0.01003956223154903,-0.0074840365194490215,-0.008247313510563152,0.007040709300560583,0.0010360774222339202,0.005262981640014615,0.0034199136790804,0.00464020166070642,0.00187035632984049,0.0045946453127092245,-0.004891802457177101
2019-02-21,0.010156345243338052,0.005020259311318368,0.002562144226053836,-0.002530925027160907,0.005899113976233319,0.006808934848654641,-0.0014236144740110215,-0.0056783867010815866,-0.0024468292658843017,0.0031643314913690507,-0.0026003179682662046,0.0046279374870426895,-0.0032176263793855815,-0.0021035203173450506,-0.0032060807987880696
2019-02-22,-0.010632758713976353,-0.0024151455319039224,0.006441782121860505,0.0023267026318813284,0.00934124100497364,0.010854337602011592,0.0016269378368307715,-0.008222825708430167,0.0040140362187204084,-0.003985002207141975,-0.001456372225797589,-0.002561536379317873,-0.0007551212224433169,-0.005655797736000955,0.006260665564462409
2019-02-25,-0.0028000866469694015,-0.006286263769090448,-0.008247015472890496,-0.0009261316641437662,-0.005351443404824609,-0.008607363539989208,0.0024393116923059712,0.0006577361705735222,-0.00487334594400646,0.003985655229295047,-0.0010312410434879246,0.004331560388855179,0.0063336989760169726,0.006220506512638925,0.00223129427788102
2019-02-26,-0.003623797955475675,0.0012115982124746478,-0.004230116287828928,-0.0024807814375298306,-0.0006891435532480649,0.0011279967502392128,-0.0020649534667174724,0.0019516620468980213,0.002896755214529909,0.0003382623510868449,-0.0036798669483483416,0.0027032527776886363,-0.0037884090748990023,-0.0023407034051062207,-0.004768544640481931
2019-02-27,0.0058135317600792585,0.0035597520366699334,-0.001155479704063267,-3.6835740740987465e-05,-0.0027571668954050636,-0.006097674597318839,-0.0025977358629136775,0.007023487820970675,-0.0030912821521549673,0.002194313076432507,0.0027869983413730693,-0.0008086981911300686,0.002324937978028149,0.00434580041115293,-0.004951598818814116
2019-02-28,-0.0019907415198168452,-0.008967410428976154,-0.006816205528231336,-0.003030188341438541,0.004859642417175045,0.0011330408533255986,0.00044510627793391613,-0.0012943697771473509,-0.004070522737793053,-0.0028092429502095118,-0.0024663383818609233,0.0023117142848190905,0.003000210429744775,0.0016817273928234492,0.0012899846915936583
2019-03-01,-0.004461574943939368,0.008267362056259128,0.0054552964133912345,0.012302147770114576,-0.009035040319913222,-0.0069339981475824986,-0.0057983832265631405,0.0014944918073356876,-0.0031271039840376253,0.0014854257770206018,-0.004037891933275941,-0.0004479342703527737,0.0007398722068049871,-0.00034668430011586,-0.005693476503816844
2019-03-04,0.007705637773090304,0.00401281301068617,0.0010242696358838121,-0.00022125307400621243,-0.0022670710517198947,-0.002301929160426198,-0.0029276433985123327,0.0030837162098744045,-0.002441585419186691,0.001582508609507871,-0.003193854945930613,0.00249478212764196,-0.002366389614474865,-0.002166677002779447,-0.0017668913603437026
2019-03-05,0.002100700805978144,0.008667931478420906,-0.0027094639650380534,0.0028831023849611396,-0.00684823101851038,-0.01290718947412774,0.005082804317327886,-0.0024576929606708164,-0.0002460586410661606,0.0010207098748123856,-0.008580970042843448,-0.003164206632514684,-0.0020090267273513655,-0.003291998165013202,0.0051334240476725405
2019-03-06,0.004386935443835782,0.0046412260746614515,-0.0006119979241719035,-0.010047300438071569,-0.006596098789648622,-0.004492555121606068,-0.0003886876396596156,0.0014898926049958516,0.004449266586768586,0.0008182770349875797,-0.001970679288508555,-0.006375302228507924,-0.0035665635240492866,-0.0028960756791400217,0.004271459675379199
2019-03-07,0.0016366926734277133,0.0038502141866203726,-0.00019405261085070347,-0.0023650991620344144,-0.006538492430067761,-0.006331263829857608,-0.000399527328415324,-0.0016244714901392286,-0.0004624623738148912,0.004769461978653047,0.003887554552639706,0.003026373627836381,0.004819401799622763,0.004018609190380091,-0.0021184133640252028
2019-03-08,-0.007580507829093765,-0.0053977786379702086,-0.001646609852934959,0.0002910843035200013,0.00023336462396882085,-0.0026728542803966214,0.009116688650141714,-0.007264221815788806,0.004979107495859643,-0.004191243139838737,0.0016140165032383774,0.0032376485649837795,-0.012757513443313679,-0.013076317751988987,0.006417279425715057
2019-03-11,0.0010754048332797198,-0.00594551746459291,-0.005770162189774284,0.0005163583999623332,0.004615404640383622,0.005347383386364984,0.002364561610622365,-0.002140264321150263,0.004402654569174726,-0.0030764970219405822,0.003626581609278949,0.0018252306337583745,-0.004340098683622252,-0.00801881995664375,0.002191015855661256
2019-03-12,-0.0009551477801538547,0.007050116749497586,-0.0018361102098236048,-0.002253247280194445,0.008564230766302541,0.007787161154515722,-0.0029897657115782288,0.0008796343720579901,0.003933194249400968,0.00151329825142715,0.002300661090431866,-0.0014390599270363911,0.0009017447140174358,0.0006100121612532556,-0.00038017291459674623
2019-03-13,0.0019057873430799745,-0.0030665621156368335,-0.008965854095117284,-0.0045777750852217984,0.0014421873054358456,-0.0015440417070443264,-0.0034402457554426878,0.0019294033684466847,0.000767277125992949,0.004513094589564319,0.0025680902271525844,0.003935593437483549,-0.0008075297276917484,0.002138776713099308,-0.002352288936114748
2019-03-14,-0.0049661678566015575,0.003847716186468474,0.0007707834745879717,0.00393573593987096,0.003944881513785803,0.0009428585986047282,0.013083033634452824,-0.011726003399251034,0.005522641879070396,-0.0008365856737735195,0.010145055393104258,-0.0033052990494740067,0.002109800961736051,-0.005381457416872411,0.008651982990891295
2019-03-15,-0.008784687403744123,-0.01187185899114549,-0.0019935004307090115,-0.005345472928197082,0.004963976953354747,0.007248101520667228,-0.0014241490189576306,-0.003998308766630429,0.00047601356229340797,-0.00034060949262431153,0.0026892402346390225,0.0009436759476094286,-0.0009516836575328871,-0.002594419686024638,0.009121751535266648
2019-03-18,0.0062006422139854215,-0.00036736009732356626,0.003752448932672226,-0.00447976308154118,0.0134420811365599,0.005811810406933124,0.004900935326584865,-0.011356668907404948,0.011764435543749388,0.00181737638907961,0.009264856078134516,0.0024376822538967596,-0.0056862118214794505,-0.01547098270336678,0.004605663317866649
2019-03-19,0.010169167734091076,0.008099213187658709,0.0035320409849500982,0.005701777695002189,-0.001619509343278324,6.600797966368078e-05,0.0027966201873315232,-0.005682702335561769,0.004758330018281405,-0.0065040937972094485,0.00047729542131030867,-0.0006232207763192821,-0.009337876819831139,-0.011191800050020942,0.007343534093841461
2019-03-20,0.004952069128844058,-0.0025059545625862704,0.005956845499244075,0.003295952978410642,-0.00042769234358362024,-0.0020006825869147496,0.019209381475248886,-0.011885302406614527,0.013609132237588202,-4.964670587742897e-05,0.010319421029711591,3.9813574715153593e-05,-0.010364018471022614,-0.01788941145331908,0.013850515611314984
2019-03-21,0.011556496555039167,0.010547750709768405,-0.015069938110338587,0.0035663227679324228,-0.015184103548305614,-0.012407386948184303,-0.001796445288243867,0.003280007105602445,0.0035085993999680112,0.0021771223214416754,-0.002946775040541541,0.0017209433613185575,0.0020902500788736976,0.0019958452970534613,-0.004911253341145786
2019-03-22,0.004749886701934237,0.003909216754685823,0.004609790664528725,0.0005807631945153012,0.0034243094887313453,0.006275378609213177,-0.013146980910083109,0.015164309286211593,0.0009312172561765199,0.006558252262690884,-0.0027030226491945785,0.004279037037968714,0.00723888941595343,0.0020883144632266805,-0.010487592816099622
2019-03-25,-0.0032811634583472986,0.0017264843738042032,0.010187325561038173,0.0038067895809364583,-0.007639419358790837,-0.005179147067755347,0.001012785843869374,-0.00022976468553226586,-0.007086054485274825,0.002927097972512239,-0.0009897257264616837,0.0014656666532620322,0.0025224840612833406,0.004673504970232791,0.0031393843672925634
2019-03-26,-0.005565472862926172,-0.006203326947855822,-0.0005187695120246567,-0.0028762224487180413,-0.007626633971363626,-0.006594075482452499,-0.00442304899249219,0.01000439374167494,-0.003949838955879853,0.0009109613138316046,-0.0018551355066438536,0.004429259893768844,0.006110904955862753,0.0069409350180263465,-0.0011267738742123732
2019-03-27,-0.000743389164171028,-0.005435797980560914,0.001662162643160262,-0.007895210263740779,0.004584555231911488,0.004764148410238372,0.0022716338841010865,-0.004751176994403694,0.004908413400886483,-0.0014343713714002914,-0.0014375132260396146,-0.00406962895294072,-0.004543315470741568,-0.008123579629709778,-0.00084960656366355
2019-03-28,-0.006879017255606562,0.00031207365088151313,0.002469061186189017,-0.0015753631535057417,0.012110218057590603,0.01023587802152071,0.00245884808549601,-0.0022613520559386343,0.004591403681029105,-0.004524221733802276,0.01060847729225237,0.002629480805042229,-0.006921899743675065,-0.006462428251474599,0.0037360387474307576
2019-03-29,-0.00911932611554831,-0.012764773845824607,4.456946451101597e-05,-0.011025227059665821,0.009415579368162407,0.005400639187204745,0.0005523959051864872,-0.008897053224321456,0.000874702875781631,-0.006300450374899437,0.004860517295451597,-0.001769091229404789,0.0021113449718569623,-0.0010338631345968227,0.005290817215336797
2019-04-01,0.0015222514950605991,0.0016513448009119389,0.0012697137356563538,0.0094576150012156,0.003333144957103922,-0.0020403557888217898,0.0035889622282111056,-0.0067266879881959386,0.004388248389104143,0.00319418988226739,-0.0001489772180100358,-0.0017749258435788087,-0.006892667646210231,-0.009273985994056084,0.0016839601476769848
2019-04-02,-0.004027342919010566,-0.0018067935057809277,0.006716243178739238,0.003186670135409752,0.007107868773589637,0.009869860729236816,0.0016860799342074935,-0.0033136094101331344,0.009326958708491283,-0.00095877359040039,0.006830307684066494,0.004063862519087894,0.0033593036206274896,-0.009627078599498863,0.00036403205183374414
2019-04-03,-0.009449734051724036,-0.005413868147762132,-0.001911500662290815,-0.008129798392060801,0.0013374505409997363,0.0030031338719047644,-0.007370968189889104,0.008547624764021048,0.0003324164627603026,0.0009392931434690729,0.004939956176649414,-0.0017712945536740854,0.009276062768788694,0.0079894936155766,-0.003928623418112993
2019-04-04,-0.0029935193922814157,-0.0071785530350692815,-0.0030327266077031755,0.004402548727035832,0.007027219408093855,0.008130446434874122,-0.005839181138444812,0.0008813677314401663,0.0034991688486289575,0.00040464592437070967,0.0020453627953326836,-0.0035287641311354387,-0.0068707370922751684,-0.011073629500715793,-0.006850078755337192
2019-04-05,0.00012100177993090713,-0.0020556272366519376,-0.0023782110345429088,-0.00017185418766716792,0.00417463482844224,0.0017567670259029627,0.0005126469467083204,-0.0009434541806111394,-0.0009315334882309692,-0.002665024599488369,0.0041914154461375926,0.0007185138507966183,0.0023386245435884634,-0.0003877176996463479,-0.0014288760607726247
2019-04-08,0.011895953443527644,0.010564005957574363,-0.0020490221249034185,-0.0010545578206616005,-0.0028974467559349593,-0.0005340038930582809,-0.0006875221452063004,0.0008438375760329601,0.003498488719733645,0.0047349995427103326,0.002298083158705836,-0.0003026995996438329,0.0027568335035492216,-0.0030805475326156047,-0.0041446414112186365
2019-04-09,-0.004220446739461904,-0.0031229862404312664,-0.0005387379326658283,-0.004690545567889834,0.001591927343562647,0.002599940852691528,-0.001437541216448626,0.003553903937481274,-0.007526641011218096,-0.0012056639220261352,-0.00886330068746137,-0.004841836614710017,-0.005343227231469043,0.0009261404288450105,-0.0008784524249765861
2019-04-10,-0.005352920384818854,-0.007751659438405273,-0.003817015476729472,-0.004133613326542618,-0.008747665673071855,-0.008373272203141597,0.002865626336937457,0.0018072428585447326,-0.0071148313420943445,0.0005596229964827432,-0.0019055959599335707,0.003319588620552128,0.003156425078248566,0.009106710004905684,0.0022582742514736377
2019-04-11,-0.010508654396567708,0.0026482052530243973,0.008679263751490212,0.009297612503877941,-0.0010905445002546417,0.0027211044859371137,0.0019033185388024208,-0.0009977757280068209,-0.0033691910371911873,0.0005573724030675615,0.004436716661520872,0.002008203073021459,0.0005959346276836692,-0.0008223557196464929,0.002944794401067448
2019-04-12,0.007819062035446012,0.006637605292081614,-0.0021232179498997883,-0.0008734693872389501,-0.006889801403625326,-0.004958698138015199,0.0038405710944863433,-0.00251808872866603,0.0010517271821091135,-0.007946983699269008,-0.0033201253334912313,-0.004550551943140601,-0.007339030684879215,-0.0030502532840217984,0.005564814894868015
2019-04-15,-0.018981097955583434,-0.0037883007561611928,0.008925091828351439,0.0053369025827328335,0.011579774971799298,0.012443920427498017,-0.00828353017413078,0.005316931210407893,-0.005566501153749647,-0.003440696534459908,-0.0021544930285024443,0.0001375114951303099,0.007014249673955776,0.008238759857633006,-0.005308545606208914
2019-04-16,-0.00934842232010915,0.006406821570283497,0.006441439547560992,0.01304558381558639,0.00011512220765407498,-0.0003438872740442302,-0.006591711452641819,0.0008050457827477172,-0.0013843107433441477,0.0026314775839999345,0.005693371937473797,-0.006019288649903418,0.009855376545436313,0.007807134866233901,-0.0005989079042031833
2019-04-17,0.006232180446941798,0.0016525737719505864,-0.002643800235825743,-0.0034273117336427092,-0.002448049535130572,-0.0015712304133094026,0.0002825727585573593,-0.0008490594622618702,0.0070093305099389654,0.003521099536260894,0.003815539517435013,0.0014935855296100658,-0.006797011049668128,-0.006412332216141575,-0.003082228845840484
2019-04-18,0.001753878490287217,-0.0018916563372526796,0.008213053887055058,-4.408616457559061e-05,0.00180938728650975,0.0023510129756315556,0.009367690852468172,-0.004180755061388145,0.005598552114037168,0.000779767817322646,-0.0036846220911853104,-0.0031490187181654754,-0.007331107408686508,-0.01506075550556922,0.0034805979128111576
2019-04-22,0.004011550292443607,-0.0038504559157384755,-0.007896122632776795,-0.004422417973999174,-0.0018338055751014465,-0.0009182604142569349,0.0011449247732657035,0.002710106012966982,0.0036154927975331624,0.0010196412072123844,0.00605079755545763,-0.0017375998116417705,0.00043030201370827803,-0.0029051770413842364,-0.004982152451300379
2019-04-23,0.003924872634786385,0.005157255388184152,0.0034556215121743575,0.004071281345545915,-0.00289714759113416,-0.0037560685588271868,0.006926553088583859,-0.00295107158691681,-0.0010693963828002045,-0.002410299394526897,-0.0034172737809614767,0.0018280401745848192,-0.0013041222310561425,-0.004849877669716335,0.005712010439248178
2019-04-24,0.008581336804893197,-0.000620635448698263,-0.005047450745040628,-0.010229669771451188,-0.0019814309539949895,-0.004850189424568007,0.005172486074271494,0.0030728432308524344,0.0007857372176583262,0.008026099169139407,0.00034333808985882383,-0.0039507613725646255,-0.004239037327764603,-0.00168612475479767,-0.0031742536627844013
2019-04-25,-0.005128762617396553,-0.0009424919975975208,-0.0029596861234837766,-0.00609648340486887,0.005117807774410111,0.005322829807997159,0.001053656110563594,-0.003743497656927267,0.0002396891365506748,-0.006425677332591595,0.0008127224813663896,-0.0021091035365084707,0.007090454187109825,-2.833712494449206e-05,0.0008968831866329602
2019-04-26,-0.003797557195535095,-0.0038158800604661943,-0.001514595885096157,-0.0004457288879578473,0.007234139302792094,-0.0008609383953805897,-0.006079753202031334,0.0021120290805562306,-0.0036754162306310272,0.0013007069623113612,0.001274306351294795,-0.0007090884324507745,0.0024134499832750927,0.0060486972217010625,1.4273354237389398e-05
2019-04-29,0.0017666178293042935,-0.0029156195914423577,0.003949141570658111,-0.002611935608486214,-0.015715545552858916,-0.013392797681807265,0.012422801960583051,-0.008870702456396151,0.0022016515282222596,0.0005259188487594527,-0.0032247801948122284,0.004506156551933911,-0.0043473402138953475,-0.0037882037426959,0.006401772235188336
2019-04-30,0.0027475487654479193,-0.005783660468724466,-0.0036895447463898574,0.0027580431084358852,-0.0027844734678547575,-0.007251898316062628,-0.0026167943978401987,0.004941927147866777,-0.003974868856051739,0.003795749578499097,-0.003311074946649579,0.004102183033586363,0.0004033708192746092,0.003998455210924085,-0.004660579913737053
2019-05-01,0.003725442238368098,0.002162433858090103,0.0007677400242393204,-0.0048324083976529035,0.004299792583471478,0.004388115163376817,-0.0035604845664126855,-0.0014570370060758432,0.00037034942478795683,0.008865234035337278,0.005020550174749413,-0.003255794002053312,-0.001464532487744646,0.004673974565094161,-0.0015910677768357826
2019-05-02,-0.01435879266639407,-0.0070153173670070325,-0.011258011878116071,-0.0014857486557440895,0.0033632935713503505,0.00938907033164718,-0.005072626829946045,0.0030541086755898356,-0.003861745902760675,-7.315150447436379e-05,0.0016769767765602312,0.0019481898776017147,0.004090164405628144,0.004242061818165114,0.00022709580670381146
2019-05-03,0.0008521375026463622,-0.008734731092448891,-0.00660461939338319,-0.0015099701647530665,-0.0021738931388139873,-0.0008044308428600956,-0.00067621540891738,0.0027980661324125793,-0.0042964945140259465,0.0035034597766409547,-0.001414551684819687,0.0007369041035463954,-0.0031474069603592897,0.004496199818857693,-0.001116513154175206
2019-05-06,0.011300764219630124,0.0007511337524619688,0.0037504307915821045,-0.004862342660184239,0.0035517802565705765,-0.00235663902931966,-0.018199764846274277,0.01195743313778137,-0.004702744922847292,0.002017083763906023,-0.0024470900120693237,0.004166141016295257,0.003646919551293055,0.008257104393134504,-0.009825459862615713
2019-05-07,-0.002029805572507936,-0.004251182502981419,0.0007058001471376015,-0.0002859209700285291,0.0013723558803668077,0.0007551287939389847,0.0046430957267726836,-0.00219151033571209,-0.004896422917173246,-0.0035111759666569646,-0.003058052421330679,-0.002646062250467083,-0.007634058358275403,-0.0036715880944606875,-0.0017257092065789427
2019-05-08,0.009554472278541025,0.0005129846917682826,0.006493667471535141,0.004696655258481086,-0.008069066515774173,-0.007746538557803459,0.006508384971131312,-0.0014683500276673942,-0.001299784118041854,0.008856270020300965,-0.0009580337988626358,-0.002067797651379057,0.0021470180553603254,0.0039831763885088715,0.00256137325195389
2019-05-09,0.0011535734427322638,-0.0038600778261204515,0.00021246144548234125,0.0009544784640747594,-0.011126004617064783,-0.006153972247629293,0.001512290599117835,-0.00342755745154276,-0.0019528866289844047,0.0046220251913003645,0.0012569324782125083,0.005200427376608672,0.004577369466857659,0.006911671174119124,0.0013042443435071452
2019-05-10,0.014276444915694495,-0.0036826915374313027,-0.005187840365841662,0.006076297906246881,-0.01699305974030419,-0.022235947350337848,-0.010188747712025121,0.0113177030875109,-0.005613030145296519,0.0034264302415958625,-0.006315775722492374,0.000738431339338555,0.0038752833991579326,0.012724019415671202,-0.012128002856401022
2019-05-13,0.004924787639759361,0.004706501695378248,0.006316156277377281,-0.0015109194032731279,0.011103298019788594,0.008577118853407345,0.005243273807479425,-0.004048655458585076,0.0004248395645402338,0.0053729688880008765,-0.0017881306866232138,-0.00029489160991421313,0.0014977197150394302,-0.004664687502753246,0.007112112950492213
2019-05-14,0.0034138170595274984,0.005154653262094053,0.000219691678694458,-0.0055891543030131335,0.0014205977489177976,0.005729815097318817,-0.0018873651333363804,-0.009943576244294452,0.008702118570069781,-0.000259023645278546,0.005592530501433639,0.003899624597338027,0.0005144841821722729,-0.007237619860085989,0.003303393326149354
2019-05-15,-0.0014772780697752835,-0.0008851588542599198,-0.0012692029216043897,0.0031110815562007963,-0.0052218880295740126,-0.003801976725517092,0.013524236365304953,-0.009588400583700392,0.0008606524583124713,0.0019009753018392208,0.001927167658568913,0.0001236920068611101,-0.006646400039578258,-0.005478794588068941,0.007399374333300317
2019-05-16,0.007096213214911201,0.0040556580160285675,0.008559978469695735,0.006687303551508727,-0.006930154682196971,-0.01481912870399484,-0.004542897079924809,0.0003985475894913446,-0.005001131255938984,0.0032130667751608145,-0.002999168766622049,-3.311125412437839e-05,0.0011206016081721695,0.009158393757540524,-0.005722772599794571
2019-05-17,0.006680139484378601,-0.003408198265961556,-0.004333853972955357,0.004961994994051393,-0.003177272455538489,-0.0015817856952239917,-0.008105798541054147,0.011398021660352158,-0.008798589174657288,-0.0011947567921560386,-0.008120742629801059,-0.0024545184748660355,0.010409867986641593,0.00973990312103021,-0.009179563786709883
2019-05-20,-0.0016404656142175577,-0.0015277474248909656,-0.0033254410023329482,-0.0031397050051961695,0.0038406659197093296,0.006685550677681725,0.004924458254213328,-0.004198377340850292,0.004956887681927697,-0.006743777136456852,0.0016571823517297652,0.0013465015812483376,-0.0016671683945658818,-0.008191747346908716,0.005702957183355558
2019-05-21,0.007044847568617112,0.003944733519597534,0.007851084985051385,0.014156078606120243,-0.012283684888934897,-0.014710320803940904,0.004701064526068503,-0.0022977097630303926,0.0016999370000468934,0.006520223286742606,0.0035310413617681115,0.0006130397078050794,-0.008669289858963153,-0.007866598269304224,-0.00695344343966037
2019-05-22,0.008191482938244638,0.004120916596089251,0.004556240112486842,0.011980776848680357,-0.014614741886528648,-0.015146870913945126,-0.00889923878719295,0.006046564951071051,0.0038438238847807726,0.0006835849048573914,-0.0022002029462466106,0.0012413401713823324,0.00019279375555172375,0.00021402105322944516,-0.006058407439189392
2019-05-23,-0.0028092829114834497,-0.004637458537595039,-0.0007147603314157753,0.0005806778550214403,-0.0031030156105084743,-0.004003594666850721,0.003669322225279762,-0.001591378646331671,-0.010155073966543613,0.0016903231883853278,-0.008524540567434215,0.0026369472554139367,-0.0024069926138390743,0.0047395292397668905,-0.0010217812523579434
2019-05-24,0.009615744551370488,0.008449453107666635,0.01120416733498902,0.004469190592870888,0.009882708660644501,0.006227943129591711,-0.0004300171113115654,-0.002065526909339908,0.001406524377290177,-0.0069924740556587765,9.694473060430303e-05,-0.0010575221258923694,-0.007643374065795501,-0.008641174452534603,0.001143886320203476
2019-05-28,-0.0015247031947485928,-0.007248690228026876,-0.0014990730853455137,0.003716581008066544,-0.007903075500784503,-0.00045177579045545084,0.005951432540251288,-0.00040373484316181575,-6.289606705462379e-05,0.0024040318716494445,0.003125861205960513,0.0024435303339997144,0.0002745045362772744,-0.003932652064512467,0.0005300751805459893
2019-05-29,0.006529503611893674,0.004436050090922929,0.005057501218957266,0.0033926616313399386,0.004285533056362549,-0.002018430307333669,-0.002030100971975857,-0.0026048562444826134,0.0059802138587414285,-0.0015415654216552122,0.004517213244184771,-0.0015821151796831495,-0.002758820812519573,-0.004762282318927093,-0.0031095435578895603
2019-05-30,0.011117092308517693,0.0044740050709527,0.007291113272601728,0.013906036079985244,-0.007608869377698979,-0.008655568468388926,-0.002661643531381158,-0.0010805519701736956,0.00242402894296535,0.0007436956659009047,-0.0023805587706156265,0.005048422705738754,-0.0021376877047459327,-0.005928445482364996,0.0014056294043823074
2019-05-31,-0.01081506973462563,-0.00948073306082286,-0.004553410385997351,0.0007753808465444907,-0.0012997173029426282,0.0004578554736891583,-0.006721820621793384,0.00937374635976158,-0.0067733419193400585,0.0027430104240012115,0.0011366880195878698,-0.0013946042697315234,0.020920260113545634,0.01845247533116817,-0.0017176226013564892
2019-06-03,-0.02160076592932518,-0.020542184451840285,-0.013405883004460245,-0.027887602911428958,0.01046698168600935,0.012434482875280494,0.022041661955281615,-0.01669065550205697,0.0028954991008573287,-0.00891739350255602,0.010592012098324248,-0.004368392180153741,-0.004177968369337606,-0.004115557988328342,0.024976286419057015
2019-06-04,0.0182523893581788,0.014678215978129548,0.020501369289025153,0.01613133647928948,-0.019044456492253024,-0.021898224658755485,0.019677436893303184,-0.017784235416458117,0.013238981327357693,0.008035658273708805,0.005401682459071879,0.00012160129337678873,-0.008590893653726967,-0.014482655424947859,0.00776706385096573
2019-06-05,0.006678283689376969,0.00971059371783469,0.01169525475297474,0.013161502750696462,-0.008103838617774634,-0.005522984817256282,0.009908393302115676,-0.00830442482771505,0.000603328217175212,0.0033623535795154337,0.004738451434840486,-0.0025687637932411142,0.005185811025670585,-0.00027357113366281716,0.008770447446149632
2019-06-06,-0.00550970765697869,0.0015834452547990037,0.00208513225058752,-0.0010604046238330972,-0.0011033231720168697,-0.004641337016604907,0.00397950902944661,-0.0018509826472470747,0.0054917764585879405,-0.0012597992397270857,0.004538187649946002,-0.005815376555918546,-0.0014366952402386159,-0.006515087757507679,0.0002550287995288841
2019-06-07,-0.008749473822903149,0.002645126186426751,0.0024891582373330516,-0.011944031053966036,0.011105379151051578,0.009157866995523067,-0.001290002657804207,-0.0023285133835330065,0.003567521899477984,0.0028062117189241965,0.0025926895904946476,-0.004417915101074908,-0.005798738675815016,-0.007353867022771426,-0.007216853267568898
2019-06-10,-0.007757707338683983,-0.00890756518373044,-0.012278382564357829,-0.006189374054122414,0.0045460809199907685,-0.003194511319561182,-0.006044056502895742,0.0025738448465599277,-0.005705151573906331,-0.005811686386842178,-0.0026476600148303817,0.006532755047940436,0.009079511110278077,0.008072303198323779,-0.0026100615320843335
2019-06-11,0.01941202510715259,0.008151066160572033,0.007511725136996413,0.007416492138414383,-0.01452671387036751,-0.016553775937787986,0.002200010404445245,0.002583281657679012,0.0009503580857956016,-0.0002931724556708244,0.000977220416026825,0.003565315867858336,-0.004447358369572217,-0.0023349035225928203,-0.003452771048949461
2019-06-12,-0.0076747062215382165,-0.013131760212860364,-0.012382441483903371,-0.012265506889360235,0.012000292752647447,0.012727519399888386,-0.0012589185922784593,-0.0036022273608819367,-0.0014077436730489529,-0.0015933243433560703,-0.00396415754013402,-0.003316219417095074,0.0039675408890081495,0.0038762987214988973,0.005660494491600449
2019-06-13,0.01186278944765185,0.0001480849454815955,0.00014119974613373623,-0.0025584307175479156,-0.012227519705763707,-0.009607846120591729,-0.00703638074446763,0.0066242012599778705,-0.004373022468150321,0.0008499385797832689,-0.0012411849319312294,0.0006973550332698888,0.003131642955160623,0.010463855531850214,-0.002051872372393083
2019-06-14,-0.0031143789646843533,-0.0064441715383658,-0.008132508323248341,-0.004258666576781814,-0.0008268692249093479,-6.338297199873352e-05,-0.001954578335122869,0.002162120478036729,-0.003914420752870346,-0.005681836088701322,-0.007801497000477661,-0.00275117626945351,-0.0075993081670200965,0.0007092902032979364,0.002003442896370283
2019-06-17,-0.0026671761150640957,0.004095771121864964,-0.0018434302194466727,-0.007595597424373657,0.010460450727883345,0.011836031173843393,0.007787056774365544,-0.008997117575193739,0.003437920924565489,-0.001709638822399117,0.005283849784250028,0.0021555316320331017,0.005814905433878941,-0.0042478823161175225,0.009769415503006015
2019-06-18,0.007591691708560936,0.007173893235474411,0.005686318210176489,0.004542333459158876,-0.0015944414157874306,-0.004920914763599418,0.0019700156248302664,-0.0017566922020771604,0.0005541224585688398,-0.002304399679955369,-0.005139861100537662,-0.001842492810582022,-0.008081959165829183,-0.001947805731129632,-0.003402603427915308
2019-06-19,-0.0022829046423682125,0.0008742607150395328,0.0009561609917423126,0.0014841718655235524,0.001946971521356533,0.0014898221419102301,0.0104498232072771,-0.00966976951567122,0.006085595147102394,-0.002908672408257926,0.0011283901218805403,-0.004050538610078502,-0.0022294536524455743,-0.010837526923937937,0.007164375592525496
2019-06-20,-0.0004276304978927123,-0.00011857239757030128,0.0021677505586172527,0.002804434437831093,0.0015710358173229117,0.00010334879668144354,-0.0025691743952290947,0.0011382435433464726,-0.001342980935810539,0.0007298272799814987,-0.0006103501810261307,0.0014917682005777567,-0.001167707908750309,-0.0008532198576587432,0.000842169559624747
2019-06-21,0.005587239826311803,0.0022874216773452766,0.0023917030499411105,0.004861929093570954,-0.008159224695597461,-0.0038786975757123827,0.007988899636739608,-0.01088201005764829,0.002819963833288655,0.0019918356044358867,0.002469833971442993,-0.0027699641055461306,0.0005711117205365584,0.000305802907320709,0.003494818408966255
2019-06-24,-0.000616675691165261,0.001099884872176932,0.0030171100749396126,0.007647241072770142,-0.010172781640628476,-0.008423071743236185,-0.007477483501457438,0.007662958792119216,-0.010501770026140998,-0.003932663515987341,-0.002478791803671376,0.004577158071500017,0.005727390049213091,0.012929847391798364,-0.008166561723089542
2019-06-25,-0.01314602019759294,0.0036776039471216964,-0.00636896886135387,0.004654585955235675,0.01771365188483978,0.017621088681020136,0.001957737802496806,-0.003814118457772908,0.004547058996504084,-0.00875898950417928,0.006206908329508553,-0.0028721638454793155,0.008160629623457441,-7.455917126352753e-05,0.008730366845276378
2019-06-26,-0.009441794373951335,0.0008591080761086254,-0.003239580391984437,-0.005937010894018364,0.007775883765640806,0.009659871106906488,0.00599345222562416,-0.007624105633060985,0.0011801528112534414,-0.0007188341834057643,0.000704669470279199,-0.003103706923416192,0.0005826697421514558,-0.0024690761373600614,0.004042848329777296
2019-06-27,-0.009831486897683287,-0.004638010100537521,-0.00651055640460336,-0.001577092207287207,0.0016564491858096879,0.0004942690457787214,-0.011426045354731011,0.01026526122691101,-0.008318563754365463,-0.001961570245503896,-0.00931743503003606,0.0005234487891146358,-0.0016222619715807133,0.009099774174660567,-0.009638462624909113
2019-06-28,0.007903530598809686,0.004969049183964841,-0.0008770855720842633,-0.0037655883257386447,-0.0030159471184332794,-0.003847421402019411,0.011961059917954842,-0.013947700721520899,0.006384701709673691,0.00674175952569447,0.009100507141473922,-3.6858141429859216e-05,0.00331399283017904,-0.004425422123691595,0.010322106386847066
2019-07-01,0.013764039193391335,0.004607899602618035,0.011616489803092917,-0.0026662250294703445,-0.016149924719495716,-0.013148228884298183,0.007013617973636427,-0.007055844090447171,0.0031426891519883847,0.0025024060618618303,0.0006791959814780842,0.0005516896393918972,-0.006702954400764077,-0.005493883470369873,0.005040471170651719
2019-07-02,0.0015365445779363862,-0.004096972749472458,-0.0011455337765996047,-0.0033121548151657165,-0.006876381591639382,-0.006609989614729885,0.004065068994170714,-0.0028659097654895604,-0.003198272615291547,-0.0036614532989095424,-0.0033126020192657396,0.002035719039117122,-0.00451281939727982,-0.0014425572541361571,0.0016038160148887128
2019-07-03,-0.00799230076743217,-0.00237004794143346,0.0002177425390680835,-0.0008316960885494833,0.004437155666728285,0.003195794301060069,-0.006426083376458251,0.007148033217761439,-0.0037295857084674337,0.00584543963330489,0.002435730588395804,-0.0007371474591136402,0.008357248325395252,0.013460442504159507,-0.002215113353091956
2019-07-05,0.00836399874937973,0.004353112123338345,0.009524901887300031,0.0007009838348327078,-0.008194177505431603,-0.0053705065304407015,-0.006797314151745269,0.007912483321282505,-0.003743468710874361,0.004541829201754578,-0.0034862935248531875,0.0014017542022636362,0.002151121630268149,0.00704090047034819,-0.00830136931235554
2019-07-08,0.009135103657722198,0.005359898050506332,0.001030349373055115,2.6657989049748188e-05,-0.006096201223663708,-0.0009629184670033545,0.004964529603221516,-0.005823294155766936,-0.005087598860849968,-0.0007241892979840047,-0.00257555025147933,0.004192084118203635,-0.008842374007660731,-0.008513481216301827,0.00510021722035014
2019-07-09,0.000700680740635078,0.0025873237302608235,0.0022154988973661508,0.002345527259946248,0.0025694623389527402,0.004501104590298042,0.003516557635539935,-0.009300047751199683,0.0005208386340037298,-0.005328460643025385,-0.005231867857196109,-0.0047852927707451205,-0.0037167104074126763,-0.004342718481507339,0.0011841128215200336
2019-07-10,-0.0031522999742070444,-0.0005855660921586935,0.0012493203463765845,0.0012252424503596167,-0.0007903332203473439,-0.0028418310782510176,0.0021338075901263668,-0.0014813309446679234,-0.0010603470888727621,0.0018375245548429313,-0.0003499923812736686,0.0022809909708292487,0.004131153183841602,0.00572737778824278,-0.0012423673391802215
2019-07-11,-0.0071025559605069535,-0.003272168492063761,-0.004784222565297205,0.0025174517909071934,0.007366178862070855,0.0013879307209129377,0.001149101330510668,-0.001493351576315131,0.003865546574293578,-0.003968057167144627,0.0070492695419922796,-0.003147999358394652,0.005431404382649557,0.002362413209588373,0.004391654820172117
2019-07-12,0.001802552098308993,-0.0006102010351030588,-0.0023087222199835696,-0.0026131732696541778,-0.0016212779930972292,0.0006043973459646669,0.002169255637563639,-0.0010552899154885173,0.006294570350637844,0.002119951240529973,0.0018905181491185904,0.002152311814629321,-0.00023189177491742376,-0.002367380690892749,0.0014735652172444573
2019-07-15,-0.013349827613588747,-0.008463974549372387,-0.009671054124201878,-0.00535892869100432,0.004800381299239994,0.006672434126706801,-0.010436639628676813,0.006467683190390781,-0.004508797568977009,-0.004536904292467601,-0.006084900167768573,0.001351246274998158,0.001046169041224232,0.008603370563373736,-0.009375995741131782
2019-07-16,0.0029193205548343768,0.0014733335814346251,0.002407367319558754,0.000868050498059071,0.003112407470489853,0.005571666784362307,-0.004843925375370626,0.0028982648394141565,0.0006557201354314649,0.003066696315152437,-0.0012523899209306594,-0.0005450116377075775,-0.008723036486483253,-0.003391236557217123,-0.007393783572242699
2019-07-17,0.004409059459231882,0.006517543584303041,0.004564567764339482,0.00894300388815059,-0.0003227706935207235,0.002084673750630756,0.0014035010020106934,-0.0032097303388572787,0.0008835753551040059,0.003957329244021149,0.0027610096563940073,-0.0015669496504087214,0.007594848639394438,0.004137143020690324,0.001364443446424314
2019-07-18,-0.009129925502504221,-0.009298964243351667,-0.013183908382524642,-0.005206931610163022,0.010284433205720275,0.0024179667856887594,-0.001193053376310295,0.0029128564407421894,-0.004394903737837125,-0.005321413273254623,-0.001545848958358382,0.003138182293813809,0.003806481618242245,0.003390211257670507,0.0017207603080970808
2019-07-19,0.0029127578619230422,0.006678495030980421,-0.001176809765694001,0.0021480295784342277,-0.000676882206700242,-0.0015310681048709565,0.008375121426542715,-0.0076393152514295844,0.0029738674148906434,0.004938946229564769,0.006055276049299616,0.0038263481125466554,0.0009089559089387891,-0.005930660050534095,0.009260143248215329
2019-07-22,-0.007129964079896084,0.0007087905944339057,-0.0016560143383208235,-0.0011240155090801764,0.001184165321706676,0.0018359508545032193,0.0042643264447220774,-0.003957269994566269,0.00026861773043533686,-0.005453096967547115,-0.0006677550134311901,-0.0024658365312683304,0.004913744611323946,0.0011278193942935695,0.0070787921000124935
2019-07-23,-0.014277604697765896,-0.0006591766147361795,-0.004457352372953086,0.011498074594255591,0.015902437711389925,0.012038585401619098,-0.006798676031197907,0.004814766417703176,-0.005724775852381159,-0.005518994663164025,-0.00394549898958825,-0.00013917170872485875,0.0023622171872408095,0.006561552504561969,-0.003082942284146137
2019-07-24,0.011296285164705898,0.002587854320236123,0.01277854644432816,-0.007116076536472215,-0.00937382792933562,-0.006472304894372282,-0.0020298490297564788,0.009850995329914684,-0.0008848654689148742,0.005485219738420326,0.002944431308579437,-0.004868354100487466,-0.0005945200043969406,-0.0002684589894343288,-0.003924350890534218
2019-07-25,-0.0012059003631974766,-0.0016304288032817586,0.0019161631254407075,0.01086256669186294,0.008273141488921873,0.004188726756817843,-0.008848313305450625,0.012431967762370351,-0.002566496060616652,-0.0030658241690182065,-0.0015960376500625826,-0.0037365808660321242,0.005178536637482124,0.004508013275147391,-0.007747096452663358
2019-07-26,0.006537592028030947,0.0004763368127464868,0.0002126155693318206,-0.0005672207053812671,-0.0031183824257756225,-0.004290423261806332,0.0006423503985546766,-0.0037843480670602813,0.00042433328552729434,-0.006249985945613971,-0.0006004441481563167,-0.0020261319580267847,-0.0009438868908012393,-0.0024422459827324796,0.0007287876865494473
2019-07-29,-0.010994209808168707,-0.010642176478440984,-0.011963765274131177,-0.003640252112153614,0.007306095823057161,0.0021482684652740693,0.0002694363833200549,0.004868375450825045,-0.0015106259617417872,0.0006854167295194712,0.0018858781865949037,0.0008331623694862239,-0.0008431184299998247,0.0005240452321914079,-0.0017800709904184416
2019-07-30,-0.007431975080583176,-0.005546384380501635,-0.014214650607035164,-0.010946321813845684,-0.010745217290951542,-0.007134570222531559,0.004635598973904027,-0.0007345363605024639,0.0021356049518622923,0.0021016287494112877,0.002099447577386915,-0.0026034451163778997,0.0036810900922040358,-0.00124976220151921,0.000616693039431692
2019-07-31,0.028840783247164006,0.02036840826937279,0.02073913744518302,0.001028906031286263,-0.013554436632677155,-0.007771247418661633,-0.007572935107731921,0.005558200420722442,-0.0037249148420525034,-0.002242447576347403,-0.0006972707110350918,0.0078699678627994,0.0036984174487128827,0.0019401289201592588,-0.01129652490315812
2019-08-01,0.0033376020413507825,0.0003713376837522868,0.009604948671513605,0.011066536329787931,-0.010282235204569092,-0.006685772282882332,-0.012424420907652804,0.007419845440260829,-0.009400112331182006,0.0015136343357675316,-0.003839234950540427,-0.003916717836888744,-0.0022465175413640005,0.007601959594860275,-0.003748827862546259
2019-08-02,0.00625916203476164,0.010387439261792985,0.010279648893031162,0.0036308281104834444,-0.012086467983541273,-0.0044172379383222125,-0.00446079587202455,0.0034647650284775795,-0.005269372922125235,-0.00038096188316510265,-0.007966732811414943,-0.0035019991207608653,0.008128885352932588,0.004750719395923784,-0.005105763248824131
2019-08-05,0.014526397924765346,0.01010101345301484,0.008617421967160015,-0.003456526776521902,-0.01032342235034635,-0.004620085672658249,0.009867367123196913,-0.007928101912456024,0.0007144451005500364,0.0029498709102366424,0.0028294816266772197,-0.0007241151457923287,-0.010091662495886927,-0.0029751166700885644,0.0088118254849244
2019-08-06,0.007637425102580298,0.011153392666979175,0.009620336882040994,0.005841958363935954,-0.008099430141566635,-0.0060034490030765695,-0.0009919902545421281,-0.00710160463254751,0.003035700154223746,0.0007065569754696618,0.003251218213587164,0.008793052206530438,-0.0006578414069894239,0.003393906867837735,0.0022084785348795042
2019-08-07,-0.004340275101347893,-0.00045591391754591995,-0.0016476624375112298,-0.001260847401173354,0.0012709001210176058,0.00410080658601338,0.014412529588184633,-0.0065170659496607145,-0.0004642079121997024,-0.0037709866872344244,0.002939620542775096,0.005963863600568043,-0.008636930223636902,-0.0064385533608890995,0.008437034181010114
2019-08-08,0.012762664089777343,0.011953592625548293,0.01737360708001152,0.01356153808650886,-0.01823154266725076,-0.01428184068630688,0.004490096971010093,-0.004648833847980067,-0.011382890490526237,0.00581863456828721,-0.004987430078469281,0.001412864026546971,0.006820096569048662,0.010273158834868002,-0.005504557982737578
2019-08-09,-0.0003540066529580284,0.004779619128907899,0.004334379074463926,0.005072439580563597,-0.004678234155709515,-0.007078395999434615,-0.013609195223008904,0.018318162909589618,-0.0014357919124536652,0.0047473720728439745,-0.0022871676337413663,-0.011856089468965478,0.0022898398777748963,0.0017348136478978846,-0.008936670753756088
2019-08-12,0.003365328740463488,0.0048254135131468225,0.0026886263131656127,-0.003659088243108455,0.006835213483317284,0.005816066422961001,0.0034931532698159375,-0.010500759076990036,0.008732657530519725,6.283925457427862e-05,0.0038630540823294725,0.0023649720439557964,0.0005210697126706645,-0.008676284086603717,-0.001348350168303451
2019-08-13,0.01562444623947042,0.011661043455206906,0.010946553849341616,0.009412899171719894,-0.012098510236019544,-0.01824651349754135,-0.01256190057320462,0.011412943629507222,-0.005194218643238515,-0.0027891867981098446,-0.007770111122113552,-0.00013484640786149554,-0.0005822484689737908,0.00018221247316679498,-0.019531096728013758
2019-08-14,0.007128663003476976,0.011422537636501657,0.009163915741448203,0.010398333988999326,-0.012155048096520838,-0.008457531073397598,0.008219063482440506,-0.005507198447292234,0.005431382803753413,0.009477336906746382,0.0049088189485467625,0.004185342275604028,-0.0038663089190743285,-0.006285503916050452,-0.0002422934239934985
2019-08-15,-0.004761375106002427,-0.005738447066574812,-0.0030945361719664846,-0.0038820104896536943,0.012105451166415867,0.01604877742867345,0.005205510695609469,-0.006176294616839578,0.0024493723891839524,-0.0045023485476220985,-0.0001932720737789495,-0.007558605976265405,-0.0016227298642152686,0.0006814663976102142,0.008579672891223125
2019-08-16,-0.004981015585458087,0.004358077439741504,0.00019942758662512203,-0.0010532415849847081,0.010079859309157516,0.011121015887089969,-0.0003151094357942714,-0.006371902067574682,0.0009758265787343044,0.0038117313591929294,-0.0023713422252553025,-0.0012197243547454571,0.003955109882296283,0.0012275771238063164,0.005155514800648742
2019-08-19,0.0019393353352346308,0.004208010706571038,-0.0015935847022798505,0.001291806585331956,0.00467435721477024,0.0005810909355937039,-0.006771464636663383,0.004210049241903163,0.0028392061934810397,0.005006949006661374,-0.001758210480841159,-7.431333230999756e-05,0.0007333738411709921,-0.005905219270888192,-0.000276740576430422
2019-08-20,-0.0064372575868136645,-0.004423418837736818,-0.0013269460329397888,-0.005608590655481653,-0.002127492290081105,0.0008035015383377397,0.008889326795533451,-0.0033302099438406027,0.0035309246811213004,-0.0026922020614305363,0.004113126428605832,-0.007390817317863018,-0.0030205108074889382,-0.006335801530237177,0.006960122323564661
2019-08-21,-0.0008140053340597122,-0.0029111281445343296,-0.005990858774652724,8.188337167780706e-05,-0.00280805658384192,-0.005217509241968053,0.0014269843178405703,0.0018472453024106046,-0.00865553861878182,-0.005445583246749734,-0.0020991776760367264,0.00353517063367064,-0.0038813180863626617,0.004561956881021406,0.004582422420466111
2019-08-22,0.0034005019192842358,0.0016730005832269364,-0.005071381966855568,0.005100562191685726,-0.00786216499297707,-0.014487062177462002,-0.00486368541287395,0.006303065266833264,-0.0026590226965501167,-0.00011651948602897644,-0.0015818340282292634,0.0016496570343445573,-0.0005778501160037912,0.001236320667283422,-0.004642641016505408
2019-08-23,0.0025360882319358053,0.007798704469952228,0.0010665213003676257,0.0025788422244096562,-0.0010748900384752553,0.001443579497457553,0.004979549429932686,-0.0003137888996016785,0.002489520092441044,0.002615749396228925,0.005378741059335048,-0.005765096789054537,-0.006271357503195315,0.0014085984799862483,-0.0016778818460279309
2019-08-26,0.006129854559818479,0.010403876292034219,0.004685496927398836,0.005332247902289444,-0.005084075455849322,-0.007110904043922395,0.01017072765369908,-0.009345673510716336,0.0034904541283018817,0.00174410660605381,0.0035121916324954688,-0.002291363897022709,-0.011646025963727363,-0.013261745705481338,0.007445033201967243
2019-08-27,-0.006427102013797689,-0.0089761325846089,-0.0017088902793866382,-0.0041045917604186155,0.010200782348936817,0.006692350155300944,0.0012238953721613647,0.0007608472362699062,-0.0005230909985077473,0.0012284251244799099,0.0018551734853096396,0.0012914024201703053,-0.0025410998866286843,0.001975285030190989,0.00493662459672783
2019-08-28,0.004349847513605235,-0.0001202809531898625,-0.0016944777391142436,-0.008853681434590924,0.0047306667741368325,0.00213926660613664,0.0027508440589680133,-0.009310366858022672,0.007705992887383387,0.001412810582790915,0.006827884174040032,0.007824216666222678,0.002349895783004376,-0.00985982784183782,-0.003352483906977965
2019-08-29,0.002354361975543834,0.007021547474170442,0.00341722213682471,0.001092673901496142,-0.00827723978244978,-0.007056865863993797,0.002021338816361697,-0.005781685401784867,0.006566129401879299,0.0025011414414309874,0.003357073158924259,0.007049763009573478,0.005031953290056192,-0.0007342621403413512,-0.004092857445378925
2019-08-30,0.016620537187903517,0.01809884022442149,0.015099007326129624,0.015588739637037427,-0.01816773697812976,-0.020419734283395285,-0.00047968480032957103,-0.004957750043229729,-0.0021746861088716117,0.00830951479386965,-0.003068882946324507,0.003842742316963117,-0.0009291601569990735,0.005935424073130386,-0.003815443914337257
2019-09-03,-0.011084026872861258,-0.005664767830869943,-0.0065345040608054804,-0.00521155002298256,0.0035639506780774603,0.0032761248824101467,0.005576221263087379,-0.004940913255668129,0.0005486710489154591,-0.001642084686498159,0.00019079820066193916,-0.0011643224930425224,0.006231106443976413,-0.0023450505692767364,0.007933180050083614
2019-09-04,-0.0223870397220882,-0.015524409790856527,-0.006592181063426865,-0.009517025605464788,0.021513098268876183,0.020496615103581983,0.006294383114825164,-0.008647718515295683,0.0010393440426955808,-0.007496884251068325,0.0002561243303373772,-0.005168124848225706,-0.0007715030301109725,0.0013049016653950522,0.007424965580279701
2019-09-05,0.0047230950066383245,0.001546571936192998,0.0019264286291329454,0.005995341826791993,-0.00041752687772604667,-0.0005838857860886923,0.0012693868723388487,-0.0035600261664142335,0.007118982329239922,0.0017326296308261572,-0.00028691214515697537,0.002996526644900072,0.00047482323388254016,-0.0028581314725022616,-0.010338821308984518
2019-09-06,-0.027031968772100644,-0.02475565614145368,-0.010239233543084493,-0.00391192669192475,0.019701270592546134,0.021754945912420484,-0.003361963545755985,0.004185766206591195,-0.009159235671413711,0.00130831571832625,-0.003350599914325571,0.0009144430680609059,0.01630898862363815,0.021463502694681644,0.010172568584164514
2019-09-09,-0.027902663964020046,-0.030111296374447878,-0.021758893546101325,-0.004608514725759804,0.02268705764880362,0.019876717871896394,-0.00851475926219478,0.008899120844684624,-0.0025789484239763637,-0.008506199614867125,-0.006098460809326382,-0.001315689112990898,0.005355373366412926,0.0020450410890173187,-0.00023528681881313223
2019-09-10,-0.007670616339701708,-0.002291013550126609,0.0013032149200540681,0.00801092185452568,0.01818584845641624,0.01451674263432358,-0.012938421451506027,0.0074740737056619,0.0037157047019972557,0.002588941076135243,-0.0016832163705852374,-0.0002743884705312151,0.007508546726142859,0.005566271701691957,-0.011024700070470843
2019-09-11,0.0027044587049143325,0.00325946128731223,0.0011675601090567226,-0.006528907475772228,-0.0028832313055519006,-0.00024004452568679078,-0.0022043238321231276,-0.00155533305111387,-0.011788254297565696,-0.004043653515357142,-0.010353826988137388,-0.0007456072329249809,-0.0044344872555970435,0.005772802573551118,0.00014935133529324156
2019-09-12,-0.01097816305058269,-0.004950847052822394,-0.0053976468333722175,-0.00029685863599947834,0.005851892590438879,0.007183399690236989,-0.0046505115965386305,0.0015292194290012864,-6.045954586830771e-05,0.006896408081260815,0.003599608255042643,-0.00026718748343492653,0.0016377866240327628,0.005400448153091867,0.00010900332607843063
2019-09-13,0.0011409021870026452,-0.006470121375048241,-0.008230461258885243,-0.0015961544336448369,-0.0006963494799608716,-0.00011174837789463231,-0.0007347860533724678,-0.0018161990358598367,-0.0014327250926305802,-0.003163473135426118,-0.0018335792617076138,-0.0012452661773423414,-0.004304788184817873,-0.007368294195958049,0.0008982329399509366
2019-09-16,0.016927442032423756,0.021632409180939352,0.01479451556063572,-0.0029309520721488686,-0.022636712131982248,-0.01713303944779417,0.013159172648171891,-0.008616069078228,0.006413253662176916,0.008446294448256276,0.0062401944347367285,-0.008280688254686955,-0.005999717288909473,-0.003190990030519161,0.005436644335447314
2019-09-17,0.008530620121175963,0.00365124773882534,0.00421750537360655,0.0034626788669007962,-0.0038433519955701316,-0.005270850936160579,-0.004083478804973165,-0.0023518200113611205,-0.0028086104921795406,0.006153694848586519,-0.0001769172782226363,0.002471526264400085,0.006676501913727601,0.009980759027247182,-0.003579472046346532
2019-09-18,0.0027792691099050265,0.0027830957754243013,0.007811268163437732,-0.006073009247929603,-0.0024672350700546434,-0.0024229723003276775,-0.0018215030192351867,-0.004574603001857522,-0.0032035431020383184,-0.0043079841027613575,-0.005999700395417862,-0.004681695514783191,0.0007300729604795314,0.006459332879899241,-0.0015090971146074546
2019-09-19,-0.008283450692340566,-0.008337660798466906,-0.009425100704038888,-0.011912934812759114,0.0013313400467014208,-0.002621226475580909,-0.014717708500960672,0.016144420806375542,-0.009741993912549093,-0.00015824233642834163,-0.010622478244116882,-0.0033177432094174467,-0.003742852261938944,0.008822820799626216,-0.012587052342917357
2019-09-20,0.005877884321942597,0.004609892907150904,0.002708378232373711,0.0027918544373730144,0.004245774000503315,0.003909333836616389,0.0008517504747332318,-0.00022642256067728893,0.0010573980782958544,0.0046902108187876265,0.0058713913193811015,-0.0007209053843907722,0.01314272515176712,0.0022095754819730336,0.006890521834143383
2019-09-23,0.01654105749426482,0.013262909338805435,0.011760234106288478,-0.014517951775697221,-0.020881132133656596,-0.02307978334980103,0.0035355975385568082,-0.006335367009602062,0.003632509724434938,0.0010699748719908385,0.000978631099914834,0.001247539412499955,0.003126689971806042,-0.0005341366423175283,-0.003962591142510366
2019-09-24,-0.007051272256320803,0.0034959100684214288,0.003390363836729203,0.007723929471065495,0.0061953377633820845,0.00818637117625422,-0.0009667579294615715,0.002835789615923379,-0.003796286460509321,0.0004055303119732175,0.000633496728393166,-0.0013231246399648833,0.0015132751264970235,0.005347247007926907,-0.0015729100184964043
2019-09-25,0.011395868619830723,0.008066396374812266,-0.0017199612544403515,-0.009089854351693336,-0.01633030939287556,-0.016295044046279027,0.0036926183289499037,-0.0010617697044539537,0.0017269834133333585,0.004172474477899313,0.0003216984517429946,0.0051270428000402485,0.0031334839183837105,-0.004315398595547529,-0.002442633905773229
2019-09-26,-0.010079519452472721,-0.010467141517214779,-0.011122262567536501,-0.0008232074443322432,-0.002765960277245712,-0.005964736372015728,0.0008994734244598037,0.00394705568522129,-0.009701900337235511,-0.002152189220309745,-0.006305722071647868,-0.0003290343051370794,0.0008906755979675995,0.00938752821261803,-0.001983527148265517
2019-09-27,-0.007262500642318848,-0.00833230227163613,-0.007635680084834146,-0.0028094743196482785,0.0034181964167230563,0.00032223473636650533,-0.0061498068207400764,0.006003191864708022,0.007239061859637972,-0.009305959023830173,0.002145565991334813,0.003401859392347083,-0.00012026979975988863,-0.00921076673112712,-0.008834074857035966
2019-09-30,0.018653706803647342,0.005058625471867976,0.0016283247047099714,-0.020381979337741114,-0.010416673184273693,-0.008707098417958014,-0.0018075714354723483,0.003159943315421748,0.0012952440956090598,0.002116019996480971,0.0032488936032697355,0.0007381543885678476,-0.001593340024651474,-0.00335480457174666,-0.0047000088886571065
2019-10-01,0.010144538665494697,0.005234288694542115,0.003798737986122132,-0.008596573457178498,-0.006105439972037668,-0.002250384532227912,-0.003900842327566552,0.0071502510246776,0.0017062088390334754,0.008010968528367284,0.0014189435978436311,0.006539446858843034,-0.0044506374210946924,-0.001343623188286281,-0.005299421801733177
2019-10-02,-0.002267428640603766,-0.004475171031436226,-0.002895273185413502,-0.0069977918394629555,0.004450791863649386,0.0030742617262947934,0.003471573756438779,-0.0051362532447283464,0.007255354465104426,0.004354886283121119,0.006984428761035191,0.0006611153098589066,-0.005244622757041028,-0.011137819016083437,0.002208125279333926
2019-10-03,0.008810178074061509,0.011897934916395365,0.00711050003447703,-0.0031521548609142434,-0.011787792260556986,-0.01030109240102745,0.011494333357572382,-0.00962617945918471,0.0058636801237483506,0.005798368272552154,0.008324575770631594,0.003365229431335313,0.0023097065215101614,-0.0052458013448712605,0.004926894434930896
2019-10-04,8.83160762305121e-05,0.0004797631582433106,0.003988163650706887,0.005785309755713307,0.0015706605371054857,-0.002676380793165887,-0.0070914463448122755,0.0033713929284262057,-0.0025467268804302227,0.0006980902242496219,-0.006415340034609161,0.003611546121650777,-0.002090958417602259,-0.003720429542074693,-0.006354850819586547
2019-10-07,0.006352172323935101,0.00676245033492944,0.0071546815042425275,0.0011964154745299355,-0.015287389798765517,-0.010545426960663785,-0.00854307558758428,0.010711882272772954,-0.00515513471607347,0.00506596212525964,-0.005924784926821526,-0.001647723750855503,-0.0024332629980501584,0.006346835188941588,-0.008068077252150325
2019-10-08,0.007271689561421511,0.007389717045242379,0.003161348464089244,0.0006169343920336659,0.002166936125982508,0.002788581927739921,0.010490807027490561,-0.009937374363362415,0.006504371941019135,0.009243956493082626,0.007907059648547455,-0.006323280956039467,0.001348470049845089,-0.0031283527081559905,0.006030781069736314
2019-10-09,-0.0056532798928840555,-0.004842411345763158,-0.004655048234602853,-0.0017420169556515023,0.004533706551822915,0.001988446380727461,0.005427044513880993,-0.0066642998717030884,0.0036642179224912618,-0.00057507430830248,0.005305965322103899,0.0022640315119024012,0.0019042401655616796,-0.0024828194948399744,0.005643274162745413
2019-10-10,-0.0059648242479957685,-0.004366387597400696,-0.0034428009183181223,-0.013016791374807124,0.011319466769258256,0.007395550273489212,0.005279420410167712,-0.011119569518946985,0.004523030891604595,-0.006374032162974011,0.0007082577764034315,-0.004404570371419706,0.000585247774988305,-0.0017174784995477727,0.0005696648187824005
2019-10-11,0.002964692175096861,0.008388988103209021,0.005093966926391794,0.0020081123874623012,-0.00260609964295305,-0.0013463618036051053,0.006537121893366294,-0.009882379717807581,-0.004260646301481711,-0.001957431985841188,-0.006022438562093002,-0.0006204666617336649,-0.0013793032279701067,-0.0018173539867414562,0.005540389038922432
2019-10-14,0.00029552114185452984,-0.004902065132529235,-0.007916117454429498,-0.011776517431618899,0.00595755603451007,0.005559771412949475,0.009785705684079417,-0.004868834043509554,0.001795756998304629,0.0018853509285448062,0.0034744513846515727,-0.003877724161877192,-0.0043013983243934805,-0.002790548040792559,0.009015892441641174
2019-10-15,0.001102238590711201,0.011439045284454944,0.008098442916719677,0.0064858318726044575,-0.008358574300704984,-0.006365916226728932,0.0015308149234176177,-0.004273540312077992,-0.0013514726561922631,-0.0025238882752496965,0.0009287695463372148,-0.001470576976425143,-0.0008323164724557486,0.003089235401790508,-0.002744860588866782
2019-10-16,0.0006581315450898849,-0.003076036206960133,-0.00630719170389239,-0.008294140579941982,0.008239227415941202,0.00271963716391906,0.0011072928238188419,-0.0028173964975614935,0.0006184884950642738,-0.004811062524391592,0.002954141078796284,0.006944930260104432,-0.0017654990187650488,-0.00434133048526932,0.005807947861579795
2019-10-17,0.0012071208183537137,0.002718619143517165,0.007297149500001312,0.009780104082393395,-0.01022722227379836,-0.005506981815533695,-3.1162392456408514e-05,-0.002156312021892783,-0.00040123250460689334,0.003574817449496181,0.0034946574511347792,-0.000381765587074616,0.0055631899336167955,0.003908518491669336,-0.0008548111367170454
2019-10-18,0.005273152765513817,-0.002141833148196347,-0.0007206180565236253,-0.0038535621600476883,0.0009057322044291648,-0.003402647457692581,0.00010875661934079371,-0.0010262126061344485,-0.0017280989997751506,0.0007728787956436545,-0.001849850117730571,-4.749540727258354e-05,0.00011474155142872713,0.004201108406882225,-0.0007457680495132832
2019-10-21,-0.015421606175189038,-0.01420300969020925,-0.007242507938258178,-0.002736369238518018,0.009485412938603338,0.0038267442729922017,-0.0054804995309736685,0.0019202712828868512,-0.0025899190868601102,-0.001757939547779065,-0.0014288587275159532,-0.0008930471149591283,0.00710961837833594,0.010089197381349118,0.0016615484868517964
2019-10-22,-0.008654174984892097,-0.009450438565696651,-0.014519743020424268,-0.00901604977751898,0.010059905923111996,0.011753807673887975,0.004602048748295295,0.0011393053234441978,0.0035002409492730395,-0.0016569378402015575,-5.5176667290747494e-05,0.0053281206548091275,0.00023739144626149823,-0.0011313992979730498,0.006698152893994666
2019-10-23,0.011100740727405804,0.005898702690049159,0.006751950969051646,-0.003946287345424403,-0.0024450069545581114,0.0028745543326944584,0.010042796421011042,-0.012899522846158286,0.017360092911013338,0.004283067097305817,0.009138529854655702,-0.0019883077134069723,-0.005492068785558353,-0.015105690696067526,0.0014347056565313472
2019-10-24,0.004588375344983665,0.0010078790129452765,-0.005461422877490723,0.0010435984089263903,0.007139372789498145,0.004841137236389313,-0.0018313177897837242,0.00030923370368983504,-0.0028273863103668914,-0.006942736441596986,0.0007529548888121101,-0.010414368510366551,0.0072409632871241305,0.006986763152120844,0.005023752346452677
2019-10-25,0.004966050717685458,-0.0023363768540730634,-0.0007277863812556462,-0.0010190604497071348,0.003847302569392393,0.0029598592461369585,0.005201217441847991,-0.0026094004262783117,-0.0024713184209561164,0.002624348295665535,0.0009204913016246426,-0.0034053866603265125,-0.0039242688287534,-0.0009615761556408921,9.943478799613256e-05
2019-10-28,0.011634628258989213,0.012142967811081767,0.00593186351085875,-0.003487362136411691,-0.010376255923471182,-0.008686165786411024,-0.0012030887724931254,0.001534467409497766,-0.002763922250991646,-0.0009664061732635825,-0.001956204823975751,-0.0018610745543409662,-0.005867619332302348,0.0020112510623222207,-0.005571196743781058
2019-10-29,0.01884150289684942,0.017203113478265475,0.013559948407983075,0.0005310235582770507,-0.015283628519072152,-0.01515918037704993,-0.0014543827860662747,-0.0038592302941862764,0.00011781947070759,0.013029589047750244,-0.0017252803595686982,-0.0038297993927126637,-0.005376722384810589,-0.008395110123187548,-0.003017593662723168
2019-10-30,-0.0036706406731497098,-0.005229427217696602,-0.006391223934243554,-0.012387136515147265,-0.0051527739047072885,-0.002964713801116497,0.004191320510316217,-0.00019430092416747053,-0.0032258296275952027,-0.0028188230601412876,-0.0045447202734643834,0.006939758868865418,-0.006244472266578522,-0.0008512738169585733,0.0004890513861212616
2019-10-31,-0.018541058111052743,-0.016778816396503374,-0.014271623783439224,-0.006158327911110463,0.02635459470475987,0.02090395545988876,-0.0024799288442754423,-0.002892732283317642,-0.002843428027277193,-0.011369789134073565,0.0010367050683825069,-0.005009744666217154,0.004274651417664503,0.003988461122314765,0.007518377627799302
2019-11-01,-0.012093460810607781,-0.013464505593022955,-0.0047047094437230475,0.005250077002344774,0.025792740371253287,0.020032932778020544,-0.0021119042138450107,0.0022274985676618217,-0.002390936316200713,-0.010362830057099967,-0.0035574710198638063,-0.00429598958131009,0.011281953947255095,0.008194300803280617,0.006134081221172681
2019-11-04,-0.017273674475205798,-0.011518306232202905,-0.007665209851685636,-0.008847461099488623,0.007511090572960911,0.004673998798461351,-0.006001615772439566,0.0014993949105750251,0.0012690681145302155,-0.0032171258529953713,-0.002284039674646503,0.00925524598849723,0.007358964481838624,0.0038127629086914076,-0.0012763467706972066
2019-11-05,-0.007421613816564451,-0.0015331541855666017,-0.009868486726031312,-0.0033329903215075676,-0.011349807499399962,-0.014609825069871952,0.009040043226811043,-0.0046450202791138455,-0.0013288572418608015,-0.001695865769078644,-0.0019058564052944135,-0.00905335402943339,0.0006584744680681494,0.00537642018407243,0.006609192720625926
2019-11-06,-0.0054269090937551605,-0.01168565345308932,-0.0065154462684653,0.010944581451858726,0.0034451695930459766,0.004963607401354886,0.006327171169433382,-0.003960630420566221,-0.0014457326487992985,0.004323992247605419,0.0013711330426670267,-0.005070493171395177,-0.0058413643379833366,-0.005702623714427722,0.006608386013686083
2019-11-07,-0.0028700558170715908,-0.003737419701283707,-0.00422499547079454,-0.0015999282428511086,-0.006574227989028339,-0.008774813458211184,0.009740350580817635,-0.004334827160182901,0.00024886558084534884,0.0005837403788994523,0.008512532352036334,0.00019817685767905115,-0.0025391890061029487,-0.0029586080081528674,0.0032577258267165784
2019-11-08,0.012348238146982087,0.0035880669226258733,0.0008274059764900982,-0.0033512699236075507,-0.0009722606176590801,-0.001781482125471893,-0.002457002088507238,0.002889401169930623,0.00024623203325901174,-0.003651462334372392,-0.003331482798245699,-0.0008572439585031759,-0.005925447275435015,-0.006831681960934141,-0.00878732729560134
2019-11-11,0.0005208104069568424,0.007659243436710001,-0.003470811147789561,0.000669438141267369,0.006007436219205813,0.01162864650934662,-0.002497305782214751,0.004128497807051992,-0.002327800137015776,-0.005879429029020376,-0.002997389769868797,-0.0015286739607210625,-0.003200733083025463,-0.004418238513368293,-0.006762456693940584
2019-11-12,0.00894911995918672,0.012693282281693068,0.0064092465338177074,0.0021033454702955806,-0.00947476877073639,-0.011187763633280043,0.0025957213915288923,-0.002223268188866518,-0.0038645968707481286,9.367896076873283e-05,-0.006256176077186574,-0.004249995233950283,0.0001408656621513601,-0.0004838270268548783,-0.0010514937397081716
2019-11-13,-0.0024408233364789787,0.008059150673543743,0.0074992780855808894,0.00739973289713388,-0.0002632054843858374,0.0003255407192781156,0.0012806444855554106,0.0014234914559444769,-0.004970612317748429,-0.0073384269617027854,-0.006488491704391142,0.002188481853916283,-0.002651560947994223,0.0007259968636760736,0.0015667805867348253
2019-11-14,0.002810184573802825,0.009617955098109988,0.010394890772477348,0.0037292966306883696,0.008869968074927702,0.004787615879828093,0.008323403948449694,-0.010857774487250754,0.001445535112140065,-0.005801151791182677,-0.002826433341586448,0.000377709460179166,-0.004515001571252521,-0.0026939995001025994,0.005608042446392925
2019-11-15,0.01050154310145895,0.010994123483875344,0.0024340767946411834,0.004338134817395986,-0.011867717711401828,-0.0096558226295101,-0.0019439199260028231,0.00703694547861913,-0.0022826651254186587,0.0009536137868372714,0.002356639660993473,0.0025203317107573737,0.005910226209025279,0.007211401597043749,-0.00840271580014049
2019-11-18,0.004000840690547551,0.002854770859737042,-0.0003067793134632743,-0.0022661219186200154,0.0002401094645852396,-0.0028107415129987783,-0.00399549870038946,0.003872251736242111,0.00010711349598268053,0.004276615441755036,-0.000387074723839177,-0.001570556900407104,-0.0014896452245743803,0.0019094711272081791,-0.013777768515105161
2019-11-19,0.00736807315404028,0.0014879740823594426,0.00037341668341456073,-0.00043820286115756404,-0.006251442187657418,-0.005985662690827604,0.003776367654093827,-0.004319999458427772,-0.002811410257795098,0.005337675536200686,0.0024306033711273484,-0.001464681450624037,-0.006745796310679701,-0.0029375452519263545,0.0018275516960209112
2019-11-20,-0.014273444089258661,-0.01791199793211237,-0.012246388267264905,-0.007189921367939323,0.0056525909254881625,0.004536387912109976,0.0007855977257862328,0.0005531122069381794,0.0035009770678331893,0.0020891644648593707,-0.0007352195846491187,0.0015636689723945588,-0.002592066408902226,-0.005057811031039139,-0.004074902828177737
2019-11-21,-0.003633213889361569,-0.006748694101666511,-0.0034063256101101594,-0.0056911403073432905,-0.0007596469707237686,-0.0030770925272336092,0.00358293173941955,-0.0023298407150092377,-0.001617425171623655,0.003408718765997277,0.004926130198931785,-0.0015263101280677484,0.0019433988528873517,0.0008710981602454135,0.006984076801015418
2019-11-22,-0.009831087259020545,0.0003112310489350595,0.0044805273035905015,0.006815324327311028,0.01075905748810134,0.006965969232242622,0.005554243172608767,-0.0012637809871527128,0.0006448958427862483,-0.002881800948256557,-0.0006563472672150971,-0.006083645495610173,-0.008611941610545092,-0.0019222597848056813,0.0026907221360834184
2019-11-25,0.01253730932592439,0.011745057252878922,0.0028193242516871327,0.00012480806361124053,-0.01489051495797719,-0.011214239324843372,0.004479406170901715,-0.00717891148623267,0.0025130180906548375,0.0034119498260569833,-0.0012087838783727438,0.0036607937065169546,-0.00248588803989943,-0.002389294157402609,-0.001934372445030324
2019-11-26,-0.004862290027163858,0.000436027622056666,0.0029796617650529955,0.0013161472118667725,0.00824682393403442,0.004846777731411485,-0.001998319891196724,0.00212142113372559,-0.004616964318978248,-0.005450490458551019,-0.0031239591625811993,-0.004385593231590086,0.0022498821367860364,0.0027632121872668437,0.0030507222932526896
2019-11-27,0.0022186052447463606,0.0025806930654671146,-0.003927524073907842,-0.0014771726597458531,-0.010132366173998177,-0.00863132048533474,-0.004390309895935339,0.005605709326641691,-0.002218929919029608,0.0072379498388847234,-0.0014672558848455074,-0.0004685346561033141,0.004963465096358131,0.006130883220769128,-0.008958457644622279
2019-11-29,-0.007419032716549024,0.0014757059184891284,0.00321208223226301,0.001447071085615423,0.007693841444516988,0.005480012592553481,-0.0065614104388351715,0.004762755436837246,-0.004786750441703536,-0.0061363632435769404,-0.0020183332861075463,0.002184010102185373,0.004679525457531039,0.002208600223614697,0.0009707644536002761
2019-12-02,0.008900604185727872,0.004617868325721253,-0.0028583968499134365,0.005364502595365908,-0.0031883144590091395,0.001431590904723419,0.0016686964998749304,0.0012887695959254899,0.0034071511491587233,0.006369118160582956,-0.003758487189069631,-0.0008923701572450529,-0.008426223702544876,-0.0062312964092806735,0.00017680695342076579
2019-12-03,0.0007553571910917955,0.006792023173698936,0.0028240810927245004,0.0009595114114869319,0.0006721162176101785,-0.0036872017417028478,0.004592967982204903,-0.002162673121691526,-0.0025047754416707233,0.00016988785134620932,0.0021403005656456366,-0.002949066219375103,0.003505272463672464,0.00019197468332097806,-0.0005944256349268858
2019-12-04,0.0026766413771815937,0.0028126930372987602,-0.0018034109912472298,-0.00834661541121095,0.004990532007667599,0.0013983654618684662,-0.006695857852181257,-0.0020748875059265932,0.003424998920906361,0.0007523464904723759,0.0023297348596170823,-0.005745370762725873,0.003933551173515139,0.0028319623932498692,-0.008389741009206602
2019-12-05,-0.0016012701354844276,-0.004833775209807238,-0.003560533002118558,-0.00733817744485683,0.00659214830341687,0.0044069573140124284,0.002551133896989288,-0.0005568966568312503,-0.004584511578724137,-0.007578500378352586,-0.0069885671231044375,-0.0004434246613005,0.004366731349871604,0.0031149933302065443,0.006225947686928407
2019-12-06,-0.0048982794200531105,-0.008352082947008531,-0.001027735369554297,-0.0014805254598197594,0.0006335225323793411,0.00253966019193333,-0.008111269865862896,0.006443913173569926,-0.0065971155957051855,0.0014147212921504894,-0.0023114108018143695,0.000924442635140096,0.006803997452719826,0.006949747988908012,-0.0020150943474426704
2019-12-09,0.004138495324763826,0.008098505725725635,0.008638384662909233,0.005746767202543399,0.009679713419455584,0.00800534723175249,-0.009470465137340227,0.004537533921531146,-0.0010465267186119394,0.0013167333938647382,-0.0009300625984368966,-0.0013863267862553054,-0.0030772129842422157,-0.000316205215902162,-0.005990974986357707
2019-12-10,0.006216661298189631,0.008927741843429315,0.0015141206930295676,-0.0004212284360075747,0.009089363794569235,0.008828046603810214,-0.004571048730446812,-0.0039085049673721044,-0.0007089477016707791,-0.00660236413464541,8.480548054737953e-05,0.0028428618175827007,0.004122818589055214,-0.002214737432242243,-0.003543112642528717
2019-12-11,-0.014381874904234522,-0.009026127600825757,-0.006697588529782618,-0.008343755314495436,0.019234536440227983,0.015373274491802901,0.006332825549797219,-0.011416387749937099,0.00713326825839017,-0.0003193238361522497,0.0096783805538482,-0.002336287938737561,0.0070827137118494865,0.0008780156414552546,0.01268947081954088
2019-12-12,0.0011794650148048624,-0.0054197687629564985,0.0002995699516202535,0.0023949504731538666,-0.005908058759904477,-0.005489957161798292,-0.006475190622313543,0.006428620827932029,0.0004997921819824887,0.008056953725446547,-0.0014731332768511815,0.0019231872649631975,-0.007679537758319171,-0.0027392023381926,-0.009407370050020344
2019-12-13,-0.000502533930590048,-0.0029329483639388247,-0.0032730666841346403,0.0027322646073744024,-0.0015090895781660848,-0.000927584129959939,0.0059972192939184415,-0.0046384861720617405,0.0016240853236768422,0.003362158455503639,0.0011912989038423095,-0.004501611581985338,-0.002073333459397031,-0.0008314449981555484,0.005847316701237924
2019-12-16,1.264376820461939e-06,1.689337190636988e-05,-0.001334522482516021,-0.0012982340177272284,0.0016547610793405335,-0.0016734334454738399,-0.001131939984406897,0.005648802051589611,-0.0010668473578488093,0.001613132716989017,0.0005992070512161171,-0.0020407300673421936,0.0029985981118201143,0.001906247859602449,-0.0006013294701715628
2019-12-17,-0.005621959055959668,-0.006720498622815557,-0.010144799855821902,-0.008271074548835427,0.0006822004981460808,0.003972649216032853,-0.0028178387169547187,0.0007190150517263588,0.007955483285348022,0.0004416328623449879,0.006527246508195892,0.0021041433208560615,0.0004125376910674081,-0.00671191167568844,-0.0024110589745027487
2019-12-18,-0.0047784855909842475,-0.006460938994494717,-0.002155720463194417,-0.002670798008790186,0.0018574370655364482,0.003154414344925228,0.004377230437754873,0.0008728959020185374,-0.0001597547048431589,-0.003837843121674974,0.0019532337906506864,-0.00012972588686635577,-0.0036057431294437814,-0.0010595705595578017,0.006296070192718482
2019-12-19,0.00512299412537618,0.005525888696823308,-0.00020983805165468786,-0.0033947075397553644,-0.003947806640393496,-0.005283453544695467,0.0007902660441074082,-0.003519757576347704,-0.0033690763167692457,-0.004697663904675916,-0.002041598615873349,0.0037920452276017317,-0.0029042814579331813,-0.002277489969795591,0.001737033757758133
2019-12-20,-0.0021692532391461034,-0.009036486300395812,-0.004366286236744068,5.330189828585581e-05,0.016673621244822648,0.008527289435050555,-0.004854603628626128,-0.0040775834304486325,0.011208117495515469,0.004597762493821135,0.004431195643521954,-0.0041640670617386156,-0.007766891856417353,-0.014854777514512411,0.001774136976405089
2019-12-23,-0.001126526376733293,-0.002927696399698685,-0.005082833553669912,-0.0027242514800880652,0.005389356581570711,0.006293540815799261,-0.00033129398649952213,0.004448364133495618,0.0007864392927672272,0.002553160449420806,0.0020005306107461233,-0.0018987124861652598,0.00023815463160067212,0.00030885911225918077,0.0013154195144769397
2019-12-24,-0.0035812476123363874,-0.0008398285098893004,0.0011233112479274638,0.002518004860364343,0.0021899936914649,0.004001999882976165,0.0014128922505091518,-0.005278410964731668,0.005386279292288568,-0.0006866465895347569,0.0024575923519457006,-0.0008068472178313714,-0.0037237659140258185,-0.006814649881613624,0.005809799418605715
2019-12-26,0.0033846052998606447,0.0013498989852545372,-0.002720271914082161,-0.005794017610283629,-0.009237750476485562,-0.007152700989824437,0.0018958031690122937,-0.0011217837005009623,0.004279117502651327,0.004827492203102733,0.004882626402953288,-0.0025992244291220927,-0.00023946727403438908,-0.0008608455797983854,-0.002303911482176529
2019-12-27,0.00026078292984969435,0.002052553450540393,-0.0005119493895081562,-0.004212029652384547,0.0038356141416381003,0.0005183156258024245,-0.011438257729674849,0.01022922138901475,-0.001393248052369958,-0.004912765167395985,-0.0011979078514791788,0.004888007795962442,0.0031592376938928317,0.001378517652607592,-0.012956287258955
2019-12-30,0.001187943904135944,0.0037265928913359702,0.002366702623465735,-0.0009527287809473657,-0.0022547243884388224,0.0008258395773640375,0.0027644911063921746,-0.005466979549209716,-0.0003965833332806286,0.002524190951293182,-0.002323050079796083,2.1025716793769884e-06,0.00028320511956277886,0.0018570571453969437,0.0016601850147060452
2019-12-31,0.009070212019442692,0.005092420881188363,0.009515404967969179,0.005422218855549818,0.016240276546953154,0.011869780298724179,0.0005538135243016822,-0.0049886123889229545,-0.0018851152687119578,-0.011666783968334059,0.0003470484902917499,-0.0024910855523326125,-0.002562348349270626,-0.0033417098048638292,5.693562813203958e-05
2020-01-02,-0.008817478461929323,-0.0065262169961206465,-0.014415948819662051,-0.003538862206424885,-0.0038211725412094157,-0.0014900783071789335,-0.0032249449686363747,0.0033013874190622287,0.0031444285472888235,0.004931382055510276,-0.003911360271067492,0.00591870507640829,-0.00506255513773808,-0.0048917213533958784,0.0019814149217125283
2020-01-03,-0.008269901722410437,-0.011757183410196305,-0.006735921220663323,0.000958968476282772,0.006211467243830725,0.0064735497830077475,-0.0003826900126715784,-0.0004619240461570433,0.004007536680036827,0.0038960127026775636,0.0008354975078791803,-0.0021547266486954477,-0.0029257583548772366,-0.004295152251829529,0.0009082144577239883
2020-01-06,0.0017883457166882565,0.009305563097944957,0.008405968718143794,0.010759398504422616,0.007801917959835512,0.004782390449380827,-0.0003908613704937131,-0.0063132723269206485,0.0046784054484318655,-0.0008361829559976452,0.0029648974593691124,0.004240610770660934,-0.002053551426254739,-0.009984872422756247,0.012707909748713173
2020-01-07,0.006103349142542482,0.005613010687350087,0.01200821312738653,0.004440452151149894,-0.004624565390425066,-0.004429457020964531,0.0017065345987956875,-0.002684394469151144,0.0019729056355661137,0.0037138484460147976,0.00244294037117771,-0.0014834505689698026,-0.004502072874282448,-0.0067175411157646085,-0.002671203734677708
2020-01-08,0.011183215802706356,0.007649316129462926,0.0013572775712658394,-0.0032055191712702233,-0.0054561427768461505,-0.004362712871119469,0.006652030453755258,-0.008680442468409391,0.002332416519639859,0.0009035126050307112,0.00144178658264073,0.000787644230118123,-0.002013611184574649,-0.0012260023156514714,-0.0047746938038002
2020-01-09,0.0026410428628067108,-0.0029020524583581206,-0.002446687753567346,0.0034424108847811285,-0.005304642500699616,-0.000975406205852126,-0.00446451530936176,0.003548453878350473,0.0024537246821083867,0.007442518474213906,0.003119488057930762,-0.0006597912576526105,0.0035995447818930504,-0.0003798292459790127,-0.005415006733886645
2020-01-10,0.0036422387220809635,0.0031407704165784638,0.005068740953296597,0.009670745622561448,0.007391732113999587,0.005462283312570411,-0.008368659707948463,0.0021114832140161927,0.0011418799413626477,-0.002021269350034152,0.0007322644449776899,0.003430241719199335,0.006015448381390482,0.0013713267242240418,0.0009645108015331576
2020-01-13,-0.00789415411071561,-0.001663220354545086,-0.0022105838615580613,-0.0038946630840517764,0.016671131777561608,0.011170706600611504,-0.00687450761401007,-0.00038339928515103905,-0.0037189862346197716,-0.010936577668739098,-0.010551336849570662,-0.0020427223803687992,-0.0014032610217851872,0.0028952897115435217,0.00038756202358077464
2020-01-14,0.007439035000611707,0.0037732834700064067,0.004325994560435877,0.0006530377888257157,-0.002411817054886092,0.0009367523871942249,-0.0034749399438094115,0.0014834656370770933,-0.0022609078191684604,-0.001805013566385421,-0.0012827494303530823,0.00269131881967102,-0.007559805619412406,-0.001967128160183322,-0.005414125053488607
2020-01-15,0.006490210480753512,0.0024689368030530266,0.0018434459190228968,0.00024068993014465453,-0.003584671637946708,-0.003206153322618163,0.004047650360309663,-0.0028264844181951345,0.0037330378127494067,0.00017045376511379707,0.004504438113375203,-0.0022350330474453332,-0.0011530725675025014,-0.00138246306291827,-0.0007649197186820307
2020-01-16,0.00438385208296347,0.002830781740082922,0.0015187517720903607,0.0006756341315186098,-0.008451413732752393,-0.007204624062714858,0.005332015798445923,-0.006963303350139589,0.00021044373003046126,4.3706187660992775e-05,-0.0009441067206637378,0.0018331732337392847,-0.004466015736494115,-0.0011471788700618823,0.0005358549271231952
2020-01-17,0.015845815567938005,0.009564714367203662,0.007356908847542934,0.009786612141051516,0.0063240583104963565,0.0031560478957089444,-0.014665101195044343,0.006474288184046725,0.006392171498021613,0.006211195088447823,-0.005729020607257281,-0.007310539149901044,-0.00922715054921456,-0.008353182086219685,-0.012274667213405355
2020-01-21,0.013698832120022951,0.006745611818028952,0.004927500705739602,-0.0006598699598815928,0.0019186207907097071,-0.0036895237589075177,0.0002395042448115561,-0.001837592702816455,-0.0047111514758057076,0.004117103073595181,0.0022006700803993036,-0.0009596467819441884,-7.130699190403356e-05,0.0011853630910637254,-0.0005587175741947521
2020-01-22,-0.001986814181537469,0.00363344247448065,-0.006670853631176303,-0.0012520980695343979,-0.0058558433020212,-0.0003735728351719421,0.005347819084102114,-0.004041934779143354,0.004398970268059637,0.0051694673292477155,0.0011571292222202,-0.0031472067481585517,0.0017042579435557123,0.0029957540365314114,0.006141278042636906
2020-01-23,0.00703933447927685,0.009382175893121968,0.001012310694564771,0.006720296172884324,-0.00646051905184188,-0.004938354878816751,-0.0023474986620832866,0.005859594483946436,0.0004549709341506239,0.0037992933729833842,-0.004403461232180479,-0.0022440104238672896,-0.002571024167657295,0.0006339487432327536,-0.007793909684513595
2020-01-24,-0.005855279522477054,-0.005418148008833449,-0.006156020431600899,0.004981980531579293,-0.008217581204529078,-0.006553068351906485,-0.014924557553055065,0.01314924299159924,0.002414469543566909,-0.003002751065465152,-0.00921718313553352,0.003939873397635187,-0.011147653193162535,-0.004505344850259302,-0.009977029737125552
2020-01-27,0.006522122017610031,0.0019057565518364999,-0.0025877915888199033,-0.004835490625384235,0.00037046011691940425,-0.0018259042953298566,0.008777640238648084,-0.005104370831805655,0.0018679609051412919,0.0007798870637752073,0.007464808500038373,0.002161703894892123,0.0016568710170277168,0.0012696294056823917,-0.002254292127503117
2020-01-28,-0.0034110763172522933,0.00394644534924492,0.00045314222028651225,0.0025928823449066635,-0.010160772193833836,-0.0064868573098125,0.00010292218573914203,-0.002657458886084826,0.004022624093117531,0.004438265705186631,0.0017717636216906698,0.0014301679780690949,0.00622723001754604,0.0071904366799076715,0.0023325701452174665
2020-01-29,0.0026798234200150453,0.003242376243003566,0.00291500065606049,0.004557038137274497,-0.005073963130607035,-0.009017414645556306,0.005408776704353083,-0.00027718818472476743,-0.0013448385087229094,0.0017559803789030872,-0.0017673213473236265,-0.003938041459520919,0.001867600705979329,0.006280696466652088,0.00245798428880717
2020-01-30,-0.0019101403577404079,0.004876385146513833,0.006653598524320792,0.00971180870883127,-0.014833324438314904,-0.015441274300659894,-0.005371863680562512,0.006163850972437355,-0.006178946763432246,0.005304903970091097,-0.008000104131935287,0.002331434333859187,-0.0034282460462982493,0.0028934068014310407,-0.0050198644997512185
2020-01-31,0.006872394184085358,0.0005184718361418454,-0.00011267662764991374,-0.00012025715624179459,-0.007524786548281509,-0.006461194695270792,0.010592475271387375,-0.007577168030853476,-0.0025802565326957243,0.0005814257272673123,0.0013171138751559815,0.0036676619276608843,-0.006459805579142984,-0.0008508228090392507,-0.00040604739548560464
2020-02-03,0.005788743824310751,0.007805807852949608,0.009940095951754296,0.0026200476768752368,0.005587170511073439,0.012901725218605697,0.013572539864788371,-0.020128338693115137,0.010187530610592356,-2.276049046144764e-05,0.00973287579429887,0.0007444236416284649,-0.0025772571791460707,-0.010330984348509056,0.013505947160149783
2020-02-04,-0.018652172704441528,-0.019778239587789098,-0.009799959098862693,-0.026042078942495533,0.011883003037773704,0.014905961629554806,0.00014244732938924372,-0.00038809441906682146,-0.0012534651931722061,-0.0037229963498253815,0.0029210478897560843,0.003955863535975674,0.013873472697654517,0.009108330294681055,0.005432720123887458
2020-02-05,0.010373018018924637,0.010338038603042703,0.01566517268976077,0.017283890877889986,-0.00204668102475352,-0.0016932342668337362,-0.0005023689976663844,0.00433976111054254,0.00017048013533292172,0.002024856292562742,-0.007624387452699711,-0.006820418916325959,-0.004529419696765019,-0.0016939236579506748,-0.006913956300183935
2020-02-06,0.008218900189123617,0.00611976359427934,0.009606550449767597,0.007730961395536928,-0.010516387372786727,-0.006626030983361049,0.0026849820795165225,-0.0005629493767610062,-0.0026304183851088275,0.007128517595201034,-0.0012595328130715015,0.004166732958219963,0.0028774342147563307,0.0027970865951197385,-0.001451670795635086
2020-02-07,0.01119720497618661,0.010434086708230927,0.00881072088392922,0.012782761497840196,-0.0002691731820330828,5.27414371059823e-05,0.0030923881182664116,-0.004499570846114552,0.000512178281846042,-0.0014494410008995169,0.003969212483233588,-0.005477835710643999,-0.0035389925434353656,-0.0042382162292618035,0.0035816543115043276
2020-02-10,0.011494840842605115,0.0048406752095971756,-0.006754605806253607,-0.010628307943485996,0.00944148407246921,0.00870352937763047,0.0059416300379049585,-0.010012023246438746,0.001190296582126305,-0.011473714484096918,0.0014217956424923475,-0.00423726244373381,0.0008849796927666385,-0.002697129073773225,0.002095289576227801
2020-02-11,0.001651705850109317,0.0023817854725191445,-0.0012221892052873802,-0.007893590197866536,0.004413217596823372,0.007308136818928546,0.0034380579023524154,-0.0034491161416513017,0.001662564242243026,-0.0038612823220561493,0.0011654849238107298,0.0017509357198427083,-0.00626725335776224,-0.011279447465640682,0.006103435569328247
2020-02-12,0.01180710544009883,0.014145758127895883,0.007762108071902222,0.004753570286555732,-0.012067443777370271,-0.00903121912324725,-0.003444092184894739,0.002806937402830611,-0.005400724549680011,0.009008076143050707,3.331398157676462e-05,0.004669847562430406,0.0034785263178401145,0.007664068073902337,-0.0016130737137192127
2020-02-13,-0.00044798783189103973,-0.004429414075764812,-0.0018960462119552428,0.0005701256333033887,-0.007841131642973221,-0.013048371299551866,0.0013980007006665885,6.725529261508776e-05,0.002695345168517911,-7.101671737173377e-05,0.00313855710757944,-0.0018977841066923986,-0.005019841942934498,-0.003237724675587068,0.002730190607791199
2020-02-14,0.008001470997173772,-0.00195909072960638,0.0009793721168324977,0.010062493382170936,0.0021414139738098097,0.001172147932822892,-0.008922562867614474,0.0016482248060745762,-0.00880532552517134,-0.005790444541446796,-0.009678507131540828,0.002625507769539282,-0.003623981531612216,0.0036894111774805087,-0.003964405000408907
2020-02-18,-0.0035446746235282415,-0.0003031690891824902,-0.0028258833114961834,-0.00676698936692594,0.022035037411314774,0.012315444923325126,0.006654283219227564,-0.01449298541090214,0.012041048455011017,0.000981511630631762,0.008467617153732093,-0.006972014378448955,0.002106045889151956,-0.005313022523225859,0.007880264989987435
2020-02-19,-0.0001411311658321649,0.011391651497347034,0.0018655662430761524,0.0012748856109813305,0.00794535756072523,0.007034961957966228,-0.008897225739607526,0.009100671598367487,-0.013550177033430543,-0.00447709469498692,-0.01928665740307075,-0.0022228303952076885,0.006050086298602845,0.024867909179725443,-0.002789890878192834
2020-02-20,0.00012866771777581693,-0.005966046113571535,-0.008882587332745565,-0.004034152111060426,-0.016251703405965233,-0.018148377044995362,-0.00797157450206161,0.010477992967363323,-0.005972904205836016,-0.002052113754965985,-0.011511983610629276,-0.006460818765876006,-0.0015449293950294818,0.004314358747096868,-0.00960294928347593
2020-02-21,0.0033065217880092236,-0.006954403883609295,-0.0013032763286026407,0.003507487016206956,-0.01547744209081308,-0.02005737712241124,-0.02105688466897615,0.021347347580107343,-0.002185202954452573,0.007465231703452892,-0.009110976481615615,0.004233060744423013,-0.0033869350966726566,0.0011295301714338603,-0.018466529619909685
2020-02-24,0.012586893578843072,-0.0015874404890726251,0.007313075970347572,0.004073498827648136,-0.00970995802438918,-0.015261361863587442,-0.012405273581050692,0.013027831650723794,0.0017312737961304864,0.0030775281214343725,-0.00016472240685138154,-0.005032406629513108,-0.001920978639503735,-0.0016998595522448728,-0.01316447268384999
2020-02-25,0.02287487409848754,0.01632362608714082,0.02112700615331224,0.008717971763800621,-0.010033526744686005,-0.010506752815565873,0.0019516837904355218,-0.000327439887288109,0.0108090943893103,0.012774032623804004,0.011279320610026785,-0.008936395867200173,-0.004199341566169306,-0.008825476612167406,-6.0008446719500216e-05
2020-02-26,-0.004209911367719754,0.00043765744903495607,0.0052051658858930094,0.0009059688755989753,0.015003842833356738,0.012979360203303668,-0.024714572941354124,0.02696438399163393,-0.003028326258449409,-0.012006363292746142,-0.006438502656413381,-0.005239995170432554,0.005584683838638992,0.01119182941370005,-0.006754586110726088
2020-02-27,-0.015246183939859968,-0.018386969685278656,-0.01310211948289772,-0.02583598883721694,0.02702922021919311,0.03157866740630866,-0.001966520343313148,0.0037441574844912662,0.007283860539434487,-0.01024714499700408,0.003945791253311675,0.0026510459300602314,0.007207177650287705,-0.00841032775944326,0.0028569455683175125
2020-02-28,0.021422087034451545,0.013324228394943335,0.005233993453828474,0.003048769071272779,-0.029324436031853064,-0.030459601650253406,0.03772856826341128,-0.026762870331086312,0.006500556254279092,0.018684971272147865,0.017320286184460628,0.003597696355226318,-0.007587425362350297,-0.013252378384581497,0.021108067226686518
2020-03-02,0.01459468572049166,0.00039503558412309556,0.005247800373897368,0.0028722944051415462,-0.0034561784844051955,-0.00702476439038654,-0.01988716981570142,0.01331247013916911,-0.003236124965122489,-0.0009335915729833631,-0.012036501476730986,-0.0014271903581115596,-0.006481690177267227,0.0023655405661124063,-0.014623416894176422
2020-03-03,0.00916258447866513,0.0019410798407451732,4.263178898265135e-06,-0.005710552393197951,-0.01643142691827773,-0.0039215787899320766,0.03629319682996576,-0.02559189953951578,0.011476366370821226,0.005871071324707763,0.009521853634735563,-0.007342257734786573,-0.005882190588001601,-0.017716278074634023,0.012567833424644816
2020-03-04,0.015826158132459384,0.015692420508108085,0.02995237296919258,0.023272321511004116,-0.0110415671305037,-0.009839995859718793,-0.013636729644297123,0.01289645664088257,0.013076407378159217,0.008236900646929987,-0.005282194152189664,-0.003208855370448252,-0.004179371299771008,-0.012660381360854504,-0.01164170220683168
2020-03-05,-0.004852172339554706,-0.011921549106567522,-0.012522623946941909,-0.0016161160776189502,-0.0183674163537313,-0.014567902178182546,0.010372084219033285,-0.004365918708473417,0.023162006258980423,0.009683671379243888,0.014873959636923121,0.012603208961161738,-0.001411813788124057,-0.019170263273847223,-0.0032945177257808628
2020-03-06,-0.011212097123378284,0.003947638780226789,0.013347533473673484,0.032761654593531045,-0.01505725969775372,-0.013115900212748374,0.002551967851587719,0.010788776621993013,0.01259085579625746,0.0008158112180903371,0.005224103954190457,-0.007700645067093975,-0.003704824996275835,-0.014485566413414683,-0.014452527247161645
2020-03-09,0.005402279624959878,-0.01611588485510549,-0.032934641239547945,-0.04062536162350736,0.013847155515182556,0.010741140695861344,0.04702959303145732,-0.04787009625671326,-0.0029592760347227007,-1.0843992806222613e-05,0.013507709969562878,0.012830483086790426,-0.004456885393311724,-0.00787803276832547,0.035637433649985534
2020-03-10,0.012702085604495462,0.018276090820903805,0.024980494766787258,0.017778055306346123,-0.003769006267235857,-0.005016052824535967,-0.010731729587444179,0.020771524454312733,0.001658660117866799,-0.0007366626812495905,-0.006725468389415699,-0.009950882278916072,-0.008373516805714229,-0.007538567411772494,-0.011070415824802865
2020-03-11,-0.005020984350534399,0.004196866543815667,0.009859535372122252,0.01340243263953074,-0.011192511498520713,-0.012652283662543742,-0.01810570542013057,0.013979437676314002,0.003986034110107367,-0.0033611590865225416,-0.007171971887882864,-0.018681319641661975,-0.01090092087386145,-0.0033391026044260197,-0.0077946627700569565
2020-03-12,0.007220629513037494,0.0017495064782698591,-0.006637307259012841,-0.01810682684041022,-0.008955082047036031,0.02583160994726435,0.06489724440572994,-0.04343042576669716,0.014431762921490975,0.019845026717895342,0.021862511062541695,-0.003520539583301764,-0.002568293141823365,-0.021357791109154166,0.03818627954288597
2020-03-13,-0.009822624279694256,-0.0032351224122310895,0.010925525901943164,0.017352300715118188,0.01163099194233827,0.010097180797921476,-0.002517575792950519,0.00936635725462788,0.0029511648028688053,-0.0028416398683902416,-0.016476726698495314,-0.008748344424110877,-0.0032097378403498356,2.5813500841159742e-06,0.0034631243159491537
2020-03-16,0.01826907546299736,0.05765513511495917,0.04937189337231167,0.06231193716163788,-0.015325111006102309,-0.0028489324341051045,0.04369321580104048,-0.0065323956437501815,0.017282442960091904,0.014998719544835667,0.015727437397294406,-0.01836037291717619,-0.042549031051037876,-0.025994621244328154,-0.018757016426185588
2020-03-17,-0.007363729527369842,0.04023020211577327,0.05022003741613565,0.048434864333337865,-0.015543700380369709,-0.010327640202765921,0.027167105067939047,-0.01371479673720108,0.03347299803058011,-0.014010004420297137,0.017419732684105065,-0.02037796705918523,-0.03696608191918364,-0.05476138201431982,0.008250919427412712
2020-03-18,-0.019787345713065552,-0.08307486433331211,-0.08112438542344871,-0.08832173395701844,0.057243486607583,0.02592946425948047,-0.05072206146153932,0.02299386551340171,-0.02204703906956118,-0.009481722413596606,2.1792852897419e-05,0.02575344075013696,0.028599434571746664,0.0247905361440945,-0.009141317876368814
2020-03-19,-0.01721196584686144,-0.05466335317367066,-0.06794727650853602,-0.06380656970947676,0.028990746878229785,0.005566728494619425,-0.030245221567987642,-0.008424084707993029,-0.005236446347087038,-0.01049992433899323,-0.004696145487630723,0.0024642473974319373,0.030536199154181307,0.02023882458331963,0.005485694052697283
2020-03-20,0.017587972976073975,0.004936246927776271,0.019151768548098667,0.0026620741472739365,0.03017618282786393,0.011441565343234247,-0.009936824340438053,-0.004549453636404487,0.005148534509209865,-0.01225367895798233,-0.0015357216947212114,-0.0073866106502448944,-0.022278723484336772,-0.031128915909852218,0.006874131425520503
2020-03-23,0.013947726704938664,-0.011710954124334406,-0.023061892330235777,-0.04187228341796702,0.0005078881951687819,-0.0015086223254095754,0.030410013485920706,-0.03383636914484586,-0.02408704540128946,-0.0045968155793949875,0.0024166530180868007,-0.00077642569646863,-0.0044644692049664175,0.00684378307325683,0.018414674331048625
2020-03-24,0.0010019234857615196,-0.0657610905975241,-0.08377681278247925,-0.09284477767108591,0.019249643510487233,0.010203495957253134,-0.021176969005568806,0.003506797989615309,-0.023084760939954933,0.01292222986174222,-0.019284703822623105,0.028342567461973764,0.03649298049871483,0.06292155218280279,0.0036989414448085137
2020-03-25,0.007701487911141218,-0.03344049395990221,-0.02805032349827765,-0.04648551126225126,-0.018076466552507817,-0.00799190924863305,0.011716985396763815,0.0019884440099943237,-0.015582904125352057,0.013582773008557036,0.0032993803293021318,0.007084514501405369,-0.012328261288178037,-0.007319581208395487,0.00433762504948524
2020-03-26,-0.0026984471285646586,0.006037116753358888,0.017013231356763834,-0.0027014687366864742,-0.03749723575660499,-0.029223294160521517,-0.0129705299234248,0.010023210956711957,0.0005291224603771044,0.00709925712757975,-0.0116453563901685,-0.004564935275700892,-0.009196030594744938,-0.005507467843664477,-0.009230393056902254
2020-03-27,0.030670425088413864,0.06393396624496761,0.06956208606195805,0.06208905776870631,-0.025968706777220487,-0.026542321478326334,0.014231650694335338,-0.004870612589690385,0.03397385133987218,-0.002720883397076738,0.01795706936820974,-0.02276837295599592,-0.009408496062144694,-0.026029233507076956,-0.026145032345637857
2020-03-30,0.0027357622689248677,0.0032139842472282834,-0.00805911009082741,-0.017873168848177263,0.0035206562028792156,-0.006982755009370683,-0.015143706669163575,0.023019773715861443,-0.0114207676626652,-0.00947220713815471,-0.017862906746814063,-0.004368242722178588,-0.009780177948380804,0.0001923227565347914,-0.01426143672092603
2020-03-31,0.009100133084253496,0.025478413009668327,0.0286594973799012,0.023602585963340868,-0.02776274418455505,-0.03246636830022047,-0.0002948774203789112,0.004358617309637429,0.01484420649439435,-0.012151459319769048,-0.0012539873145230238,-0.0054897848924826825,-0.010864785507674009,-0.017859024295856334,0.0051555254202352435
